source_row,pickup_datetime,pickup_longitude,pickup_latitude,x_km,y_km,fare_amount,passenger_count,dropoff_longitude,dropoff_latitude
32038,2014-01-01 00:01:00+00:00,-73.991493000,40.735202000,0.156181782,-0.148259710,5.500000000,5,-74.001727000,40.727767000
132584,2014-01-01 00:29:37+00:00,-74.008090000,40.740434000,-1.251817087,0.416562054,8.000000000,2,-73.996088000,40.726627000
190530,2014-01-01 00:54:07+00:00,-73.981944000,40.778096000,0.907251477,4.622598508,7.500000000,1,-73.967887000,40.801430000
146803,2014-01-01 02:19:48+00:00,-74.006004000,40.745297000,-1.081803841,0.958381490,13.500000000,2,-74.012265000,40.716107000
198678,2014-01-01 02:25:00+00:00,-73.982265000,40.777045000,0.881517572,4.505614972,8.000000000,5,-73.992697000,40.758367000
175411,2014-01-01 04:16:00+00:00,-73.985685000,40.735190000,0.646620001,-0.143941848,12.500000000,1,-73.975412000,40.728922000
38546,2014-01-01 04:25:16+00:00,-73.987946000,40.728710000,0.463994686,-0.865470009,4.000000000,1,-73.980459000,40.734521000
198930,2014-01-01 04:31:42+00:00,-73.869683000,40.757334000,10.410109047,2.433857968,13.000000000,3,-73.916250000,40.761103000
91349,2014-01-01 05:19:06+00:00,-73.982499000,40.762570000,0.880407378,2.898550097,10.500000000,1,-74.003212000,40.743874000
16053,2014-01-01 06:29:06+00:00,-73.977964000,40.760273000,1.266152250,2.648014515,16.000000000,1,-73.991949000,40.713821000
65258,2014-01-01 09:39:00+00:00,-73.984177000,40.743782000,0.762917450,0.811303243,5.500000000,1,-73.991520000,40.749732000
198884,2014-01-01 10:41:28+00:00,-73.971393000,40.754893000,1.827794618,2.057275232,5.000000000,1,-73.979739000,40.762238000
95544,2014-01-01 10:44:00+00:00,-73.976075000,40.759432000,1.426687439,2.556516072,26.000000000,6,-74.007680000,40.740772000
47126,2014-01-01 11:11:00+00:00,-73.979385000,40.735667000,1.177971585,-0.084826246,16.500000000,1,-73.974825000,40.787612000
179460,2014-01-01 11:11:00+00:00,-74.004595000,40.741767000,-0.958403420,0.567874680,8.000000000,5,-74.015747000,40.704790000
3411,2014-01-01 12:38:03+00:00,-74.009728000,40.712482000,-1.355124313,-2.687858803,10.000000000,1,-74.007032000,40.748759000
109257,2014-01-01 13:44:51+00:00,-73.951848000,40.804033000,3.412488175,7.531730312,5.000000000,1,-73.950218000,40.811512000
66904,2014-01-01 14:31:00+00:00,-73.960620000,40.806667000,2.669083991,7.815317001,19.500000000,1,-73.983792000,40.743845000
66628,2014-01-01 15:22:00+00:00,-73.982917000,40.738102000,0.876602726,0.182014723,4.500000000,6,-73.979425000,40.732717000
62047,2014-01-01 18:54:00+00:00,-73.949800000,40.787482000,3.607247152,5.696499216,7.500000000,2,-73.939275000,40.804342000
105891,2014-01-01 22:14:00+00:00,-73.989115000,40.730977000,0.362378316,-0.614954642,11.000000000,1,-73.961323000,40.760332000
39264,2014-01-02 00:09:24+00:00,-73.864136000,40.770814000,10.858968343,3.936294512,42.000000000,1,-73.963592000,40.652377000
185891,2014-01-02 00:24:00+00:00,-73.776807000,40.645537000,18.422749266,-9.871318271,41.000000000,6,-73.943012000,40.723220000
123372,2014-01-02 06:47:00+00:00,-73.950820000,40.771012000,3.543055789,3.867167442,8.500000000,2,-73.973522000,40.759612000
24157,2014-01-02 07:53:11+00:00,-73.969305000,40.798303000,1.947429765,6.878194000,8.000000000,1,-73.978550000,40.782303000
16710,2014-01-02 07:54:00+00:00,-73.967237000,40.792782000,2.129103612,6.267370479,5.000000000,1,-73.964607000,40.801637000
19915,2014-01-02 08:11:16+00:00,-73.946108000,40.773189000,3.937817283,4.113598180,9.000000000,1,-73.970065000,40.764623000
96730,2014-01-02 12:29:00+00:00,-73.956340000,40.778292000,3.067585987,4.669748062,5.000000000,1,-73.952237000,40.784810000
47070,2014-01-02 14:00:00+00:00,-73.948128000,40.789592000,3.745509693,5.932417186,10.000000000,6,-73.978715000,40.785797000
70405,2014-01-02 14:15:00+00:00,-73.964182000,40.672170000,2.544803554,-7.118372078,20.000000000,1,-73.957397000,40.716717000
188719,2014-01-02 14:29:00+00:00,-73.980870000,40.767692000,1.011298090,3.468726618,10.000000000,1,-73.958467000,40.783237000
117482,2014-01-02 15:08:00+00:00,-73.862705000,40.768495000,10.983074350,3.680430938,51.830000000,6,-74.010010000,40.721137000
42894,2014-01-02 15:29:20+00:00,-73.968998000,40.785595000,1.989913971,5.467807076,6.000000000,1,-73.981742000,40.776218000
115824,2014-01-02 15:49:00+00:00,-73.995507000,40.728317000,-0.174012945,-0.916427854,11.000000000,1,-74.016625000,40.707992000
74961,2014-01-02 15:50:59+00:00,-73.969342000,40.757030000,1.998142328,2.296529534,9.500000000,1,-73.974888000,40.777600000
58099,2014-01-02 17:16:48+00:00,-73.789430000,40.646963000,17.353252816,-9.727790924,57.330000000,2,-73.984414000,40.760536000
176105,2014-01-02 17:25:42+00:00,-73.870683000,40.773608000,10.302443852,4.239318244,28.330000000,1,-73.947620000,40.796340000
157717,2014-01-02 18:24:08+00:00,-73.966260000,40.767102000,2.245126693,3.417658137,7.500000000,1,-73.984263000,40.775305000
164604,2014-01-02 18:59:52+00:00,-73.993841000,40.723676000,-0.027419522,-1.429999454,13.500000000,1,-73.987622000,40.760134000
46457,2014-01-02 19:09:00+00:00,-73.982413000,40.767525000,0.881286817,3.448676764,5.500000000,1,-73.982362000,40.774552000
92447,2014-01-02 21:22:00+00:00,-73.956318000,40.779977000,3.067216799,4.856818571,4.000000000,1,-73.960375000,40.772777000
23258,2014-01-03 19:05:00+00:00,-73.979677000,40.756008000,1.127067180,2.172885033,6.000000000,1,-73.983043000,40.762782000
141835,2014-01-03 21:02:00+00:00,-73.962295000,40.779070000,2.564052858,4.750150230,15.500000000,1,-73.977887000,40.734287000
193098,2014-01-03 21:09:00+00:00,-74.015727000,40.708735000,-1.857185860,-3.109495451,5.000000000,1,-74.011558000,40.714972000
183864,2014-01-03 21:11:43+00:00,-73.976675000,40.751824000,1.385890622,1.711380828,4.500000000,1,-73.984066000,40.754840000
3115,2014-01-04 00:32:16+00:00,-74.004004000,40.748017000,-0.916377400,1.262234926,8.000000000,2,-73.985186000,40.763371000
18447,2014-01-04 01:00:00+00:00,-73.974022000,40.747330000,1.615683871,1.215128760,19.000000000,6,-73.964792000,40.803382000
173623,2014-01-04 02:05:00+00:00,-74.002950000,40.733602000,-0.809220572,-0.336920799,11.000000000,1,-73.986890000,40.765092000
182993,2014-01-04 02:35:00+00:00,-73.930137000,40.694097000,5.392622810,-4.649872664,14.000000000,5,-73.987315000,40.724877000
160999,2014-01-04 09:30:26+00:00,-73.975554000,40.757487000,1.473184965,2.341119818,12.000000000,4,-73.997844000,40.723981000
96364,2014-01-04 10:58:00+00:00,-74.005870000,40.745222000,-1.070396414,0.950184084,5.500000000,5,-74.000067000,40.738152000
50494,2014-01-04 11:52:49+00:00,-73.999403000,40.734078000,-0.510309964,-0.280674025,6.000000000,1,-74.009045000,40.734757000
100403,2014-01-04 12:36:51+00:00,-73.963095000,40.762431000,2.518377175,2.902293563,16.000000000,1,-74.005777000,40.737797000
40838,2014-01-04 12:45:00+00:00,-73.967975000,40.765292000,2.102745976,3.215030226,4.500000000,1,-73.961692000,40.771862000
150124,2014-01-04 13:22:00+00:00,-73.977495000,40.749372000,1.319838862,1.438384046,6.500000000,1,-73.993065000,40.751825000
173738,2014-01-04 13:28:00+00:00,-73.973917000,40.791492000,1.567211712,6.117554038,14.500000000,1,-73.937788000,40.804460000
142846,2014-01-04 15:23:41+00:00,-73.974101000,40.754662000,1.599500342,2.028956662,20.500000000,1,-73.995796000,40.691640000
80076,2014-01-04 17:26:29+00:00,-73.994196000,40.741389000,-0.079926255,0.535922254,8.000000000,1,-73.973882000,40.750056000
159747,2014-01-04 17:33:00+00:00,-73.993595000,40.742247000,-0.030274995,0.631747919,7.500000000,6,-73.978532000,40.752742000
58640,2014-01-04 19:13:00+00:00,-73.955452000,40.718082000,3.222064550,-2.013115014,9.500000000,1,-73.989077000,40.718917000
87045,2014-01-04 19:16:00+00:00,-73.978320000,40.752075000,1.246698302,1.737625742,8.000000000,3,-73.979122000,40.763750000
88624,2014-01-04 19:44:55+00:00,-74.005621000,40.745796000,-1.050096082,1.014140275,20.000000000,1,-73.964976000,40.714282000
52275,2014-01-04 20:18:00+00:00,-74.006300000,40.733332000,-1.091759203,-0.370099777,15.500000000,1,-73.975018000,40.749792000
166691,2014-01-04 20:57:00+00:00,-73.976647000,40.760172000,1.377447710,2.638098385,4.000000000,5,-73.969562000,40.752755000
140661,2014-01-04 20:59:00+00:00,-73.952477000,40.808680000,3.353266565,8.046952622,7.000000000,1,-73.966802000,40.804212000
135671,2014-01-04 21:47:51+00:00,-73.973746000,40.753341000,1.631182371,1.882666265,6.500000000,1,-73.985487000,40.744557000
142139,2014-01-04 22:14:00+00:00,-73.871503000,40.773852000,10.232894715,4.265513716,43.330000000,2,-73.985733000,40.757327000
166623,2014-01-04 23:21:00+00:00,-73.981995000,40.773167000,0.909297706,4.075391283,33.000000000,1,-73.919332000,40.688842000
172036,2014-01-04 23:31:21+00:00,-74.005027000,40.741049000,-0.993974126,0.487758132,5.000000000,1,-74.005869000,40.733448000
175423,2014-01-05 00:14:00+00:00,-73.991853000,40.726012000,0.137497387,-1.168762011,14.000000000,1,-73.986247000,40.762287000
54257,2014-01-05 02:04:00+00:00,-73.789278000,40.647365000,17.365490315,-9.682989402,52.000000000,3,-73.977277000,40.779447000
136826,2014-01-05 02:40:00+00:00,-73.953270000,40.822785000,3.267680787,9.611930842,9.500000000,1,-73.978937000,40.744522000
119615,2014-01-05 03:12:00+00:00,-74.003173000,40.752197000,-0.851492099,1.727041388,21.000000000,1,-73.951295000,40.804735000
123529,2014-01-05 04:18:35+00:00,-73.996430000,40.763545000,-0.296670547,2.993240255,6.500000000,1,-73.985290000,40.767521000
23792,2014-01-05 05:20:00+00:00,-73.953992000,40.766237000,3.281677756,3.333908588,14.000000000,1,-74.003265000,40.756442000
107430,2014-01-05 14:10:00+00:00,-73.996510000,40.737492000,-0.270355261,0.101091874,8.500000000,1,-73.975062000,40.741467000
152067,2014-01-05 14:34:00+00:00,-73.976015000,40.740350000,1.456466089,0.438333577,21.500000000,1,-73.955597000,40.702997000
39756,2014-01-05 14:57:00+00:00,-73.999207000,40.724992000,-0.482263216,-1.289093307,8.500000000,5,-74.011555000,40.709395000
19156,2014-01-05 17:52:00+00:00,-73.960703000,40.797280000,2.674435616,6.773198451,4.000000000,1,-73.966765000,40.792575000
16916,2014-01-05 19:08:00+00:00,-73.962982000,40.758322000,2.533305619,2.446276138,10.500000000,6,-73.990632000,40.751127000
74987,2014-01-05 19:33:00+00:00,-73.959537000,40.809497000,2.756705088,8.130554662,19.000000000,2,-73.960317000,40.761867000
43425,2014-01-05 19:58:00+00:00,-73.979783000,40.730144000,1.151489342,-0.698308407,6.500000000,1,-73.979783000,40.730144000
177686,2014-01-05 21:31:00+00:00,-73.955550000,40.768597000,3.147063676,3.594320329,5.000000000,1,-73.964675000,40.762340000
164136,2014-01-05 22:54:00+00:00,-73.985138000,40.723757000,0.707477675,-1.412549797,10.000000000,1,-74.002667000,40.742397000
80788,2014-01-05 23:46:00+00:00,-73.979122000,40.766907000,1.159839975,3.383300808,6.000000000,3,-73.976935000,40.758675000
10220,2014-01-06 00:47:09+00:00,-73.959462000,40.711472000,2.892069236,-2.750890226,7.000000000,3,-73.947479000,40.711286000
16219,2014-01-06 01:23:14+00:00,-74.002876000,40.733866000,-0.803304765,-0.307544018,6.000000000,1,-74.007349000,40.740866000
94187,2014-01-06 02:04:00+00:00,-73.862415000,40.768882000,11.006992590,3.723708472,27.500000000,1,-73.984058000,40.757620000
104685,2014-01-06 07:40:40+00:00,-73.979590000,40.771245000,1.114740236,3.864392519,6.500000000,2,-73.980609000,40.783026000
19921,2014-01-06 08:05:00+00:00,-73.993918000,40.756782000,-0.076041680,2.244925193,10.500000000,1,-73.995567000,40.759462000
82256,2014-01-06 09:09:37+00:00,-73.946965000,40.791625000,3.840922596,6.159274522,8.000000000,2,-73.939356000,40.805407000
164444,2014-01-06 09:19:12+00:00,-73.954327000,40.766101000,3.253583667,3.318474501,13.500000000,1,-73.976444000,40.760208000
195974,2014-01-06 09:35:00+00:00,-73.987600000,40.732420000,0.488464717,-0.453297586,10.000000000,1,-74.007267000,40.742592000
144918,2014-01-06 12:14:50+00:00,-73.872512000,40.774162000,10.147302119,4.298831360,2.500000000,1,0.000000000,0.000000000
89576,2014-01-06 13:05:34+00:00,-73.982236000,40.754522000,0.912967678,2.005419633,5.500000000,2,-73.990149000,40.750796000
47404,2014-01-06 15:26:04+00:00,-74.007439000,40.741871000,-1.198655215,0.576700393,9.500000000,1,-73.995823000,40.768946000
46301,2014-01-06 15:58:00+00:00,-73.973008000,40.756515000,1.689358286,2.235732620,8.500000000,5,-73.959838000,40.770747000
80306,2014-01-06 17:14:00+00:00,-73.961123000,40.774737000,2.668647342,4.270323695,8.500000000,1,-73.952943000,40.785962000
165573,2014-01-06 17:56:00+00:00,-73.982557000,40.762812000,0.875200406,2.925357149,6.000000000,3,-73.995550000,40.762227000
17831,2014-01-06 19:41:52+00:00,-73.974815000,40.762958000,1.528469141,2.949170436,7.000000000,1,-73.958832000,40.761570000
187615,2014-01-06 20:47:46+00:00,-73.996227000,40.726627000,-0.232670799,-1.104724673,15.500000000,1,-73.956320000,40.775425000
166319,2014-01-06 21:32:00+00:00,-73.975880000,40.761147000,1.440925159,2.747086036,6.000000000,1,-73.985870000,40.758375000
163255,2014-01-06 22:06:36+00:00,-73.981672000,40.749559000,0.966970225,1.455042581,5.500000000,1,-73.989899000,40.756468000
37290,2014-01-06 22:12:29+00:00,-73.985272000,40.736475000,0.679844648,-0.000894850,4.500000000,1,-73.996519000,40.741241000
60306,2014-01-06 22:44:44+00:00,-74.010168000,40.720643000,-1.402500339,-1.782353550,7.000000000,1,-74.001125000,40.739097000
163522,2014-01-06 22:58:00+00:00,-73.957938000,40.714057000,3.017395966,-2.462411703,4.500000000,1,-73.952802000,40.707485000
27919,2014-01-06 23:06:00+00:00,-73.976275000,40.788445000,1.372220505,5.776987342,10.000000000,1,-73.954603000,40.807472000
73696,2014-01-06 23:27:00+00:00,-73.953353000,40.775857000,3.322868696,4.402447085,15.500000000,1,-74.004335000,40.742402000
76332,2014-01-07 06:40:00+00:00,-73.993317000,40.736382000,0.000662703,-0.019039161,3.000000000,1,-73.994877000,40.733372000
14713,2014-01-07 07:12:04+00:00,-73.993581000,40.736362000,-0.021603393,-0.021514883,7.500000000,1,-73.974280000,40.747505000
156249,2014-01-07 07:39:00+00:00,-73.964040000,40.756957000,2.445788642,2.293696007,11.500000000,1,-73.985532000,40.773570000
156789,2014-01-07 07:54:36+00:00,-73.993848000,40.732515000,-0.039254140,-0.448816980,15.500000000,2,-73.992870000,40.734017000
41774,2014-01-07 08:58:32+00:00,-73.963426000,40.755905000,2.498996910,2.177528157,25.000000000,1,-74.013624000,40.714917000
59838,2014-01-07 10:03:00+00:00,-73.863040000,40.768780000,10.954391145,3.711701832,41.830000000,1,-73.976360000,40.747387000
3509,2014-01-07 13:03:00+00:00,-73.945367000,40.833570000,3.919719312,10.817152405,11.000000000,2,-73.947822000,40.804767000
187319,2014-01-07 14:09:34+00:00,-73.989711000,40.754773000,0.281646563,2.025991340,5.500000000,1,-73.986834000,40.765010000
23846,2014-01-07 14:44:00+00:00,-73.993895000,40.746382000,-0.060865401,1.090471998,4.500000000,2,-73.996292000,40.738757000
121297,2014-01-07 15:18:33+00:00,-73.877237000,40.770244000,9.754124251,3.858786566,17.500000000,1,-73.904260000,40.721917000
14366,2014-01-07 15:22:00+00:00,-73.966113000,40.761942000,2.264282989,2.845004905,8.000000000,2,-73.953078000,40.776737000
95790,2014-01-07 15:41:00+00:00,-73.862725000,40.769065000,10.980566143,3.743683780,24.500000000,1,-73.957580000,40.713047000
123261,2014-01-07 16:01:51+00:00,-74.000339000,40.748477000,-0.607548959,1.316815830,7.500000000,2,-73.990251000,40.737457000
173164,2014-01-07 16:08:00+00:00,-73.974933000,40.790485000,1.482800505,6.004766400,6.000000000,1,-73.983767000,40.782087000
154665,2014-01-07 16:16:54+00:00,-73.990070000,40.746734000,0.261610763,1.133255167,6.500000000,1,-73.977055000,40.764164000
42706,2014-01-07 18:16:00+00:00,-73.960247000,40.769700000,2.749199546,3.712053192,15.500000000,1,-73.990085000,40.751370000
162663,2014-01-07 18:18:48+00:00,-73.982815000,40.733915000,0.890600414,-0.282671886,22.500000000,1,-73.907405000,40.739135000
193561,2014-01-07 20:07:00+00:00,-73.978860000,40.755217000,1.197054266,2.085880354,5.000000000,1,-73.987737000,40.748585000
9062,2014-01-07 20:31:34+00:00,-73.953325000,40.782649000,3.316234504,5.156441495,6.500000000,2,-73.952273000,40.771356000
154266,2014-01-07 21:04:00+00:00,-73.982495000,40.764952000,0.877678599,3.162973975,9.000000000,1,-73.952765000,40.766297000
3370,2014-01-07 21:24:00+00:00,-73.967530000,40.760707000,2.146293617,2.706502240,16.000000000,1,-73.975130000,40.787767000
160816,2014-01-07 22:04:56+00:00,-73.984198000,40.720726000,0.790756169,-1.748093366,16.500000000,1,-73.971930000,40.681056000
67744,2014-01-07 23:02:00+00:00,-73.965807000,40.712802000,2.354373131,-2.609581333,11.500000000,1,-73.925655000,40.708500000
188716,2014-01-07 23:02:00+00:00,-74.003415000,40.732390000,-0.846958524,-0.471906926,21.000000000,2,-73.985517000,40.662900000
104419,2014-01-07 23:30:42+00:00,-73.986216000,40.756772000,0.574111498,2.251297423,5.500000000,1,-73.980681000,40.764812000
20754,2014-01-07 23:49:00+00:00,-73.984700000,40.726635000,0.740774419,-1.092644600,4.500000000,1,-73.974698000,40.749257000
133547,2014-01-08 06:09:35+00:00,-73.953314000,40.779566000,3.321246783,4.814214855,5.000000000,1,-73.960669000,40.770185000
49009,2014-01-08 07:24:00+00:00,-73.967257000,40.766225000,2.162126930,3.319313432,6.000000000,5,-73.957872000,40.779032000
73316,2014-01-08 08:13:32+00:00,-73.981972000,40.776915000,0.906410233,4.491470872,3.500000000,3,-73.978930000,40.782357000
197131,2014-01-08 08:36:52+00:00,-74.004097000,40.747625000,-0.923734979,1.218631038,5.500000000,1,-73.996729000,40.741471000
178654,2014-01-08 08:39:53+00:00,-73.996527000,40.723645000,-0.254222949,-1.436036368,8.000000000,1,-73.978215000,40.734224000
44325,2014-01-08 08:46:00+00:00,-73.991907000,40.749165000,0.103423260,1.401330786,8.500000000,1,-73.975860000,40.748895000
142959,2014-01-08 09:07:00+00:00,-74.003252000,40.747472000,-0.852204312,1.202456741,10.000000000,5,-73.997205000,40.732647000
91824,2014-01-08 09:20:00+00:00,-73.865837000,40.771035000,10.715095881,3.958970009,32.500000000,5,-74.005117000,40.723732000
84319,2014-01-08 12:34:52+00:00,-74.005961000,40.717320000,-1.043012256,-2.147215048,15.500000000,1,-73.975879000,40.758036000
160014,2014-01-08 13:19:00+00:00,-73.968727000,40.760842000,2.045082301,2.720300113,10.000000000,5,-73.982675000,40.745017000
16126,2014-01-08 14:13:11+00:00,-73.977646000,40.758482000,1.295310215,2.449512797,6.000000000,2,-73.990260000,40.756872000
66157,2014-01-08 14:49:00+00:00,-73.983485000,40.744162000,0.820853365,0.854162333,4.000000000,1,-73.978750000,40.750497000
111027,2014-01-08 14:57:00+00:00,-73.960240000,40.766297000,2.754267297,3.334300869,13.000000000,1,-73.983092000,40.731552000
195664,2014-01-08 15:51:00+00:00,-73.982008000,40.747212000,0.941626588,1.194179487,57.330000000,3,-73.783597000,40.643687000
32019,2014-01-08 16:10:26+00:00,-74.005053000,40.747964000,-1.004870350,1.255347113,10.000000000,2,-73.978307000,40.758787000
61183,2014-01-08 17:22:00+00:00,-73.953497000,40.767255000,3.322107856,3.447412680,12.000000000,1,-73.991697000,40.770390000
79207,2014-01-08 18:03:00+00:00,-74.009392000,40.715282000,-1.330248737,-2.376720645,6.000000000,1,-74.005222000,40.707122000
9529,2014-01-08 20:23:02+00:00,-73.992398000,40.725311000,0.092364632,-1.247106051,22.000000000,2,-73.979441000,40.780405000
117236,2014-01-08 21:01:00+00:00,-73.993337000,40.720210000,0.019555696,-1.814260859,8.000000000,4,-73.962675000,40.710097000
117415,2014-01-08 22:17:00+00:00,-73.969842000,40.762937000,1.948238305,2.951755461,10.500000000,2,-73.971512000,40.761997000
196497,2014-01-08 22:20:55+00:00,-73.972910000,40.755392000,1.699089741,2.111168077,10.000000000,1,-73.996635000,40.732089000
105976,2014-01-08 23:08:29+00:00,-73.975886000,40.754440000,1.449107818,2.002553066,7.000000000,1,-73.972493000,40.743408000
127460,2014-01-09 00:59:53+00:00,-73.962592000,40.767312000,2.554426315,3.444623819,9.500000000,1,-73.985562000,40.747250000
6212,2014-01-09 07:58:00+00:00,-73.983757000,40.764855000,0.771288528,3.150971759,4.500000000,1,-73.976030000,40.763590000
51829,2014-01-09 09:23:56+00:00,-73.998807000,40.761168000,-0.494286384,2.727083581,12.500000000,1,-73.963278000,40.765940000
151800,2014-01-09 10:36:00+00:00,-73.776688000,40.645533000,18.432817300,-9.871622348,32.500000000,1,-73.736412000,40.750233000
825,2014-01-09 15:44:36+00:00,-74.002613000,40.740025000,-0.788864378,0.376399966,7.500000000,1,-73.984355000,40.736992000
9536,2014-01-09 18:38:00+00:00,-73.784722000,40.648612000,17.748792113,-9.539251079,57.330000000,2,-73.982027000,40.763687000
89440,2014-01-09 19:54:00+00:00,-73.919945000,40.741545000,6.188983430,0.627723772,7.500000000,2,-73.902232000,40.753762000
151660,2014-01-09 20:42:00+00:00,-73.967635000,40.787867000,2.101948873,5.721370209,7.500000000,2,-73.955935000,40.784902000
9120,2014-01-09 21:06:16+00:00,-73.963824000,40.792956000,2.416817945,6.290082764,10.000000000,1,-73.959965000,40.770801000
171371,2014-01-09 21:45:00+00:00,-73.947282000,40.775687000,3.835414132,4.389706368,10.500000000,1,-73.955062000,40.769330000
31357,2014-01-09 22:05:35+00:00,-73.978517000,40.728893000,1.260013111,-0.835935055,16.500000000,1,-73.947718000,40.787530000
34976,2014-01-09 22:31:52+00:00,-73.991864000,40.684753000,0.189130066,-5.748785802,10.500000000,1,-73.962960000,40.660564000
57670,2014-01-09 23:06:53+00:00,-73.977327000,40.758556000,1.322141201,2.458041115,14.500000000,1,-73.981596000,40.724639000
109402,2014-01-09 23:16:00+00:00,-73.825775000,40.712022000,14.183739887,-2.547461335,23.000000000,2,-73.925030000,40.744512000
130505,2014-01-10 00:59:00+00:00,-74.002640000,40.734292000,-0.783913943,-0.260028727,6.500000000,1,-74.004357000,40.721727000
124265,2014-01-10 02:50:00+00:00,-73.974220000,40.757025000,1.586388812,2.291149808,9.000000000,1,-73.977282000,40.733862000
6142,2014-01-10 06:46:17+00:00,-73.957791000,40.779640000,2.943365648,4.817930934,11.000000000,1,-73.984685000,40.748392000
142225,2014-01-10 07:30:09+00:00,-73.995535000,40.741474000,-0.193087792,0.544063335,6.000000000,1,-73.984319000,40.754894000
172394,2014-01-10 09:30:00+00:00,-74.005948000,40.726977000,-1.054048974,-1.075211467,10.000000000,1,-74.009110000,40.711192000
177486,2014-01-10 11:55:00+00:00,-73.971225000,40.760340000,1.834887396,2.662099240,6.500000000,1,-73.976552000,40.750512000
164580,2014-01-10 12:43:00+00:00,-73.966137000,40.767637000,2.254807917,3.477169575,7.000000000,1,-73.956062000,40.777882000
124793,2014-01-10 13:07:55+00:00,-73.964051000,40.768015000,2.430367192,3.521207230,18.000000000,1,-73.986783000,40.714396000
121146,2014-01-10 13:27:01+00:00,-73.992635000,40.750949000,0.039691345,1.598662028,14.000000000,1,-73.965332000,40.758454000
146696,2014-01-10 14:40:27+00:00,-73.978610000,40.756698000,1.216244245,2.250527929,3.500000000,1,-73.982313000,40.751411000
152415,2014-01-10 15:01:00+00:00,-73.988890000,40.739687000,0.370242729,0.352134910,21.500000000,1,-73.943287000,40.786832000
115451,2014-01-10 15:37:00+00:00,-73.972720000,40.753222000,1.717948132,1.870469719,4.500000000,1,-73.958502000,40.781232000
54833,2014-01-10 17:32:00+00:00,-73.976765000,40.776590000,1.346231319,4.460505946,21.500000000,1,-74.014277000,40.709652000
90909,2014-01-10 17:48:54+00:00,-73.984398000,40.768857000,0.712044498,3.594597695,16.500000000,2,-73.981682000,40.756150000
9695,2014-01-10 18:41:06+00:00,-73.993679000,40.732763000,-0.025298891,-0.421123711,17.500000000,2,-73.977910000,40.788687000
97427,2014-01-10 18:48:59+00:00,-73.964727000,40.759890000,2.383956515,2.618596722,12.000000000,1,-73.989528000,40.730442000
73094,2014-01-10 19:44:00+00:00,-73.981170000,40.770127000,0.982839616,3.738736161,3.500000000,1,-73.981770000,40.771817000
114299,2014-01-10 21:02:45+00:00,-73.975159000,40.754043000,1.510992107,1.959199555,9.500000000,1,-73.991089000,40.733412000
167251,2014-01-10 21:22:00+00:00,-74.015945000,40.711417000,-1.878936280,-2.811982700,13.000000000,1,-73.996235000,40.748510000
44198,2014-01-10 21:36:08+00:00,-73.980869000,40.745358000,1.040175212,0.989488006,10.000000000,1,-73.999722000,40.731006000
169975,2014-01-10 22:10:21+00:00,-73.990716000,40.728338000,0.230550060,-0.909457103,8.500000000,1,-74.004422000,40.719332000
80112,2014-01-10 22:14:35+00:00,-74.001180000,40.684147000,-0.597334719,-5.825044385,8.000000000,1,-73.987010000,40.697517000
21458,2014-01-10 22:53:52+00:00,-73.987931000,40.718592000,0.478206293,-1.988621841,8.000000000,1,-73.974730000,40.741017000
33349,2014-01-10 23:16:41+00:00,-73.989325000,40.726071000,0.350913642,-1.159758388,8.500000000,2,-74.002603000,40.734204000
199387,2014-01-10 23:31:53+00:00,-73.973372000,40.751778000,1.664783733,1.709530997,6.000000000,1,-73.972064000,40.762844000
108270,2014-01-11 00:06:00+00:00,-73.988702000,40.736735000,0.389891243,0.024625003,12.500000000,1,-73.957497000,40.782687000
61674,2014-01-11 09:52:00+00:00,-73.978735000,40.762390000,1.198338860,2.882259711,5.500000000,2,-73.984435000,40.754482000
115400,2014-01-11 14:00:00+00:00,-73.962360000,40.805595000,2.523725539,7.694577293,11.000000000,5,-73.981047000,40.780787000
69642,2014-01-11 15:03:57+00:00,-73.983573000,40.725800000,0.837022570,-1.184234198,9.500000000,1,-74.004535000,40.738285000
177872,2014-01-11 16:20:00+00:00,-73.977510000,40.744462000,1.324922077,0.893323685,20.000000000,5,-73.906402000,40.741530000
54054,2014-01-11 17:58:00+00:00,-73.955110000,40.779953000,3.169182798,4.855367998,4.000000000,1,-73.959092000,40.783430000
69451,2014-01-11 18:48:33+00:00,-73.951148000,40.770487000,3.516071316,3.808557325,5.500000000,2,-73.944729000,40.780054000
176805,2014-01-11 19:31:00+00:00,-73.993012000,40.729967000,0.034583876,-0.730853164,8.000000000,1,-73.979830000,40.717865000
148028,2014-01-11 19:35:00+00:00,-73.966872000,40.753402000,2.211380428,1.896246196,17.000000000,1,-74.007062000,40.709982000
176937,2014-01-11 20:50:13+00:00,-73.990996000,40.751612000,0.177208367,1.673849286,15.000000000,1,-74.000356000,40.722382000
135149,2014-01-11 20:57:53+00:00,-73.989043000,40.773552000,0.314016222,4.111250850,5.500000000,1,-73.993850000,40.764903000
192041,2014-01-11 21:22:10+00:00,-73.994650000,40.746151000,-0.124312584,1.064098977,10.000000000,1,-73.991431000,40.727754000
192579,2014-01-11 22:25:00+00:00,-74.000585000,40.729972000,-0.604930341,-0.737605031,17.500000000,1,-73.949720000,40.776585000
40019,2014-01-11 23:41:00+00:00,-73.985945000,40.722620000,0.640781068,-1.539551846,10.500000000,1,-74.005593000,40.725657000
68841,2014-01-11 23:46:21+00:00,-74.001299000,40.729318000,-0.664398843,-0.810889548,11.500000000,1,-73.977808000,40.763201000
99836,2014-01-11 23:47:00+00:00,-73.999617000,40.728440000,-0.521249231,-0.906736548,8.000000000,1,-73.983017000,40.723507000
128324,2014-01-12 01:17:04+00:00,-73.951976000,40.777617000,3.436736548,4.599208480,11.500000000,2,-73.984054000,40.743508000
118483,2014-01-12 02:03:00+00:00,-73.933093000,40.704268000,5.129155145,-3.523861475,29.500000000,3,-73.827622000,40.708533000
123042,2014-01-12 09:47:00+00:00,-74.002385000,40.716350000,-0.739753948,-2.251466665,7.000000000,6,-74.006382000,40.704380000
49694,2014-01-12 12:36:50+00:00,-73.993309000,40.746931000,-0.012091314,1.151982193,6.000000000,1,-74.002507000,40.755964000
125880,2014-01-12 13:19:54+00:00,-73.989999000,40.756891000,0.254629213,2.260825077,12.000000000,2,-74.003162000,40.731469000
86988,2014-01-12 15:25:00+00:00,-73.966100000,40.762177000,2.265072874,2.871104619,7.500000000,5,-73.950040000,40.777117000
15718,2014-01-12 16:52:24+00:00,-73.997859000,40.713723000,-0.354147074,-2.538728695,22.500000000,1,-73.982379000,40.764672000
10815,2014-01-12 17:45:00+00:00,-73.952188000,40.786500000,3.407066420,5.585079181,8.500000000,1,-73.947907000,40.771287000
16442,2014-01-12 18:23:58+00:00,-73.994886000,40.719679000,-0.110595309,-1.874703893,5.000000000,1,-73.994699000,40.725864000
198895,2014-01-12 18:42:58+00:00,-73.976738000,40.683616000,1.468791749,-5.860226911,6.000000000,1,-73.963100000,40.675708000
170038,2014-01-12 18:51:59+00:00,-73.978872000,40.736604000,1.220078775,0.019691064,10.000000000,1,-73.994954000,40.718291000
63147,2014-01-12 19:53:57+00:00,-73.978565000,40.745106000,1.235019128,0.963775276,12.000000000,3,-73.948172000,40.782982000
195226,2014-01-12 21:05:22+00:00,-73.982915000,40.749268000,0.862409198,1.421522670,30.000000000,2,-73.944897000,40.667172000
116330,2014-01-12 21:54:55+00:00,-73.978852000,40.761332000,1.189830304,2.764698815,6.500000000,2,-73.984796000,40.750892000
110393,2014-01-13 00:00:00+00:00,-73.992595000,40.720422000,0.081953669,-1.790008817,14.500000000,1,-73.951990000,40.773127000
190408,2014-01-13 03:28:00+00:00,-73.947170000,40.726960000,3.909754710,-1.019242361,12.500000000,5,-73.983160000,40.696360000
40138,2014-01-13 04:19:37+00:00,-73.922973000,40.743939000,5.930064250,0.890334377,11.000000000,1,-73.906775000,40.779257000
170577,2014-01-13 06:26:01+00:00,-73.955992000,40.781956000,3.092110646,5.076830781,9.500000000,1,-73.979507000,40.754896000
24855,2014-01-13 07:02:00+00:00,-73.950507000,40.779680000,3.557959012,4.829700092,9.000000000,5,-73.970837000,40.761302000
175639,2014-01-13 07:48:00+00:00,-73.982040000,40.775302000,0.902749856,4.312348738,6.500000000,1,-73.983325000,40.760972000
135878,2014-01-13 07:55:00+00:00,-73.976473000,40.766163000,1.384376741,3.303315985,14.500000000,5,-73.952520000,40.778305000
38239,2014-01-13 08:29:07+00:00,-74.015039000,40.708887000,-1.799257944,-3.091971035,4.500000000,1,-74.014559000,40.714317000
88550,2014-01-13 11:44:29+00:00,-73.977268000,40.754145000,1.332828059,1.968445385,3.000000000,1,-73.977255000,40.754471000
129976,2014-01-13 14:22:59+00:00,-73.997603000,40.746481000,-0.374038893,1.097879942,19.000000000,1,-73.953986000,40.803901000
73371,2014-01-13 16:46:00+00:00,-73.982812000,40.772755000,0.840880421,4.028856317,9.500000000,4,-73.979417000,40.761202000
188455,2014-01-13 16:46:00+00:00,-73.957807000,40.765552000,2.960594794,3.254036519,10.500000000,2,-73.979797000,40.782072000
27428,2014-01-13 17:32:00+00:00,-73.972697000,40.793530000,1.667490310,6.344993697,3.500000000,1,-73.974107000,40.790770000
69320,2014-01-13 17:43:52+00:00,-73.993554000,40.751941000,-0.039152772,1.707891143,8.500000000,1,-73.980805000,40.748593000
53970,2014-01-13 18:57:00+00:00,-73.993217000,40.747495000,-0.005042429,1.214679329,8.000000000,2,-73.994868000,40.728702000
55547,2014-01-13 20:03:00+00:00,-73.864267000,40.770127000,10.848899961,3.859888665,32.000000000,2,-74.005287000,40.727417000
89900,2014-01-13 20:22:00+00:00,-73.974888000,40.751817000,1.536755050,1.712364320,6.000000000,1,-73.990125000,40.751330000
161621,2014-01-13 22:11:30+00:00,-73.977208000,40.764373000,1.324659043,3.103888963,26.500000000,3,-73.928002000,40.697753000
80242,2014-01-13 22:49:03+00:00,-73.783572000,40.648630000,17.845996412,-9.535908672,57.330000000,2,-73.997497000,40.755922000
42317,2014-01-14 08:22:00+00:00,-73.978785000,40.763587000,1.192572100,3.015086624,8.500000000,5,-73.956438000,40.780822000
113677,2014-01-14 09:58:08+00:00,-73.987332000,40.756266000,0.480555994,2.194039986,7.000000000,1,-73.989724000,40.741399000
112228,2014-01-14 10:53:18+00:00,-73.988550000,40.727339000,0.414741585,-1.018248130,7.000000000,1,-74.005524000,40.727564000
121878,2014-01-14 11:12:13+00:00,-73.974837000,40.763527000,1.525874258,3.012312048,13.000000000,1,-73.986803000,40.753632000
199506,2014-01-14 12:21:00+00:00,-73.986072000,40.741037000,0.606445455,0.504738857,10.500000000,2,-73.987182000,40.752845000
124400,2014-01-14 15:10:00+00:00,-73.957983000,40.784682000,2.920514524,5.377440840,9.500000000,1,-73.968513000,40.764665000
177424,2014-01-14 15:22:00+00:00,-73.974995000,40.750012000,1.530062432,1.511890569,12.000000000,5,-73.971615000,40.765262000
198539,2014-01-14 15:44:00+00:00,-73.965208000,40.771932000,2.327590192,3.954872192,12.500000000,1,-73.967073000,40.800067000
47428,2014-01-14 15:45:00+00:00,-73.968727000,40.767212000,2.036771035,3.427418636,5.000000000,2,-73.961377000,40.776372000
183790,2014-01-14 15:57:27+00:00,-73.952089000,40.778146000,3.426499417,4.657817768,6.500000000,1,-73.954286000,40.765946000
78738,2014-01-14 17:02:36+00:00,-74.016298000,40.710852000,-1.908051482,-2.875035309,13.500000000,1,-73.992077000,40.738112000
75001,2014-01-14 17:11:28+00:00,-73.987873000,40.779408000,0.405252665,4.762450780,14.000000000,1,-74.005261000,40.737464000
63250,2014-01-14 17:30:21+00:00,-73.870865000,40.774121000,10.286351655,4.296067803,44.830000000,1,-73.989858000,40.750293000
66878,2014-01-14 17:37:00+00:00,-73.981343000,40.779040000,0.956749854,4.727978687,5.000000000,1,-73.971542000,40.789632000
58843,2014-01-14 17:51:00+00:00,-74.006750000,40.742482000,-1.141249933,0.645183685,17.000000000,1,-74.001480000,40.707952000
142384,2014-01-14 19:02:00+00:00,-73.971565000,40.760592000,1.805860992,2.689736723,5.500000000,1,-73.976882000,40.754525000
1030,2014-01-14 19:18:00+00:00,-73.980362000,40.765020000,1.057619450,3.172612466,10.000000000,2,-73.999245000,40.733445000
177089,2014-01-14 20:08:53+00:00,-74.006750000,40.729992000,-1.125563492,-0.741292531,4.000000000,1,-74.003359000,40.733241000
172057,2014-01-14 20:32:59+00:00,-73.997082000,40.762238000,-0.350043129,2.847524289,9.500000000,1,-73.997816000,40.736215000
166494,2014-01-14 22:04:18+00:00,-73.979518000,40.749868000,1.148414362,1.491455943,7.500000000,1,-73.994585000,40.745346000
151346,2014-01-14 22:17:00+00:00,-73.983885000,40.755190000,0.772909117,2.077959495,5.000000000,1,-73.981545000,40.747007000
2089,2014-01-14 22:33:44+00:00,-73.984718000,40.768480000,0.685521885,3.552435234,5.500000000,1,-73.990692000,40.761088000
123462,2014-01-14 22:35:44+00:00,-74.010130000,40.720567000,-1.399195858,-1.790753876,10.500000000,1,-73.987424000,40.749709000
93052,2014-01-15 01:00:33+00:00,-74.001473000,40.730956000,-0.681160420,-0.629227502,17.500000000,1,-73.938583000,40.751979000
37316,2014-01-15 07:21:00+00:00,-73.989202000,40.757712000,0.320855595,2.352736765,21.500000000,1,-74.004567000,40.706907000
107958,2014-01-15 09:16:00+00:00,-73.990810000,40.751042000,0.193637784,1.610755685,6.500000000,1,-74.004880000,40.744722000
132436,2014-01-15 09:23:00+00:00,-73.987212000,40.733710000,0.519576584,-0.309720752,9.000000000,1,-74.008157000,40.730497000
77014,2014-01-15 09:32:00+00:00,-73.954320000,40.770325000,3.248585708,3.787378368,11.000000000,1,-73.968097000,40.754042000
56232,2014-01-15 09:32:21+00:00,-73.977854000,40.759074000,1.276987487,2.515024687,10.500000000,1,-73.995022000,40.764064000
189432,2014-01-15 09:58:14+00:00,-73.988437000,40.718798000,0.435206036,-1.966246851,6.000000000,1,-73.996892000,40.725282000
145721,2014-01-15 10:37:00+00:00,-73.874527000,40.774050000,9.977415043,4.284214738,35.330000000,1,-73.970237000,40.756142000
53365,2014-01-15 11:54:00+00:00,-73.960115000,40.770492000,2.759297649,3.800103390,13.000000000,1,-73.945185000,40.808020000
22983,2014-01-15 13:52:17+00:00,-73.978193000,40.759270000,1.248119466,2.536448890,10.000000000,1,-73.991495000,40.749916000
70559,2014-01-15 15:48:15+00:00,-73.973628000,40.759823000,1.632727580,2.602333066,7.000000000,1,-73.961619000,40.776862000
87043,2014-01-15 16:25:29+00:00,-73.982352000,40.731767000,0.932460332,-0.520661773,13.500000000,1,-73.969259000,40.764253000
56936,2014-01-15 18:00:42+00:00,-74.007255000,40.713035000,-1.146929174,-2.624114164,6.500000000,1,-74.017943000,40.706183000
146205,2014-01-15 19:32:08+00:00,-73.985369000,40.767731000,0.631540935,3.468654919,9.000000000,1,-73.962350000,40.758805000
21260,2014-01-15 20:08:58+00:00,-73.987570000,40.764580000,0.449817145,3.116724138,12.500000000,2,-73.992288000,40.738927000
9593,2014-01-15 20:17:00+00:00,-74.011325000,40.707982000,-1.484396835,-3.188907224,14.500000000,1,-73.975627000,40.732842000
151899,2014-01-15 23:13:00+00:00,-73.952247000,40.777487000,3.414040409,4.584504249,13.500000000,1,-73.985017000,40.728987000
96474,2014-01-15 23:52:00+00:00,-74.005778000,40.745505000,-1.062985020,0.981687062,4.000000000,1,-73.995570000,40.744057000
159016,2014-01-16 00:05:50+00:00,-73.976251000,40.759866000,1.411269448,2.604519989,6.500000000,1,-73.982838000,40.744450000
51518,2014-01-16 01:51:05+00:00,-73.985372000,40.755251000,0.647307323,2.083278591,14.500000000,1,-73.966495000,40.794248000
137431,2014-01-16 08:11:57+00:00,-73.979024000,40.749217000,1.190958838,1.419675218,20.000000000,2,-74.014690000,40.714569000
69197,2014-01-16 08:35:00+00:00,-73.957410000,40.782572000,2.971646732,5.143788456,6.500000000,1,-73.951995000,40.798802000
177848,2014-01-16 09:47:55+00:00,-73.997602000,40.746517000,-0.374000107,1.101877163,4.000000000,1,-74.005631000,40.750009000
155700,2014-01-16 09:57:00+00:00,-73.969420000,40.790417000,1.948017151,6.002669455,25.000000000,1,-73.953300000,40.745350000
136190,2014-01-16 10:21:05+00:00,-73.968110000,40.800667000,2.045150749,7.141803311,5.500000000,1,-73.969498000,40.790149000
182600,2014-01-16 12:33:41+00:00,-73.947840000,40.775140000,3.789053883,4.328420064,10.000000000,1,-73.968816000,40.760925000
90581,2014-01-16 14:20:07+00:00,-73.965602000,40.771940000,2.294328953,3.955368112,6.000000000,1,-73.973892000,40.762003000
130014,2014-01-16 14:59:18+00:00,-73.954160000,40.770310000,3.262108741,3.785874214,5.500000000,1,-73.955010000,40.777333000
126903,2014-01-16 16:07:00+00:00,-73.965180000,40.790625000,2.305470948,6.029971825,6.500000000,6,-73.954530000,40.784047000
170395,2014-01-16 17:02:00+00:00,-73.995950000,40.738622000,-0.224505630,0.227070425,14.500000000,3,-73.971642000,40.782102000
187474,2014-01-16 18:03:12+00:00,-74.005948000,40.735786000,-1.065120210,-0.097352425,10.000000000,1,-73.980258000,40.742615000
106708,2014-01-16 18:29:00+00:00,-73.959957000,40.776640000,2.764540584,4.482737669,4.500000000,5,-73.956597000,40.771347000
157978,2014-01-16 18:43:00+00:00,-73.996320000,40.733222000,-0.248893361,-0.372724356,10.500000000,1,-73.991265000,40.748950000
3030,2014-01-16 18:50:47+00:00,-73.995182000,40.727485000,-0.145510468,-1.008471484,5.000000000,1,-74.005253000,40.719265000
21615,2014-01-16 19:15:50+00:00,-73.964660000,40.770643000,2.375526163,3.812328835,7.500000000,1,-73.981820000,40.768384000
60422,2014-01-16 19:31:00+00:00,-74.001583000,40.739337000,-0.701029717,0.301015764,4.500000000,1,-74.001997000,40.745177000
1815,2014-01-16 19:32:57+00:00,-73.992111000,40.759319000,0.073255896,2.528301261,19.000000000,1,-73.984889000,40.720335000
139420,2014-01-16 20:06:00+00:00,-74.001767000,40.739460000,-0.716720820,0.314492943,5.500000000,1,-73.994792000,40.750087000
116347,2014-01-16 20:27:17+00:00,-73.984213000,40.759760000,0.739348983,2.584942840,4.000000000,2,-73.978882000,40.758960000
173693,2014-01-16 22:33:00+00:00,-73.999397000,40.738635000,-0.515568942,0.225190386,6.000000000,1,-73.995867000,40.749045000
94206,2014-01-16 23:14:00+00:00,-73.966432000,40.764752000,2.233683188,3.156619095,5.500000000,2,-73.956817000,40.764807000
70192,2014-01-16 23:24:00+00:00,-73.789857000,40.643685000,17.322156176,-10.092166919,23.500000000,1,-73.884187000,40.681875000
9032,2014-01-17 01:00:00+00:00,-73.986165000,40.726522000,0.617199945,-1.106617888,16.500000000,1,-73.991072000,40.678905000
163500,2014-01-17 04:02:26+00:00,-73.982333000,40.769654000,0.885297271,3.685090328,7.000000000,1,-73.971925000,40.760838000
64014,2014-01-17 07:32:00+00:00,-73.983972000,40.737705000,0.788033281,0.136913396,11.500000000,3,-73.958557000,40.764182000
115668,2014-01-17 08:23:28+00:00,-73.981856000,40.736730000,0.967955206,0.030751521,6.500000000,1,-73.982290000,40.748321000
78837,2014-01-17 08:38:30+00:00,-73.960139000,40.772859000,2.754157619,4.062834857,6.500000000,2,-73.969250000,40.763451000
180085,2014-01-17 10:35:18+00:00,-73.981363000,40.768832000,0.968220505,3.594792106,9.500000000,1,-73.975951000,40.763705000
787,2014-01-17 11:09:00+00:00,-73.996010000,40.732840000,-0.222231526,-0.414829689,15.500000000,2,-73.954930000,40.765480000
150798,2014-01-17 11:18:04+00:00,-73.969619000,40.760336000,1.970450994,2.663245786,17.000000000,1,-74.001039000,40.714625000
167956,2014-01-17 11:42:05+00:00,-73.952457000,40.772198000,3.403330663,3.997171788,5.000000000,4,-73.952755000,40.766302000
89829,2014-01-17 12:28:00+00:00,-73.951345000,40.774322000,3.494356609,4.234073734,5.500000000,6,-73.953542000,40.782852000
115766,2014-01-17 12:57:43+00:00,-73.987244000,40.754024000,0.490856492,1.945247219,15.000000000,2,-74.010821000,40.713452000
186651,2014-01-17 13:56:00+00:00,-73.987522000,40.736007000,0.490459221,-0.055039656,8.000000000,1,-73.997447000,40.738607000
34824,2014-01-17 14:22:00+00:00,-73.969260000,40.757910000,2.003916649,2.394297426,10.000000000,1,-73.975770000,40.749480000
16480,2014-01-17 15:58:03+00:00,-74.005214000,40.751490000,-1.022898897,1.646604303,5.000000000,1,-73.999125000,40.745462000
45765,2014-01-17 18:06:08+00:00,-73.972788000,40.755967000,1.708641065,2.175117895,14.500000000,1,-73.985297000,40.718753000
168146,2014-01-17 18:18:00+00:00,-73.971232000,40.751957000,1.845205944,1.731516799,16.000000000,1,-73.999487000,40.748937000
97288,2014-01-17 19:34:50+00:00,-73.981395000,40.767621000,0.967080585,3.460330509,7.500000000,1,-73.986659000,40.759509000
55190,2014-01-17 20:23:00+00:00,-73.947902000,40.774395000,3.784813668,4.245656403,7.000000000,1,-73.959722000,40.761847000
38206,2014-01-17 21:36:00+00:00,-74.015160000,40.715820000,-1.818108435,-2.322478177,6.000000000,6,-74.006512000,40.715822000
133244,2014-01-17 22:13:41+00:00,-73.959287000,40.771622000,2.827688342,3.926370836,5.000000000,3,-73.948364000,40.778968000
185366,2014-01-17 22:39:00+00:00,-73.873135000,40.774115000,10.094793941,4.292938395,32.330000000,5,-73.993487000,40.756632000
43114,2014-01-17 23:53:00+00:00,-73.988985000,40.721707000,0.385204373,-1.643861353,5.500000000,1,-73.979880000,40.717865000
31622,2014-01-18 00:02:00+00:00,-73.865885000,40.771037000,10.711042082,3.959139654,33.830000000,6,-73.958927000,40.769905000
156253,2014-01-18 01:06:06+00:00,-73.990987000,40.699742000,0.244132536,-4.084063948,14.000000000,2,-73.932328000,40.684205000
71002,2014-01-18 01:46:00+00:00,-73.979640000,40.765825000,1.117518097,3.262682002,14.000000000,1,-73.990495000,40.724317000
76659,2014-01-18 02:00:07+00:00,-74.000523000,40.742540000,-0.615578095,0.657589722,13.000000000,2,-73.973687000,40.782937000
121060,2014-01-18 02:21:00+00:00,-73.985808000,40.735102000,0.636346827,-0.153830452,7.500000000,1,-73.987302000,40.722490000
181172,2014-01-18 03:00:56+00:00,-74.002166000,40.734753000,-0.744470877,-0.208399750,16.500000000,1,-73.950056000,40.775322000
160589,2014-01-18 03:32:00+00:00,-74.007388000,40.726792000,-1.175424136,-1.097123418,8.000000000,1,-73.995558000,40.712237000
143165,2014-01-18 03:33:36+00:00,-73.981022000,40.737877000,1.036898007,0.158893660,8.500000000,2,-73.991548000,40.749988000
24089,2014-01-18 08:56:59+00:00,-73.957890000,40.760912000,2.959707100,2.738877770,6.000000000,1,-73.962638000,40.770514000
104322,2014-01-18 10:39:00+00:00,-74.002027000,40.740380000,-0.739834626,0.416369778,8.500000000,3,-73.979918000,40.749742000
162149,2014-01-18 11:09:49+00:00,-73.978350000,40.786028000,1.200274525,5.506639388,17.500000000,2,-73.989836000,40.738838000
154595,2014-01-18 11:17:00+00:00,-73.985477000,40.744167000,0.652666623,0.852771612,11.500000000,2,-73.961210000,40.779417000
26897,2014-01-18 12:08:00+00:00,-73.973647000,40.762687000,1.627405061,2.920239903,8.500000000,1,-73.985058000,40.758455000
108940,2014-01-18 13:04:00+00:00,-73.949995000,40.782992000,3.596761736,5.197875789,10.000000000,1,-73.973005000,40.760922000
112988,2014-01-18 13:50:21+00:00,-73.972678000,40.759238000,1.713675564,2.538332049,7.000000000,1,-73.961500000,40.775153000
181692,2014-01-18 14:01:00+00:00,-73.965807000,40.761222000,2.291053092,2.765383820,7.500000000,5,-73.978065000,40.741817000
36948,2014-01-18 14:21:36+00:00,-73.954248000,40.779077000,3.243080065,4.758991874,26.500000000,1,-74.012645000,40.716095000
35418,2014-01-18 16:49:00+00:00,-73.981707000,40.751422000,0.961616001,1.661814893,14.000000000,1,-73.991925000,40.720175000
118329,2014-01-18 19:00:11+00:00,-73.976771000,40.775191000,1.347536542,4.305200131,5.500000000,1,-73.972589000,40.764739000
132087,2014-01-18 19:28:00+00:00,-73.985612000,40.767855000,0.610873057,3.482182710,8.500000000,1,-74.002157000,40.755920000
163104,2014-01-18 20:09:00+00:00,-74.007492000,40.716477000,-1.171265639,-2.242256042,5.500000000,2,-74.008980000,40.712492000
163001,2014-01-18 20:16:00+00:00,-73.989197000,40.777415000,0.296078721,4.539923935,11.500000000,6,-73.952740000,40.772537000
142245,2014-01-18 21:25:00+00:00,-73.976673000,40.785350000,1.342649457,5.433025653,4.500000000,1,-73.971785000,40.795572000
182498,2014-01-18 22:37:00+00:00,-73.977769000,40.763454000,1.278497883,3.001321199,18.500000000,1,-73.894407000,40.739748000
191204,2014-01-18 22:44:00+00:00,-73.982002000,40.772327000,0.909789040,3.982137950,10.000000000,2,-73.962037000,40.802235000
92241,2014-01-18 22:48:00+00:00,-73.985273000,40.756367000,0.654231800,2.207259452,10.500000000,6,-74.007248000,40.741340000
132030,2014-01-19 00:22:00+00:00,-73.980382000,40.775575000,1.042313709,4.344278851,7.000000000,1,-73.974120000,40.793942000
106593,2014-01-19 01:41:00+00:00,-73.982668000,40.744802000,0.889007523,0.926006065,6.000000000,1,-73.991488000,40.731537000
18773,2014-01-19 01:57:18+00:00,-73.953872000,40.774858000,3.280393914,4.291027734,14.000000000,1,-73.987963000,40.764982000
45394,2014-01-19 01:57:43+00:00,-74.005513000,40.740194000,-1.033932702,0.392382165,11.000000000,1,-73.982143000,40.723907000
114356,2014-01-19 02:45:18+00:00,-73.985532000,40.738683000,0.655058471,0.243954963,8.500000000,1,-73.998282000,40.717983000
155133,2014-01-19 06:34:00+00:00,-73.936882000,40.849642000,4.613478842,12.609938783,23.500000000,1,-74.002487000,40.755272000
59274,2014-01-19 08:36:00+00:00,-74.008397000,40.705920000,-1.234474485,-3.415014314,3.500000000,2,-74.011150000,40.701862000
167833,2014-01-19 08:44:00+00:00,-74.013627000,40.709292000,-1.680487809,-3.045675042,12.000000000,5,-74.003910000,40.742165000
79738,2014-01-19 11:14:09+00:00,-74.005098000,40.706795000,-0.956887769,-3.314732653,17.500000000,1,-73.972284000,40.756493000
102982,2014-01-19 11:34:00+00:00,-73.965152000,40.766552000,2.339360842,3.357706334,5.000000000,2,-73.963120000,40.769950000
22720,2014-01-19 12:18:14+00:00,-73.993318000,40.735834000,0.001275817,-0.079871948,6.000000000,1,-73.987653000,40.728688000
11533,2014-01-19 12:51:00+00:00,-73.982377000,40.762810000,0.890395753,2.925311322,11.500000000,5,-73.961963000,40.779415000
72952,2014-01-19 13:10:00+00:00,-73.985065000,40.768945000,0.655638937,3.603714926,8.000000000,1,-73.968427000,40.762160000
165957,2014-01-19 13:19:44+00:00,-73.957538000,40.770018000,2.977407931,3.750066837,9.000000000,2,-73.982367000,40.769285000
113858,2014-01-19 14:22:00+00:00,-73.990077000,40.748650000,0.258572471,1.345938166,3.500000000,4,-73.980087000,40.751565000
105327,2014-01-19 15:50:00+00:00,-73.970075000,40.750415000,1.944886418,1.561489013,30.330000000,1,-73.871432000,40.774230000
148773,2014-01-19 16:04:08+00:00,-73.971281000,40.761993000,1.828009293,2.845539304,11.000000000,1,-73.971923000,40.786440000
57690,2014-01-19 16:09:00+00:00,-73.972240000,40.762532000,1.746363708,2.904423819,9.000000000,1,-73.947107000,40.775875000
80560,2014-01-19 16:21:00+00:00,-73.982533000,40.767627000,0.871027707,3.459882080,10.500000000,2,-73.953972000,40.774727000
10854,2014-01-19 19:28:32+00:00,-73.971188000,40.769639000,1.825906313,3.694395739,14.000000000,1,-73.976408000,40.731207000
50830,2014-01-19 20:24:50+00:00,-73.986582000,40.751321000,0.550204343,1.645839569,6.500000000,1,-73.988904000,40.743345000
191291,2014-01-19 22:36:00+00:00,-73.781902000,40.644842000,17.993018146,-9.954446954,28.500000000,1,-73.820887000,40.734320000
24519,2014-01-19 22:53:18+00:00,-73.996213000,40.763939000,-0.278855394,3.037186710,22.500000000,1,-73.971449000,40.686206000
131584,2014-01-20 07:48:25+00:00,-73.977298000,40.774358000,1.304141788,4.212212029,6.000000000,1,-73.966690000,40.788917000
51401,2014-01-20 08:06:26+00:00,-73.952379000,40.786462000,3.391001295,5.580668347,7.500000000,2,-73.960288000,40.767806000
131362,2014-01-20 09:45:50+00:00,-74.005652000,40.737608000,-1.042417286,0.105185223,11.500000000,1,-74.008895000,40.714744000
110620,2014-01-20 12:18:09+00:00,-74.004103000,40.742036000,-0.917202235,0.598206737,5.000000000,1,-73.994848000,40.749984000
9726,2014-01-20 13:58:00+00:00,-73.988330000,40.750880000,0.403204575,1.595182879,7.000000000,1,-73.987730000,40.755720000
183242,2014-01-20 15:26:42+00:00,-73.958977000,40.772285000,2.852976871,4.000279427,30.500000000,1,-73.881887000,40.852250000
85511,2014-01-20 16:05:00+00:00,-74.001692000,40.756442000,-0.731830091,2.199688336,32.000000000,1,-73.912703000,40.840405000
177458,2014-01-20 16:10:53+00:00,-73.962432000,40.758295000,2.579766583,2.443827729,5.500000000,1,-73.953496000,40.771155000
63858,2014-01-20 16:13:27+00:00,-73.872943000,40.774127000,10.110979788,4.294478658,36.330000000,1,-73.985841000,40.758953000
181377,2014-01-20 20:53:15+00:00,-73.977141000,40.787796000,1.299994758,5.704090564,6.500000000,1,-73.964704000,40.801922000
142757,2014-01-20 22:13:00+00:00,-74.008697000,40.711255000,-1.266500743,-2.823081332,9.500000000,2,-73.998492000,40.740580000
68508,2014-01-21 06:58:00+00:00,-73.935380000,40.800410000,4.806484899,7.146284949,3.000000000,6,-73.938367000,40.799792000
9581,2014-01-21 07:47:00+00:00,-73.978067000,40.756105000,1.262846571,2.185234164,10.000000000,5,-73.977902000,40.771845000
107029,2014-01-21 08:21:00+00:00,-74.015350000,40.716092000,-1.834495030,-2.292464351,20.000000000,1,-73.978280000,40.737425000
57444,2014-01-21 09:06:25+00:00,-73.977151000,40.753985000,1.342911658,1.950799312,29.500000000,1,-74.014363000,40.704011000
190203,2014-01-21 09:09:00+00:00,-73.987177000,40.738212000,0.516766453,0.190066845,8.000000000,1,-73.971260000,40.751145000
190232,2014-01-21 10:10:30+00:00,-73.969146000,40.761624000,2.008695995,2.806692451,10.000000000,1,-73.981507000,40.766407000
47716,2014-01-21 11:50:00+00:00,-73.988030000,40.722900000,0.464333976,-1.510501295,6.500000000,1,-73.997410000,40.720870000
106315,2014-01-21 14:49:06+00:00,-74.001567000,40.746554000,-0.708791308,1.102169042,6.500000000,1,-73.995020000,40.741433000
221,2014-01-21 14:58:00+00:00,-73.991190000,40.750195000,0.162639259,1.516363735,29.500000000,3,-74.006843000,40.705932000
191547,2014-01-21 20:09:00+00:00,-73.972150000,40.761222000,1.755663604,2.759092900,17.500000000,5,-73.974575000,40.793500000
132011,2014-01-21 21:19:16+00:00,-73.982007000,40.768673000,0.914073852,3.576511028,12.500000000,1,-73.971772000,40.797379000
135440,2014-01-22 00:09:00+00:00,-73.955757000,40.772390000,3.124581642,4.015164975,7.500000000,1,-73.970858000,40.751637000
60940,2014-01-22 07:09:12+00:00,-73.970679000,40.751948000,1.891900852,1.731065113,7.500000000,1,-73.993481000,40.740254000
114002,2014-01-22 11:18:00+00:00,-73.988755000,40.769187000,0.343906177,3.626982585,3.500000000,1,-73.984307000,40.767202000
52104,2014-01-22 11:23:17+00:00,-73.979691000,40.743493000,1.142036006,0.783615010,7.000000000,1,-73.990245000,40.750466000
122084,2014-01-22 11:24:00+00:00,-73.973565000,40.763845000,1.632822439,3.048867640,8.000000000,2,-73.984608000,40.748082000
123872,2014-01-22 14:57:00+00:00,-74.005635000,40.722162000,-1.021563670,-1.609409390,9.500000000,1,-74.016095000,40.706460000
152033,2014-01-22 15:44:52+00:00,-73.959098000,40.776637000,2.837032861,4.483264473,7.500000000,1,-73.945217000,40.774830000
86555,2014-01-22 16:50:54+00:00,-73.997866000,40.760681000,-0.414242634,2.673929665,12.000000000,1,-73.975507000,40.757733000
173434,2014-01-22 17:55:00+00:00,-74.014197000,40.717702000,-1.739114971,-2.112651414,6.000000000,1,-74.006187000,40.718137000
169693,2014-01-22 18:38:00+00:00,-73.958090000,40.803357000,2.886853526,7.450412328,6.500000000,1,-73.961990000,40.791417000
133128,2014-01-22 19:10:15+00:00,-73.964292000,40.764517000,2.414611191,3.132662213,5.000000000,1,-73.961466000,40.771565000
183060,2014-01-22 22:15:29+00:00,-73.963678000,40.761551000,2.470322908,2.804025516,8.500000000,1,-73.982471000,40.742550000
111777,2014-01-22 22:49:46+00:00,-73.978254000,40.773136000,1.225045229,4.075620436,9.000000000,2,-73.954576000,40.769867000
21024,2014-01-22 23:48:00+00:00,-73.991700000,40.738570000,0.134408767,0.225411070,6.500000000,2,-73.991347000,40.684672000
189982,2014-01-23 00:53:00+00:00,-73.984212000,40.758662000,0.740844353,2.463057640,9.000000000,1,-74.007552000,40.740982000
9790,2014-01-23 07:35:00+00:00,-73.971107000,40.764352000,1.839625077,3.107578408,7.000000000,1,-73.983700000,40.755562000
121033,2014-01-23 09:14:07+00:00,-74.003822000,40.717413000,-0.862465692,-2.134844388,5.500000000,2,-73.993565000,40.715233000
88874,2014-01-23 10:05:00+00:00,-73.995862000,40.726577000,-0.201783074,-1.109922578,8.000000000,5,-74.007422000,40.711860000
155127,2014-01-23 10:10:30+00:00,-73.982218000,40.746116000,0.925308338,1.072309964,11.000000000,2,-73.987524000,40.719903000
74113,2014-01-23 10:34:06+00:00,-73.955098000,40.783213000,3.165884128,5.217266195,5.500000000,1,-73.962520000,40.778338000
55303,2014-01-23 10:49:00+00:00,-73.983725000,40.743677000,0.801214017,0.800089227,5.500000000,1,-73.986740000,40.734842000
175662,2014-01-23 10:56:20+00:00,-73.951061000,40.771637000,3.521887261,3.936304129,10.500000000,1,-73.968888000,40.764441000
174287,2014-01-23 12:16:00+00:00,-74.002365000,40.734157000,-0.760522572,-0.274750823,6.500000000,1,-74.007280000,40.717987000
108903,2014-01-23 12:29:59+00:00,-73.981217000,40.745679000,1.010381238,1.024780245,3.500000000,2,-73.976743000,40.745092000
4910,2014-01-23 13:20:00+00:00,-73.985570000,40.738360000,0.652264282,0.208062607,17.500000000,1,-73.981230000,40.769042000
79754,2014-01-23 13:23:00+00:00,-73.943950000,40.788472000,4.099506978,5.812324531,10.000000000,1,-73.952675000,40.773290000
73687,2014-01-23 13:45:11+00:00,-73.990140000,40.734294000,0.271587413,-0.247740748,10.000000000,1,-73.992165000,40.747663000
108913,2014-01-23 13:50:00+00:00,-73.970098000,40.759730000,1.930809379,2.595500560,5.500000000,5,-73.963210000,40.765605000
36536,2014-01-23 14:49:14+00:00,-74.011797000,40.707592000,-1.523781300,-3.232648358,29.500000000,1,-73.947117000,40.776058000
82343,2014-01-23 14:54:24+00:00,-74.015947000,40.712177000,-1.880050405,-2.727619729,18.500000000,2,-73.970373000,40.751586000
55038,2014-01-23 14:56:00+00:00,-73.976437000,40.765572000,1.388180513,3.237745933,27.000000000,1,-74.001340000,40.747472000
17848,2014-01-23 18:12:00+00:00,-73.989697000,40.720427000,0.326706198,-1.786641997,26.000000000,3,-73.999987000,40.648192000
31900,2014-01-23 19:29:46+00:00,-73.791505000,40.645300000,17.180345004,-9.914807575,52.000000000,1,-74.012047000,40.702080000
181146,2014-01-23 20:43:33+00:00,-74.010207000,40.721215000,-1.406509843,-1.718894901,14.000000000,1,-73.989508000,40.767988000
93667,2014-01-23 20:55:11+00:00,-73.997924000,40.724232000,-0.372948462,-1.372222718,7.000000000,3,-73.986581000,40.726034000
126045,2014-01-23 21:04:46+00:00,-73.781635000,40.644865000,18.015558770,-9.951581092,35.000000000,2,0.000000000,0.000000000
31147,2014-01-23 21:10:00+00:00,-73.965767000,40.754595000,2.303099674,2.029776788,13.000000000,2,-73.970228000,40.785730000
37776,2014-01-23 22:15:35+00:00,-73.999253000,40.717559000,-0.476745153,-2.114250093,6.500000000,1,-74.002670000,40.733661000
122102,2014-01-23 23:00:24+00:00,-73.983690000,40.729865000,0.821918814,-0.733105666,6.000000000,1,-73.979361000,40.744011000
102872,2014-01-23 23:21:00+00:00,-73.874702000,40.774102000,9.962572654,4.289797704,30.500000000,1,-73.996100000,40.696880000
43118,2014-01-24 07:32:28+00:00,-73.953652000,40.785301000,3.285130251,5.450505667,11.500000000,1,-73.987433000,40.770308000
3381,2014-01-24 07:43:00+00:00,-73.980508000,40.771472000,1.036974052,3.888690534,7.500000000,2,-73.968412000,40.786512000
113783,2014-01-24 08:09:00+00:00,-73.956373000,40.768047000,3.078331164,3.532439477,7.500000000,1,-73.970192000,40.762522000
184868,2014-01-24 08:10:18+00:00,-73.996959000,40.723171000,-0.290105962,-1.489070379,6.000000000,2,-74.005076000,40.732569000
14180,2014-01-24 08:47:00+00:00,-73.962092000,40.768122000,2.595561921,3.535039177,6.000000000,6,-73.951825000,40.781425000
24911,2014-01-24 08:59:00+00:00,-73.979612000,40.781587000,1.099528924,5.012413514,9.500000000,6,-73.977335000,40.790965000
33708,2014-01-24 11:00:00+00:00,-73.986602000,40.762717000,0.533906901,2.910860336,4.500000000,1,-73.983452000,40.769977000
191633,2014-01-24 12:12:10+00:00,-73.985552000,40.763292000,0.621793539,2.975713767,7.500000000,1,-74.002268000,40.755632000
43041,2014-01-24 12:40:38+00:00,-74.001384000,40.724174000,-0.665082698,-1.381989924,19.500000000,1,-73.988067000,40.749325000
92265,2014-01-24 15:34:35+00:00,-73.977995000,40.745994000,1.281994579,1.062909862,15.500000000,2,-73.951927000,40.777821000
103512,2014-01-24 15:42:21+00:00,-73.979316000,40.751159000,1.163800665,1.634964681,11.500000000,1,-73.991206000,40.750332000
81699,2014-01-24 16:00:00+00:00,-73.974892000,40.756632000,1.530173816,2.246861018,6.000000000,2,-73.978587000,40.759915000
12566,2014-01-24 17:33:26+00:00,-73.997891000,40.751459000,-0.404662649,1.650196072,18.000000000,2,-74.016060000,40.715172000
103597,2014-01-24 18:54:58+00:00,-74.002686000,40.721979000,-0.772273334,-1.626899233,15.500000000,1,-73.996915000,40.684911000
35532,2014-01-24 19:33:02+00:00,-73.971247000,40.758737000,1.835116645,2.484132413,7.500000000,1,-73.982141000,40.741000000
60682,2014-01-24 20:23:00+00:00,-73.966120000,40.758677000,2.267962611,2.482558255,5.500000000,6,-73.976205000,40.757657000
37909,2014-01-24 20:48:00+00:00,-73.933395000,40.763367000,5.023939772,3.036245702,23.500000000,1,-73.985640000,40.727117000
42535,2014-01-24 23:04:00+00:00,-73.998172000,40.726060000,-0.396207942,-1.169541380,4.500000000,1,-74.005608000,40.725602000
162539,2014-01-24 23:05:00+00:00,-74.005542000,40.740652000,-1.036957214,0.443195626,4.500000000,1,-73.995870000,40.740250000
179085,2014-01-24 23:09:00+00:00,-73.979845000,40.775430000,1.087817334,4.328709601,5.000000000,5,-73.981407000,40.769272000
195388,2014-01-25 02:18:42+00:00,-73.986890000,40.742670000,0.535288050,0.685216043,10.500000000,1,-74.004624000,40.722922000
11919,2014-01-25 03:34:00+00:00,-73.977447000,40.745572000,1.328805544,1.016603658,16.000000000,3,-74.009402000,40.706282000
199586,2014-01-25 07:52:00+00:00,-73.995725000,40.759505000,-0.232033315,2.545451067,5.000000000,2,-73.995042000,40.752842000
23845,2014-01-25 09:08:41+00:00,-73.996626000,40.742697000,-0.286754100,0.678771492,67.250000000,1,-74.181890000,40.687698000
195499,2014-01-25 10:05:00+00:00,-73.996222000,40.686442000,-0.181275282,-5.565512059,23.000000000,1,-73.976242000,40.751480000
119622,2014-01-25 10:36:31+00:00,-73.977595000,40.752333000,1.307567622,1.766978388,12.000000000,3,-73.988897000,40.773766000
43518,2014-01-25 11:30:00+00:00,-73.980205000,40.748742000,1.091869716,1.365787618,15.000000000,2,-74.003750000,40.741115000
193881,2014-01-25 12:55:00+00:00,-73.965663000,40.805687000,2.244996353,7.701497637,3.500000000,6,-73.963570000,40.808287000
157714,2014-01-25 15:10:49+00:00,-73.952836000,40.771817000,3.371850750,3.954495931,4.000000000,1,-73.961580000,40.776125000
150569,2014-01-25 15:18:00+00:00,-74.007357000,40.727535000,-1.173738599,-1.014615823,11.000000000,1,-73.981642000,40.740715000
127048,2014-01-25 19:05:17+00:00,-73.982165000,40.772502000,0.895807710,4.001404682,4.000000000,1,-73.980043000,40.776215000
174401,2014-01-25 19:45:59+00:00,-73.991249000,40.760233000,0.144849779,2.630598129,6.000000000,1,-73.990986000,40.750124000
54074,2014-01-25 21:55:00+00:00,-73.993182000,40.757762000,-0.015162697,2.354424950,11.500000000,3,-73.983613000,40.765357000
140417,2014-01-26 00:50:00+00:00,-73.992525000,40.725352000,0.081587049,-1.242677838,7.500000000,1,-73.992317000,40.715012000
117929,2014-01-26 03:06:00+00:00,-73.989883000,40.739955000,0.286057919,0.380919562,5.000000000,1,-73.988842000,40.748220000
187777,2014-01-26 04:44:00+00:00,-74.006145000,40.734842000,-1.080568284,-0.202331258,10.500000000,1,-73.979467000,40.772775000
19191,2014-01-26 05:50:00+00:00,-73.984435000,40.730402000,0.758317075,-0.674222909,32.830000000,2,-73.872570000,40.774492000
36244,2014-01-26 07:49:00+00:00,-73.998520000,40.715710000,-0.412494397,-2.318795530,17.000000000,1,-73.992317000,40.742670000
60470,2014-01-26 09:21:58+00:00,-73.990177000,40.761734000,0.233417071,2.798261086,8.000000000,1,-73.994343000,40.741153000
53074,2014-01-26 10:29:48+00:00,-73.863841000,40.769901000,10.885177364,3.835266322,33.830000000,1,-73.992363000,40.743299000
26714,2014-01-26 10:51:20+00:00,-74.001739000,40.745731000,-0.722273322,1.010645020,4.500000000,1,-73.989681000,40.740666000
15574,2014-01-26 11:15:00+00:00,-73.972115000,40.796492000,1.712736587,6.674375322,8.500000000,2,-73.962535000,40.778475000
107779,2014-01-26 11:34:07+00:00,-73.986353000,40.761910000,0.555958491,2.821520053,8.500000000,4,-73.991981000,40.749026000
7624,2014-01-26 12:06:16+00:00,-74.008645000,40.732505000,-1.288737890,-0.464140987,10.000000000,2,-73.986049000,40.743549000
14231,2014-01-26 13:09:23+00:00,-73.977525000,40.752870000,1.312782341,1.826658183,29.000000000,3,-73.870773000,40.773994000
123345,2014-01-26 13:52:00+00:00,-74.016990000,40.705435000,-1.959775337,-3.477010979,11.500000000,1,-73.999440000,40.733517000
167079,2014-01-26 13:59:52+00:00,-73.776750000,40.645297000,18.427939364,-9.897892804,10.500000000,1,-73.802642000,40.660468000
101309,2014-01-26 14:53:00+00:00,-73.978167000,40.757807000,1.252205256,2.374070524,8.000000000,1,-73.990292000,40.761730000
171969,2014-01-26 15:13:27+00:00,-73.991189000,40.756032000,0.155275428,2.164314301,7.000000000,1,-73.973810000,40.764668000
66614,2014-01-26 16:25:01+00:00,-73.885440000,40.773070000,9.057843925,4.163667939,35.830000000,1,-73.981166000,40.782614000
178355,2014-01-26 16:56:37+00:00,-73.980245000,40.734572000,1.106766263,-0.207222788,11.000000000,1,-73.979597000,40.760613000
171053,2014-01-26 18:52:00+00:00,-73.957343000,40.765662000,2.999611708,3.266712658,11.000000000,1,-73.993730000,40.766702000
114256,2014-01-26 20:18:00+00:00,-73.991427000,40.755657000,0.135663603,2.122455620,9.500000000,1,-74.006912000,40.732992000
127069,2014-01-26 21:11:25+00:00,-73.981470000,40.780979000,0.943533659,4.943098459,4.500000000,1,-73.981020000,40.788823000
13936,2014-01-26 21:23:00+00:00,-73.976535000,40.750782000,1.399058076,1.595848997,5.000000000,1,-73.981515000,40.738100000
133587,2014-01-26 23:34:25+00:00,-73.872554000,40.774063000,10.143898973,4.287795979,30.000000000,2,-73.992087000,40.734416000
142560,2014-01-26 23:58:58+00:00,-73.974229000,40.783017000,1.551892863,5.176453087,39.000000000,1,-73.792693000,40.749831000
114856,2014-01-27 03:16:01+00:00,-73.986988000,40.733124000,0.539241959,-0.374552602,15.000000000,1,-73.940319000,40.694338000
46348,2014-01-27 08:23:00+00:00,-73.990768000,40.755093000,0.192011993,2.060487024,6.500000000,1,-73.980643000,40.755343000
103120,2014-01-27 08:27:00+00:00,-73.957260000,40.770100000,3.000761622,3.759448303,4.000000000,3,-73.954760000,40.765690000
121915,2014-01-27 09:48:00+00:00,-73.988777000,40.727137000,0.395829871,-1.040892306,12.500000000,1,-74.010570000,40.701912000
107981,2014-01-27 09:50:00+00:00,-73.988710000,40.748677000,0.373943054,1.350264197,9.000000000,1,-73.974927000,40.755975000
122929,2014-01-27 11:05:39+00:00,-73.987232000,40.750807000,0.495990548,1.588148410,10.000000000,1,-73.969336000,40.766379000
189446,2014-01-27 11:49:00+00:00,-73.999667000,40.734122000,-0.532657927,-0.276043755,12.500000000,1,-73.998762000,40.714570000
151289,2014-01-27 12:11:34+00:00,-73.976392000,40.751868000,1.409724008,1.716543757,17.000000000,2,-73.992935000,40.753565000
93443,2014-01-27 12:58:36+00:00,-74.008332000,40.735532000,-1.266102820,-0.127824757,9.500000000,1,-73.998905000,40.713538000
114587,2014-01-27 14:13:30+00:00,-73.970988000,40.761513000,1.853364943,2.792545661,19.000000000,1,-74.008576000,40.711572000
177007,2014-01-27 14:20:00+00:00,-73.997588000,40.725735000,-0.346476870,-1.205055715,8.500000000,4,-73.976787000,40.739025000
62002,2014-01-27 14:55:00+00:00,-73.961128000,40.774983000,2.667901989,4.297626631,9.000000000,1,-73.979372000,40.786982000
16826,2014-01-27 15:45:46+00:00,-73.994165000,40.751049000,-0.089597336,1.608281347,7.500000000,1,-73.986095000,40.758962000
15794,2014-01-27 15:56:42+00:00,-73.977531000,40.764577000,1.297133191,3.126216764,4.500000000,1,-73.983257000,40.770802000
99612,2014-01-27 17:28:00+00:00,-73.975802000,40.763570000,1.444369249,3.016134173,5.500000000,2,-73.966563000,40.772082000
31118,2014-01-27 18:30:00+00:00,-73.982060000,40.768122000,0.910310502,3.515293923,10.500000000,1,-73.980145000,40.789820000
186006,2014-01-27 18:39:00+00:00,-73.998875000,40.739610000,-0.472728278,0.333924715,4.500000000,1,-73.995602000,40.733070000
45583,2014-01-27 18:41:00+00:00,-73.981530000,40.759060000,0.966717940,2.509862700,22.500000000,1,-74.009930000,40.705370000
44284,2014-01-27 19:28:00+00:00,-73.967845000,40.753865000,2.128638926,1.946676148,3.000000000,1,-73.965310000,40.754777000
58586,2014-01-27 20:12:00+00:00,-73.975085000,40.777307000,1.487071284,4.541753667,8.000000000,5,-73.983395000,40.738585000
168800,2014-01-27 20:48:00+00:00,-73.999100000,40.728157000,-0.477231664,-0.937653914,5.500000000,1,-74.002090000,40.719200000
59586,2014-01-27 21:05:00+00:00,-73.973742000,40.784402000,1.591186299,5.330679820,7.500000000,2,-73.968767000,40.799090000
134522,2014-01-27 21:05:00+00:00,-73.970822000,40.758062000,1.871869494,2.409623014,6.000000000,2,-73.980098000,40.743372000
48212,2014-01-27 21:49:34+00:00,-74.006438000,40.717064000,-1.082979012,-2.176088619,9.000000000,1,-74.001624000,40.746708000
122641,2014-01-27 23:05:08+00:00,-73.958249000,40.768951000,2.918809374,3.630908763,11.000000000,1,-73.985462000,40.727682000
55581,2014-01-28 06:35:20+00:00,-73.972506000,40.756062000,1.732322050,2.185942284,7.000000000,1,-73.989065000,40.736704000
127775,2014-01-28 09:01:43+00:00,-73.954365000,40.764095000,3.253030308,3.095754805,4.000000000,1,-73.959392000,40.760127000
156018,2014-01-28 09:58:26+00:00,-73.982366000,40.775426000,0.875079526,4.325794501,10.500000000,2,-73.955254000,40.781036000
95560,2014-01-28 10:55:18+00:00,-73.862786000,40.768842000,10.975738825,3.718862194,32.830000000,1,-73.976436000,40.751670000
106070,2014-01-28 11:59:18+00:00,-73.954955000,40.777400000,3.185638651,4.572120491,3.500000000,1,-73.951548000,40.783638000
18340,2014-01-28 12:49:53+00:00,-74.011101000,40.707651000,-1.465061118,-3.225437327,10.500000000,1,-74.004815000,40.744169000
35199,2014-01-28 13:08:00+00:00,-73.961843000,40.776262000,2.605883562,4.438891361,9.000000000,2,-73.982282000,40.768412000
132207,2014-01-28 13:57:07+00:00,-73.978324000,40.763369000,1.231763816,2.991339949,10.000000000,1,-73.952047000,40.777885000
130174,2014-01-28 14:14:00+00:00,-73.967525000,40.760395000,2.147123180,2.671872848,5.000000000,3,-73.960082000,40.762822000
32808,2014-01-28 15:04:00+00:00,-73.990227000,40.741202000,0.255420573,0.519011214,28.000000000,3,-73.990670000,40.703117000
167782,2014-01-28 15:44:35+00:00,-73.875118000,40.773997000,9.927615701,4.277691561,34.500000000,1,-74.005100000,40.718841000
115204,2014-01-28 16:42:38+00:00,-73.980880000,40.779586000,0.995115315,4.789042804,5.000000000,1,-73.972314000,40.789930000
79654,2014-01-28 17:21:00+00:00,-73.976922000,40.764327000,1.348857651,3.099064046,10.500000000,1,-73.947605000,40.771007000
69620,2014-01-28 17:22:53+00:00,-73.996582000,40.729587000,-0.266405517,-0.776487192,4.500000000,1,-73.989464000,40.726196000
162160,2014-01-28 17:52:00+00:00,-74.001142000,40.725370000,-0.646155260,-1.248993440,57.330000000,2,-73.981250000,40.779282000
74901,2014-01-28 18:09:00+00:00,-73.952667000,40.798407000,3.350864242,6.906371441,57.330000000,1,-73.782537000,40.644142000
27067,2014-01-28 18:11:00+00:00,-73.985070000,40.763202000,0.662591671,2.966193563,10.500000000,1,-73.986390000,40.754070000
96171,2014-01-28 19:15:19+00:00,-73.966204000,40.764465000,2.253302205,3.124986618,8.000000000,1,-73.950119000,40.780150000
154198,2014-01-28 19:37:00+00:00,-73.996052000,40.727730000,-0.219291993,-0.982115227,6.500000000,6,-73.987410000,40.730052000
51868,2014-01-28 19:50:00+00:00,-73.984512000,40.726557000,0.756751163,-1.101119537,3.500000000,1,-73.990847000,40.727657000
125828,2014-01-28 19:51:37+00:00,-73.975412000,40.762650000,1.478479123,2.914391528,8.000000000,1,-73.962658000,40.768299000
121145,2014-01-28 20:27:00+00:00,-73.987450000,40.728925000,0.505605370,-0.841120622,14.500000000,5,-73.962557000,40.766802000
150311,2014-01-29 00:01:00+00:00,-73.902302000,40.767857000,7.642072531,3.567039443,19.330000000,1,-73.937478000,40.801092000
70864,2014-01-29 03:12:02+00:00,-74.004406000,40.742380000,-0.943217782,0.636102956,11.500000000,1,-73.982871000,40.723446000
156042,2014-01-29 04:58:09+00:00,-73.973240000,40.785130000,1.632597448,5.411989390,9.500000000,1,-73.973448000,40.758189000
126887,2014-01-29 06:43:30+00:00,-73.950914000,40.774903000,3.529957306,4.299004222,13.500000000,1,-73.987974000,40.737726000
97815,2014-01-29 06:48:00+00:00,-74.016065000,40.711165000,-1.888759216,-2.840069865,20.500000000,1,-73.975627000,40.751702000
114799,2014-01-29 07:54:59+00:00,-73.974142000,40.750580000,1.601336130,1.575784093,9.500000000,1,-73.978200000,40.764112000
83581,2014-01-29 08:08:00+00:00,-73.962222000,40.798955000,2.544090883,6.957619533,12.000000000,2,-73.960860000,40.779892000
96946,2014-01-29 08:41:57+00:00,-73.870849000,40.773819000,10.288133433,4.262560666,43.500000000,1,-73.982157000,40.670160000
173378,2014-01-29 09:35:43+00:00,-74.006375000,40.733199000,-1.097925224,-0.384935365,6.500000000,1,-73.995942000,40.726451000
69161,2014-01-29 11:24:33+00:00,-74.016022000,40.715208000,-1.890154931,-2.391230202,26.000000000,1,-73.981590000,40.753468000
32439,2014-01-29 12:17:04+00:00,-73.989161000,40.752669000,0.330764722,1.792966580,8.500000000,1,-73.995190000,40.728854000
88752,2014-01-29 12:59:07+00:00,-73.994963000,40.740633000,-0.143724255,0.451259191,5.500000000,1,-74.003023000,40.733053000
124274,2014-01-29 13:21:00+00:00,-73.954455000,40.765807000,3.243169360,3.285709480,5.500000000,1,-73.959022000,40.759992000
71588,2014-01-29 14:59:05+00:00,-73.957795000,40.774275000,2.950104197,4.222369454,8.000000000,1,-73.968538000,40.770420000
77163,2014-01-29 15:13:00+00:00,-73.983388000,40.730177000,0.847020479,-0.698176270,12.500000000,6,-74.003105000,40.749252000
111592,2014-01-29 15:48:34+00:00,-73.969078000,40.756494000,2.021126009,2.237291292,8.500000000,1,-73.986311000,40.729738000
112441,2014-01-29 17:15:23+00:00,-73.989153000,40.768173000,0.311613422,3.514033781,15.000000000,1,-74.000082000,40.737902000
56038,2014-01-29 17:19:00+00:00,-73.947932000,40.722682000,3.851093729,-1.494901603,22.500000000,1,-73.996572000,40.682667000
123343,2014-01-29 17:40:00+00:00,-73.944030000,40.776027000,4.109390003,4.430747605,3.500000000,2,-73.947495000,40.771267000
33705,2014-01-29 17:51:40+00:00,-73.990074000,40.739281000,0.270791947,0.305915258,3.500000000,1,-73.988868000,40.737048000
77909,2014-01-29 18:29:45+00:00,-73.999793000,40.733523000,-0.542539903,-0.342658104,5.000000000,1,-73.989715000,40.739360000
36808,2014-01-29 19:11:27+00:00,-73.987150000,40.747905000,0.506630559,1.266085261,17.000000000,1,-73.974196000,40.791738000
163667,2014-01-29 19:30:00+00:00,-73.982023000,40.771637000,0.908905615,3.905522073,12.000000000,1,-73.980967000,40.747275000
57843,2014-01-29 19:34:00+00:00,-73.959607000,40.773985000,2.797571552,4.188362010,6.500000000,4,-73.964188000,40.763015000
44413,2014-01-29 19:59:47+00:00,-73.971150000,40.794421000,1.796843139,6.445432145,7.500000000,1,-73.963634000,40.811427000
172328,2014-01-29 21:08:06+00:00,-73.994863000,40.721368000,-0.110798709,-1.687191395,19.500000000,1,-73.929833000,40.691610000
186267,2014-01-29 21:31:00+00:00,-74.003165000,40.734285000,-0.828236271,-0.261309256,20.000000000,6,-73.952387000,40.772617000
626,2014-01-29 21:46:00+00:00,-73.977968000,40.745667000,1.284696742,1.026637040,9.500000000,3,-73.985232000,40.763340000
138437,2014-01-29 22:03:00+00:00,-73.979995000,40.765442000,1.088050200,3.219817705,16.500000000,5,-74.012105000,40.707307000
71513,2014-01-29 22:44:43+00:00,-73.992466000,40.745353000,0.061089161,0.977629517,10.500000000,1,-73.967772000,40.770290000
183743,2014-01-30 00:44:49+00:00,-73.975251000,40.757046000,1.499333189,2.292464163,9.000000000,2,-73.992242000,40.745177000
66043,2014-01-30 00:48:00+00:00,-73.940093000,40.750960000,4.475238658,1.652123071,10.000000000,1,-73.947353000,40.771370000
103477,2014-01-30 01:11:39+00:00,-73.999294000,40.727862000,-0.493241372,-0.970587650,8.000000000,3,-73.986013000,40.750748000
33271,2014-01-30 04:59:37+00:00,-73.971944000,40.786633000,1.739993048,5.580115441,57.330000000,1,-73.782366000,40.648817000
191627,2014-01-30 05:55:00+00:00,-73.991967000,40.749207000,0.098304420,1.405934911,6.000000000,1,-73.975767000,40.741487000
151041,2014-01-30 06:55:34+00:00,-73.970326000,40.789098000,1.873297682,5.855351866,5.000000000,1,-73.980986000,40.774478000
70917,2014-01-30 08:05:11+00:00,-73.981725000,40.778404000,0.925334868,4.657003427,4.000000000,4,-73.976062000,40.786140000
164872,2014-01-30 08:31:26+00:00,-73.914124000,40.746247000,6.674001744,1.155744723,21.500000000,1,-73.969786000,40.763229000
185081,2014-01-30 08:57:58+00:00,-73.959264000,40.763073000,2.840886849,2.977388788,9.500000000,1,-73.975009000,40.755800000
81267,2014-01-30 11:18:00+00:00,-73.967710000,40.801082000,2.078350904,7.188268969,9.500000000,1,-73.983065000,40.775017000
29958,2014-01-30 13:05:27+00:00,-74.008097000,40.747943000,-1.261827556,1.250107276,15.500000000,1,-73.984420000,40.753408000
164571,2014-01-30 13:22:00+00:00,-73.997275000,40.736797000,-0.334067793,0.023203951,15.500000000,2,-73.969575000,40.762052000
59633,2014-01-30 13:37:44+00:00,-73.999881000,40.748254000,-0.568601442,1.292501723,7.000000000,1,-73.994733000,40.747973000
149337,2014-01-30 14:20:41+00:00,-74.010352000,40.720498000,-1.417859132,-1.798624649,8.000000000,1,-74.006428000,40.704486000
38982,2014-01-30 14:49:00+00:00,-73.957537000,40.774032000,2.972197347,4.195653250,9.500000000,1,-73.960747000,40.759122000
33103,2014-01-30 15:16:00+00:00,-73.955363000,40.785687000,3.140252647,5.491633796,10.500000000,1,-73.953272000,40.767647000
116286,2014-01-30 15:59:02+00:00,-73.973793000,40.791750000,1.577338186,6.146316549,5.500000000,1,-73.976655000,40.785412000
148500,2014-01-30 17:04:00+00:00,-73.982177000,40.769888000,0.898161624,3.711218852,3.500000000,1,-73.982390000,40.774632000
2960,2014-01-30 17:53:00+00:00,-73.992760000,40.733875000,0.050887371,-0.296794131,8.500000000,1,-73.974598000,40.742267000
137634,2014-01-30 19:11:00+00:00,-73.966682000,40.761882000,2.216334724,2.837778706,5.000000000,1,-73.956715000,40.771275000
65682,2014-01-30 19:28:00+00:00,-74.014968000,40.710385000,-1.795125190,-2.925616249,57.330000000,1,-73.979695000,40.749740000
91766,2014-01-30 19:37:29+00:00,-73.984914000,40.736458000,0.710095128,-0.002432505,19.500000000,1,-73.967801000,40.787473000
31584,2014-01-30 20:29:00+00:00,-73.984248000,40.758847000,0.737567890,2.483558840,10.000000000,2,-73.987447000,40.744502000
43094,2014-01-30 20:45:00+00:00,-73.966762000,40.764185000,2.206571774,3.093349713,7.000000000,2,-73.956827000,40.780875000
20790,2014-01-30 21:48:00+00:00,-74.005985000,40.720337000,-1.048830018,-1.812331137,20.000000000,6,-73.953917000,40.779017000
166966,2014-01-30 21:54:00+00:00,-73.986917000,40.760272000,0.510453190,2.639140030,13.000000000,2,-73.957910000,40.780487000
180583,2014-01-30 22:30:00+00:00,-73.969842000,40.797452000,1.903238672,6.783193598,15.500000000,4,-73.997792000,40.756572000
115028,2014-01-30 22:37:31+00:00,-73.992519000,40.745290000,0.056694837,0.970584706,13.000000000,1,-73.952815000,40.776592000
79039,2014-01-31 00:19:24+00:00,-74.002370000,40.714558000,-0.736227427,-2.450375986,4.500000000,1,-73.995072000,40.712246000
44093,2014-01-31 00:28:33+00:00,-74.002338000,40.729635000,-0.752538682,-0.776697863,6.500000000,1,-74.001463000,40.746634000
48158,2014-01-31 00:41:31+00:00,-73.981336000,40.744950000,1.001273720,0.943739389,9.500000000,1,-73.999428000,40.717674000
55884,2014-01-31 01:44:00+00:00,-74.006305000,40.741365000,-1.102274967,0.521614080,6.000000000,1,-73.997668000,40.743277000
166514,2014-01-31 07:40:00+00:00,-73.969480000,40.797362000,1.933894589,6.773561715,7.500000000,2,-73.979963000,40.781382000
32562,2014-01-31 08:19:00+00:00,-73.978080000,40.747382000,1.273024474,1.216904363,13.000000000,1,-74.009624000,40.715028000
127577,2014-01-31 10:35:48+00:00,-73.998054000,40.732895000,-0.394900949,-0.410696060,5.500000000,1,-73.997025000,40.725104000
67115,2014-01-31 11:01:00+00:00,-73.975085000,40.765542000,1.502329324,3.235747811,9.500000000,2,-73.990407000,40.739592000
61816,2014-01-31 11:49:00+00:00,-73.973437000,40.763772000,1.643720836,3.040890480,7.500000000,1,-73.959185000,40.774752000
45462,2014-01-31 11:56:00+00:00,-73.998803000,40.734507000,-0.460188701,-0.232474462,8.500000000,1,-73.989857000,40.747237000
76417,2014-01-31 12:16:56+00:00,-73.969940000,40.765530000,1.936587442,3.239501096,3.500000000,1,-73.966124000,40.771167000
134098,2014-01-31 14:30:00+00:00,-73.967613000,40.765847000,2.132574270,3.276998921,3.500000000,6,-73.963407000,40.771807000
199994,2014-01-31 14:42:00+00:00,-73.983070000,40.760770000,0.834528125,2.698177868,12.000000000,1,-73.972972000,40.754177000
192097,2014-01-31 14:49:00+00:00,-73.946248000,40.773077000,3.926151847,4.101023364,4.500000000,1,-73.956412000,40.777377000
10107,2014-01-31 15:27:29+00:00,-73.976290000,40.746991000,1.424649371,1.175261564,7.500000000,1,-73.972001000,40.761012000
151592,2014-01-31 15:38:00+00:00,-73.977395000,40.784395000,1.282966231,5.326302484,14.000000000,4,-73.972280000,40.759542000
23559,2014-01-31 18:00:40+00:00,-73.998863000,40.713601000,-0.438796885,-2.553238619,6.500000000,1,-74.009102000,40.704456000
104471,2014-01-31 20:10:00+00:00,-73.982587000,40.742135000,0.899277667,0.630029230,16.500000000,1,-73.981082000,40.774662000
141808,2014-01-31 21:34:00+00:00,-73.957928000,40.765107000,2.950968995,3.204516790,5.000000000,4,-73.948108000,40.776300000
10387,2014-01-31 22:04:28+00:00,-73.982080000,40.727792000,0.960544617,-0.961647972,8.500000000,1,-73.996043000,40.738427000
176834,2014-01-31 22:10:13+00:00,-73.996035000,40.732843000,-0.224346388,-0.414520809,18.500000000,1,-73.955432000,40.782502000
9250,2014-01-31 22:17:17+00:00,-73.992327000,40.715135000,0.111322330,-2.376641187,11.500000000,1,-74.012640000,40.701561000
49353,2014-01-31 22:43:51+00:00,-74.006410000,40.743883000,-1.114304159,0.801029416,15.000000000,2,-73.987823000,40.756271000
144712,2014-01-31 22:49:00+00:00,-73.988262000,40.748302000,0.412244035,1.309072371,14.000000000,2,-73.983240000,40.722012000
57420,2014-01-31 22:58:00+00:00,-73.994107000,40.758507000,-0.094190530,2.436230010,17.000000000,1,-73.956470000,40.766945000
191198,2014-01-31 23:26:00+00:00,-73.987980000,40.718630000,0.474019133,-1.984451279,11.000000000,1,-73.991472000,40.744425000
194202,2014-01-31 23:34:00+00:00,-74.006072000,40.734970000,-1.074565058,-0.188052595,7.000000000,1,-73.990915000,40.734350000
163245,2014-02-01 00:05:42+00:00,-73.990005000,40.756392000,0.254760280,2.205426570,11.000000000,1,-73.963688000,40.754500000
3102,2014-02-01 00:06:00+00:00,-73.992732000,40.726770000,0.062299902,-1.085470770,11.500000000,1,-73.996085000,40.760985000
55731,2014-02-01 02:15:00+00:00,-74.006347000,40.738865000,-1.102679759,0.244056495,10.500000000,2,-74.005340000,40.718397000
195058,2014-02-01 06:37:00+00:00,-73.970875000,40.762750000,1.861292266,2.929973886,22.500000000,2,-74.004582000,40.752372000
46567,2014-02-01 08:23:54+00:00,-73.959287000,40.763415000,2.838495252,3.015330379,5.000000000,1,-73.969772000,40.763245000
74977,2014-02-01 09:46:00+00:00,-73.957840000,40.761127000,2.963643973,2.762794532,19.000000000,1,-73.964277000,40.807647000
144656,2014-02-01 10:10:00+00:00,-73.971167000,40.785230000,1.807378833,5.425139993,9.500000000,3,-73.992295000,40.762487000
92727,2014-02-01 11:55:01+00:00,-74.002403000,40.739765000,-0.770805447,0.347739626,28.000000000,1,-73.915700000,40.757382000
62637,2014-02-01 12:33:00+00:00,-73.998060000,40.745007000,-0.410753278,0.933814914,4.500000000,2,-73.989985000,40.741532000
177828,2014-02-01 12:56:21+00:00,-73.999347000,40.724920000,-0.493995425,-1.297220535,17.000000000,2,-73.964201000,40.773295000
192280,2014-02-01 13:42:00+00:00,-73.973920000,40.747257000,1.624389844,1.207125894,33.330000000,1,-73.823100000,40.750582000
145895,2014-02-01 13:55:41+00:00,-73.969640000,40.760317000,1.968703203,2.661115828,4.000000000,1,-73.962072000,40.759371000
39755,2014-02-01 14:09:07+00:00,-73.972890000,40.796008000,1.647985641,6.619881204,7.000000000,1,-73.982521000,40.781011000
10245,2014-02-01 17:19:00+00:00,-73.994225000,40.761465000,-0.107914568,2.764475761,6.000000000,1,-74.004267000,40.750377000
105717,2014-02-01 17:44:00+00:00,-74.003577000,40.749747000,-0.882509059,1.454686468,17.000000000,5,-74.006780000,40.719982000
82178,2014-02-01 17:55:00+00:00,-73.973240000,40.756290000,1.670066873,2.210526779,8.000000000,1,-73.982625000,40.737637000
175136,2014-02-01 17:59:00+00:00,-73.985195000,40.779030000,0.631716517,4.723100850,8.000000000,1,-73.976252000,40.763137000
5466,2014-02-01 18:03:25+00:00,-73.951825000,40.773612000,3.454791236,4.154774005,16.500000000,1,-73.983227000,40.721932000
105683,2014-02-01 19:53:53+00:00,-73.987521000,40.765453000,0.452834537,3.213681443,15.500000000,1,-74.007886000,40.740282000
31885,2014-02-01 19:59:00+00:00,-74.009355000,40.717352000,-1.329715437,-2.146901906,5.500000000,1,-74.006875000,40.731055000
56233,2014-02-01 21:03:00+00:00,-73.971995000,40.757865000,1.773112354,2.386593932,11.000000000,1,-73.971995000,40.757865000
76374,2014-02-01 21:27:00+00:00,-73.982002000,40.740397000,0.950906899,0.437671494,7.000000000,1,-73.974100000,40.751227000
41743,2014-02-01 21:55:00+00:00,-73.988865000,40.744677000,0.365972875,0.906084677,7.000000000,5,-73.977892000,40.754242000
187564,2014-02-01 22:35:59+00:00,-73.977082000,40.764142000,1.335592693,3.078370190,17.000000000,1,-74.005323000,40.740205000
26226,2014-02-01 22:36:00+00:00,-73.951828000,40.769615000,3.459839457,3.711072613,27.000000000,6,-73.983980000,40.767510000
68820,2014-02-01 22:51:26+00:00,-74.007620000,40.704883000,-1.167536096,-3.529386645,16.500000000,1,-73.977730000,40.746183000
130330,2014-02-01 23:00:46+00:00,-73.978017000,40.745800000,1.280387964,1.041352832,5.500000000,1,-73.977295000,40.752336000
184985,2014-02-01 23:19:03+00:00,-73.984833000,40.752738000,0.696033343,1.804843325,8.000000000,3,-73.982225000,40.771837000
17181,2014-02-01 23:53:00+00:00,-74.006965000,40.729180000,-1.142699872,-0.831635399,23.000000000,5,-73.956192000,40.803087000
166125,2014-02-02 00:16:00+00:00,-74.004557000,40.733812000,-0.945181823,-0.315149168,9.500000000,1,-73.997257000,40.719492000
80672,2014-02-02 01:55:35+00:00,-73.930587000,40.744393000,5.286612469,0.932871829,5.500000000,1,-73.919287000,40.744892000
64572,2014-02-02 02:36:34+00:00,-73.990784000,40.746111000,0.202126784,1.063404348,17.000000000,1,-73.943895000,40.808110000
79034,2014-02-02 03:52:15+00:00,-73.986552000,40.732997000,0.576221332,-0.388225591,8.000000000,2,-73.971133000,40.751309000
197972,2014-02-02 04:45:00+00:00,-73.995495000,40.724775000,-0.168501573,-1.309602271,13.500000000,1,-73.938807000,40.706322000
7011,2014-02-02 10:27:00+00:00,-73.991053000,40.760805000,0.160663548,2.694284591,6.000000000,5,-74.004158000,40.742375000
104812,2014-02-02 10:33:23+00:00,-73.963147000,40.777591000,2.494098610,4.585119312,7.500000000,1,-73.978974000,40.761880000
66301,2014-02-02 10:40:00+00:00,-73.973432000,40.748167000,1.664407246,1.308624278,5.500000000,1,-73.985460000,40.753265000
139071,2014-02-02 10:46:20+00:00,-74.000841000,40.742118000,-0.641893573,0.610439090,18.000000000,1,-73.962411000,40.719645000
125463,2014-02-02 11:44:07+00:00,-73.979868000,40.726982000,1.148389551,-1.049395616,9.000000000,1,-73.999335000,40.744178000
36499,2014-02-02 13:41:12+00:00,-73.995954000,40.742729000,-0.230057985,0.682972478,10.500000000,2,-73.982025000,40.769404000
54746,2014-02-02 14:54:51+00:00,-73.983091000,40.763393000,0.829381033,2.989330016,60.000000000,1,-73.983099000,40.763141000
102218,2014-02-02 15:29:07+00:00,-73.948427000,40.774227000,3.740732604,4.226475833,11.000000000,4,-73.972464000,40.749193000
196885,2014-02-02 16:15:00+00:00,-73.982223000,40.767820000,0.896942607,3.481610018,7.500000000,6,-73.991818000,40.770597000
102532,2014-02-02 16:19:00+00:00,-73.986965000,40.736612000,0.536716315,0.012662147,8.500000000,3,-73.974763000,40.741995000
162127,2014-02-02 17:04:00+00:00,-73.970782000,40.793665000,1.828874237,6.361874308,5.000000000,1,-73.962947000,40.804177000
183692,2014-02-02 17:39:02+00:00,-73.996517000,40.737202000,-0.270578336,0.068893095,5.500000000,1,-73.993945000,40.746063000
101709,2014-02-02 17:45:00+00:00,-73.998007000,40.757022000,-0.421505996,2.267617784,57.330000000,1,-73.782220000,40.648597000
81908,2014-02-02 19:22:00+00:00,-73.982718000,40.739497000,0.891610896,0.337064283,9.000000000,2,-73.992787000,40.721617000
65960,2014-02-02 19:24:00+00:00,-73.978555000,40.777900000,1.193485440,4.604165689,7.000000000,1,-73.992595000,40.756612000
178114,2014-02-02 19:47:00+00:00,-74.008077000,40.723887000,-1.229967256,-1.420255390,11.000000000,1,-73.998417000,40.755442000
129073,2014-02-02 20:08:36+00:00,-74.009458000,40.703997000,-1.321696657,-3.629490645,12.000000000,1,-73.983759000,40.723875000
96061,2014-02-02 22:14:20+00:00,-73.982304000,40.731919000,0.936318041,-0.503741735,10.000000000,1,-73.959869000,40.762600000
179183,2014-02-02 22:20:00+00:00,-73.788288000,40.681900000,17.396357145,-5.848216470,21.500000000,1,-73.853507000,40.713322000
1067,2014-02-02 22:27:00+00:00,-73.781095000,40.645015000,18.060987297,-9.934297454,52.000000000,1,0.000000000,0.000000000
13410,2014-02-02 22:43:18+00:00,-73.995770000,40.764590000,-0.242292068,3.109880436,6.500000000,1,-74.000352000,40.747955000
112368,2014-02-02 23:04:52+00:00,-73.999628000,40.743905000,-0.541740238,0.809975160,10.000000000,1,-73.983964000,40.775362000
22091,2014-02-02 23:05:18+00:00,-73.973809000,40.764287000,1.611654246,3.097692101,13.000000000,1,-73.950870000,40.806710000
53437,2014-02-02 23:27:13+00:00,-74.005251000,40.709034000,-0.972627071,-3.066335741,13.000000000,1,-73.982484000,40.693956000
88364,2014-02-03 09:54:58+00:00,-73.997790000,40.757114000,-0.403305326,2.278039635,14.500000000,1,-73.975349000,40.762778000
4828,2014-02-03 10:24:32+00:00,-73.991364000,40.749960000,0.148249941,1.490108205,9.000000000,1,-73.995553000,40.730654000
96392,2014-02-03 11:54:29+00:00,-73.978473000,40.764755000,1.217396388,3.145050010,10.500000000,2,-73.992917000,40.756837000
43604,2014-02-03 13:57:00+00:00,-73.967450000,40.753627000,2.162293964,1.920648626,8.500000000,1,-73.986168000,40.740422000
179107,2014-02-03 14:08:47+00:00,-73.983092000,40.750020000,0.846499388,1.504826993,57.330000000,1,-73.776473000,40.645155000
166838,2014-02-03 14:31:05+00:00,-73.975211000,40.752631000,1.508432829,1.802405868,8.500000000,1,-73.971934000,40.763454000
118033,2014-02-03 14:44:00+00:00,-73.977848000,40.755357000,1.282300129,2.102415921,7.000000000,1,-73.963423000,40.765992000
130404,2014-02-03 15:57:42+00:00,-73.984045000,40.760945000,0.752006506,2.716650862,5.000000000,2,-73.988982000,40.768648000
43461,2014-02-03 16:29:57+00:00,-73.986347000,40.777732000,0.536171553,4.577888700,4.500000000,1,-73.987539000,40.769520000
94636,2014-02-03 17:03:00+00:00,-74.008337000,40.707602000,-1.231513727,-3.228244428,11.500000000,1,-73.798342000,40.667362000
122336,2014-02-03 18:56:00+00:00,-73.998847000,40.744642000,-0.476734991,0.892539167,15.000000000,1,-73.970975000,40.798690000
15700,2014-02-03 20:48:00+00:00,-73.971988000,40.755767000,1.776431536,2.153707191,10.000000000,1,-74.000207000,40.734042000
102809,2014-02-03 21:08:14+00:00,-74.003528000,40.717541000,-0.837795190,-2.120353841,5.000000000,1,-74.007670000,40.725797000
77850,2014-02-03 22:08:06+00:00,-73.977778000,40.748955000,1.296486772,1.391815703,9.500000000,1,-74.005553000,40.748287000
165803,2014-02-03 22:27:32+00:00,-74.007987000,40.737034000,-1.238855513,0.039236720,6.000000000,2,-74.000702000,40.744484000
131947,2014-02-03 22:57:00+00:00,-74.002072000,40.732797000,-0.734065516,-0.425438989,8.500000000,5,-73.982285000,40.745812000
36519,2014-02-03 23:12:13+00:00,-73.988431000,40.764211000,0.377619255,3.074924176,8.000000000,1,-73.974264000,40.788602000
188898,2014-02-04 05:03:34+00:00,-74.009097000,40.704043000,-1.291257493,-3.624040422,11.500000000,1,-73.974824000,40.732984000
87990,2014-02-04 06:59:30+00:00,-73.990726000,40.775246000,0.169823188,4.297662458,11.500000000,1,-73.953331000,40.764948000
112399,2014-02-04 07:54:00+00:00,-73.990492000,40.756430000,0.213602925,2.209171827,23.000000000,1,-74.000957000,40.710312000
189469,2014-02-04 10:12:00+00:00,-73.990553000,40.746060000,0.221694158,1.057967247,6.500000000,1,-73.990553000,40.746060000
31759,2014-02-04 10:16:51+00:00,-74.014477000,40.703708000,-1.745334628,-3.666340197,19.000000000,1,-73.984846000,40.748637000
88702,2014-02-04 11:26:00+00:00,-73.956880000,40.774847000,3.026565879,4.286783758,4.500000000,3,-73.952982000,40.777457000
137025,2014-02-04 11:35:09+00:00,-73.991397000,40.730055000,0.170851625,-0.719519170,10.500000000,3,-73.986027000,40.743663000
128080,2014-02-04 11:57:05+00:00,-73.962574000,40.778559000,2.541180691,4.693146688,13.000000000,1,-73.961696000,40.757758000
187385,2014-02-04 12:38:00+00:00,-73.962827000,40.775525000,2.523813756,4.356096272,17.000000000,1,-73.986490000,40.756087000
153594,2014-02-04 13:39:01+00:00,-73.988180000,40.728139000,0.444964418,-0.929082663,9.500000000,2,-74.001904000,40.716883000
113496,2014-02-04 14:11:00+00:00,-73.991353000,40.750512000,0.148474348,1.551394875,11.000000000,1,-73.975787000,40.754520000
66233,2014-02-04 15:30:00+00:00,-73.985770000,40.741240000,0.631683501,0.527567865,9.000000000,1,-73.971703000,40.758432000
37331,2014-02-04 15:55:00+00:00,-74.004569000,40.747919000,-0.963952970,1.250815098,6.000000000,1,-73.992219000,40.740170000
31666,2014-02-04 16:15:00+00:00,-73.960317000,40.766380000,2.747659317,3.343437494,12.000000000,1,-73.988395000,40.754012000
106021,2014-02-04 16:53:00+00:00,-73.977187000,40.738880000,1.359412230,0.273999460,9.500000000,3,-73.975158000,40.751927000
181197,2014-02-04 17:02:03+00:00,-73.980620000,40.759890000,1.042459814,2.602890827,12.500000000,1,-73.958760000,40.800140000
26086,2014-02-04 17:11:00+00:00,-73.991045000,40.727865000,0.203370058,-0.962282644,13.500000000,2,-73.958757000,40.763840000
127889,2014-02-04 17:31:32+00:00,-73.978733000,40.750655000,1.213668006,1.579589539,6.500000000,1,-73.968725000,40.760677000
66678,2014-02-04 18:39:00+00:00,-73.991660000,40.736170000,0.140846248,-0.040966939,8.500000000,2,-74.002357000,40.750102000
60241,2014-02-04 19:05:00+00:00,-73.976652000,40.776492000,1.355893951,4.449738421,11.000000000,1,-73.967405000,40.757770000
34421,2014-02-04 19:20:00+00:00,-73.982452000,40.770317000,0.874400553,3.758571913,13.000000000,5,-73.959215000,40.813657000
197774,2014-02-04 19:22:14+00:00,-73.976011000,40.744705000,1.451164249,0.921773776,4.000000000,1,-73.982247000,40.736136000
186972,2014-02-04 19:34:05+00:00,-73.962797000,40.773037000,2.529610980,4.079938701,14.000000000,1,-73.992654000,40.748639000
63075,2014-02-04 19:47:00+00:00,-73.981382000,40.752392000,0.987802315,1.769810384,4.000000000,2,-73.978665000,40.758132000
190529,2014-02-04 20:43:25+00:00,-73.957077000,40.802039000,2.974043636,7.305119270,3.500000000,1,-73.960806000,40.797497000
105044,2014-02-04 21:29:00+00:00,-73.976702000,40.747765000,1.388864823,1.260775580,14.000000000,1,-73.935472000,40.751407000
97759,2014-02-04 21:31:00+00:00,-73.987080000,40.722650000,0.544886103,-1.537327951,11.000000000,2,-73.977340000,40.752070000
144899,2014-02-04 21:37:42+00:00,-74.005173000,40.719675000,-0.979417721,-1.885040941,11.500000000,1,-73.980359000,40.749129000
86059,2014-02-04 23:29:37+00:00,-74.002212000,40.728024000,-0.739866237,-0.955408889,8.500000000,1,-73.977607000,40.734012000
52340,2014-02-05 04:47:46+00:00,-73.977162000,40.683735000,1.432808121,-5.847434283,24.000000000,1,-73.984465000,40.769248000
149251,2014-02-05 06:38:52+00:00,-73.977515000,40.749550000,1.317920238,1.458123675,8.500000000,1,-74.001652000,40.756483000
175604,2014-02-05 06:56:07+00:00,-73.997835000,40.713682000,-0.352067951,-2.543256832,9.500000000,1,-74.011797000,40.721782000
179738,2014-02-05 08:15:00+00:00,-73.988347000,40.746350000,0.407565668,1.092303593,86.900000000,1,-74.182880000,40.687912000
55537,2014-02-05 08:41:44+00:00,-73.963750000,40.771490000,2.451214491,3.907259173,12.000000000,1,-73.976955000,40.754320000
61896,2014-02-05 08:42:00+00:00,-73.971912000,40.753502000,1.785792510,1.902350529,17.500000000,5,-74.006610000,40.706002000
176641,2014-02-05 09:36:12+00:00,-73.994049000,40.746357000,-0.073835049,1.087547799,5.000000000,1,-74.001905000,40.740519000
76599,2014-02-05 09:58:00+00:00,-73.997337000,40.756717000,-0.364563405,2.234406533,10.500000000,2,-73.985097000,40.762082000
102680,2014-02-05 10:55:00+00:00,-73.985527000,40.763115000,0.624130805,2.956089833,5.500000000,1,-73.995027000,40.766812000
37111,2014-02-05 12:10:40+00:00,-73.962092000,40.805558000,2.546380021,7.690737584,13.000000000,1,-73.987197000,40.770201000
184379,2014-02-05 12:30:00+00:00,-73.970972000,40.751285000,1.868029303,1.657177165,9.000000000,6,-73.954643000,40.763907000
27052,2014-02-05 16:26:00+00:00,-73.972300000,40.762507000,1.741331932,2.901589312,11.000000000,3,-73.949950000,40.782022000
109027,2014-02-05 18:03:36+00:00,-73.995595000,40.749153000,-0.207908024,1.396429114,5.500000000,1,-73.998280000,40.742064000
111502,2014-02-05 18:28:40+00:00,-73.984004000,40.746145000,0.774487295,1.073782263,12.500000000,1,-73.978996000,40.763977000
67273,2014-02-05 19:04:00+00:00,-73.966430000,40.794312000,2.195185382,6.438015167,4.000000000,1,-73.970332000,40.789072000
88192,2014-02-05 19:33:50+00:00,-73.985595000,40.735074000,0.654368318,-0.156730853,8.500000000,2,-73.968961000,40.754595000
155550,2014-02-05 19:40:00+00:00,-73.981643000,40.766402000,0.947720493,3.324769258,10.000000000,6,-73.958482000,40.765352000
25030,2014-02-05 20:00:00+00:00,-73.973645000,40.764057000,1.625794911,3.072322261,7.500000000,5,-73.975622000,40.777010000
3643,2014-02-05 20:01:30+00:00,-73.981632000,40.743939000,0.977585432,0.831221143,10.000000000,1,-73.995779000,40.749861000
110574,2014-02-05 22:18:11+00:00,-73.990696000,40.740324000,0.216942784,0.421091601,4.000000000,1,-73.989799000,40.747180000
109480,2014-02-05 22:26:03+00:00,-73.986442000,40.767330000,0.541496082,3.423094125,4.000000000,1,-73.979715000,40.762659000
99057,2014-02-05 22:27:00+00:00,-73.982747000,40.756902000,0.866769166,2.269117078,8.000000000,1,-73.979477000,40.743047000
161773,2014-02-05 23:35:00+00:00,-73.975560000,40.687097000,1.563833504,-5.472654911,6.000000000,6,-73.958970000,40.692482000
34112,2014-02-06 00:18:00+00:00,-73.996913000,40.731567000,-0.296868295,-0.557013020,14.000000000,1,-73.965092000,40.763672000
56567,2014-02-06 02:15:00+00:00,-73.957910000,40.670687000,3.076858096,-7.276728485,19.000000000,1,-73.989022000,40.716565000
79186,2014-02-06 02:51:25+00:00,-73.971375000,40.794322000,1.777990086,6.434219639,9.500000000,1,-73.941343000,40.789442000
86412,2014-02-06 08:19:00+00:00,-73.981577000,40.741072000,0.985921457,0.513017523,6.000000000,6,-73.972735000,40.753332000
9312,2014-02-06 08:45:24+00:00,-73.965621000,40.790585000,2.268316530,6.025092535,10.000000000,1,-73.985555000,40.778297000
194604,2014-02-06 08:46:00+00:00,-73.987953000,40.743737000,0.444173597,0.802625342,8.500000000,1,-73.979080000,40.753102000
62595,2014-02-06 10:03:32+00:00,-74.004483000,40.741693000,-0.948854007,0.559767398,7.000000000,1,-73.998773000,40.735628000
174158,2014-02-06 10:13:49+00:00,-73.977363000,40.753191000,1.326042653,1.862450891,15.000000000,2,-74.005403000,40.727481000
56745,2014-02-06 10:21:46+00:00,-73.987784000,40.738335000,0.465356736,0.203129572,14.000000000,1,-74.006675000,40.737013000
67861,2014-02-06 10:25:09+00:00,-74.008393000,40.734922000,-1.270488753,-0.195597131,16.000000000,1,-73.975378000,40.754440000
178767,2014-02-06 10:41:00+00:00,-73.990212000,40.719322000,0.284620827,-1.909804649,7.500000000,1,-73.987480000,40.712968000
69475,2014-02-06 11:16:29+00:00,-73.965569000,40.771611000,2.297544562,3.918879391,8.000000000,1,-73.959648000,40.782661000
177453,2014-02-06 13:37:00+00:00,-73.988445000,40.737117000,0.411103005,0.067279692,28.000000000,1,-73.949202000,40.722517000
137942,2014-02-06 13:45:11+00:00,-73.994978000,40.740200000,-0.144440433,0.403178643,7.500000000,1,-74.006905000,40.742396000
118868,2014-02-06 14:15:00+00:00,-73.987482000,40.738835000,0.490216001,0.258927159,9.500000000,5,-73.995220000,40.750047000
84610,2014-02-06 15:05:00+00:00,-73.973085000,40.759072000,1.679536816,2.519502677,9.000000000,1,-73.979275000,40.767015000
181930,2014-02-06 15:47:40+00:00,-73.987190000,40.746953000,0.504473101,1.160367427,7.500000000,1,-73.993057000,40.758712000
53631,2014-02-06 15:59:22+00:00,-73.968458000,40.767593000,2.058977030,3.469979462,5.500000000,1,-73.963425000,40.767860000
91109,2014-02-06 17:17:00+00:00,-73.985382000,40.755755000,0.645816325,2.139216547,7.000000000,5,-73.982887000,40.744992000
170877,2014-02-06 17:44:07+00:00,-73.959544000,40.759371000,2.822126648,2.566158321,6.500000000,1,-73.973379000,40.759516000
50552,2014-02-06 17:53:00+00:00,-73.996947000,40.722340000,-0.288038827,-1.581305371,5.500000000,1,-73.984095000,40.728620000
171248,2014-02-06 18:13:00+00:00,-73.970685000,40.762872000,1.877170231,2.943704924,11.000000000,1,-73.944027000,40.775862000
120452,2014-02-06 19:19:00+00:00,-73.957680000,40.776420000,2.956979700,4.460596678,14.500000000,1,-73.976480000,40.732440000
461,2014-02-06 19:25:00+00:00,-74.002652000,40.733857000,-0.784378671,-0.308328232,8.500000000,1,-73.993335000,40.722450000
196209,2014-02-06 20:11:31+00:00,-73.983770000,40.764776000,0.770292879,3.142189454,11.500000000,1,-74.006926000,40.748769000
77492,2014-02-06 20:21:53+00:00,-73.998378000,40.750665000,-0.444768590,1.561587022,5.500000000,1,-74.008190000,40.747778000
7963,2014-02-06 21:08:32+00:00,-73.981921000,40.763107000,0.928501565,2.958727039,17.000000000,1,-73.996571000,40.722115000
90487,2014-02-06 21:17:00+00:00,-73.957605000,40.779790000,2.958863014,4.834768639,11.000000000,5,-73.964847000,40.753477000
171023,2014-02-06 23:23:45+00:00,-73.995616000,40.759768000,-0.223166967,2.574751318,6.000000000,1,-73.977465000,40.753384000
46103,2014-02-06 23:36:00+00:00,-73.995888000,40.744257000,-0.226425954,0.852655058,9.000000000,1,-73.988077000,40.763117000
141709,2014-02-07 02:39:00+00:00,-73.994193000,40.728390000,-0.063141264,-0.907054075,7.500000000,2,-73.993435000,40.727902000
120670,2014-02-07 07:22:58+00:00,-73.989448000,40.720105000,0.348147526,-1.822144182,11.500000000,1,-74.014056000,40.714004000
127750,2014-02-07 07:42:22+00:00,-73.998932000,40.749655000,-0.490258214,1.448936145,7.500000000,2,-73.993472000,40.734360000
102482,2014-02-07 08:12:49+00:00,-73.990956000,40.745007000,0.189014475,0.940685494,10.500000000,1,-73.972003000,40.744262000
78285,2014-02-07 08:25:00+00:00,-73.977072000,40.779977000,1.315939851,4.836187343,19.000000000,1,-73.988723000,40.741247000
121935,2014-02-07 08:42:00+00:00,-73.984410000,40.745522000,0.741010794,1.004228093,7.500000000,1,-73.986383000,40.755360000
41569,2014-02-07 09:06:00+00:00,-73.967340000,40.793337000,2.119688331,6.328877673,11.500000000,1,-73.980167000,40.775622000
166750,2014-02-07 09:59:00+00:00,-74.006830000,40.730785000,-1.133314894,-0.653340564,17.000000000,1,-73.976515000,40.750062000
122330,2014-02-07 11:28:00+00:00,-73.994690000,40.750180000,-0.132812402,1.511308255,14.000000000,1,-74.007020000,40.728490000
7566,2014-02-07 12:13:06+00:00,-73.968693000,40.767608000,2.039123859,3.471411408,8.500000000,1,-73.982238000,40.772198000
23628,2014-02-07 12:41:00+00:00,-73.992907000,40.727370000,0.046757266,-1.019036207,6.500000000,1,-73.983112000,40.738942000
22711,2014-02-07 12:57:00+00:00,-74.002055000,40.747030000,-0.750591375,1.154539892,11.500000000,6,-73.979550000,40.752780000
9959,2014-02-07 13:04:00+00:00,-73.983665000,40.749525000,0.798762769,1.449318070,32.830000000,1,-73.870705000,40.773952000
157872,2014-02-07 13:05:00+00:00,-73.976970000,40.738975000,1.377611638,0.284758637,12.000000000,1,-73.955317000,40.779435000
31637,2014-02-07 13:11:00+00:00,-73.968435000,40.765192000,2.064051938,3.203472887,13.500000000,2,-73.991660000,40.738877000
63826,2014-02-07 13:33:00+00:00,-73.971728000,40.766160000,1.784859015,3.307665739,11.000000000,1,-73.988732000,40.753752000
112038,2014-02-07 14:56:00+00:00,-73.956795000,40.766422000,3.044860207,3.351628317,14.000000000,1,-73.918070000,40.775777000
107440,2014-02-07 18:00:00+00:00,-73.991635000,40.769777000,0.100092372,3.689679393,6.000000000,5,-73.980602000,40.764782000
162113,2014-02-07 18:15:00+00:00,-73.994517000,40.740427000,-0.105805520,0.428822976,10.500000000,1,-73.978415000,40.750265000
60097,2014-02-07 18:33:00+00:00,-73.958010000,40.765072000,2.944094216,3.200549324,6.500000000,1,-73.955932000,40.779698000
139376,2014-02-07 18:36:00+00:00,-73.994550000,40.745962000,-0.115629719,1.043215332,5.000000000,1,-73.980610000,40.740487000
98060,2014-02-07 19:05:00+00:00,-73.977138000,40.774752000,1.317134151,4.256106520,6.500000000,1,-73.977983000,40.765042000
29702,2014-02-07 20:23:00+00:00,-73.983397000,40.781237000,0.780598958,4.969852061,5.500000000,6,-73.974422000,40.792397000
33243,2014-02-07 21:12:00+00:00,-73.969852000,40.784692000,1.919034707,5.366720118,4.000000000,1,-73.976372000,40.785877000
30617,2014-02-07 22:09:45+00:00,-73.951275000,40.785804000,3.485024165,5.508738305,9.500000000,1,-73.958055000,40.761201000
30801,2014-02-07 22:10:28+00:00,-73.952125000,40.777487000,3.424335480,4.584627229,6.000000000,2,-73.957534000,40.765696000
135443,2014-02-07 22:45:59+00:00,-74.008300000,40.721248000,-1.245492095,-1.713414625,30.500000000,1,-73.924698000,40.743713000
177312,2014-02-07 23:01:00+00:00,-73.979495000,40.767132000,1.128068584,3.407911281,25.000000000,1,-73.935957000,40.856632000
62918,2014-02-08 01:32:53+00:00,-73.941689000,40.687302000,4.425663149,-5.415981596,7.000000000,1,-73.921729000,40.678476000
139682,2014-02-08 02:07:44+00:00,-74.003032000,40.741199000,-0.825721923,0.506320318,7.000000000,1,-74.002540000,40.750040000
174018,2014-02-08 03:38:00+00:00,-74.015967000,40.710905000,-1.880157865,-2.868838789,7.000000000,1,-74.005432000,40.707100000
104498,2014-02-08 03:43:00+00:00,-73.914152000,40.756732000,6.657237028,2.319630960,14.500000000,1,-73.980440000,40.767882000
143169,2014-02-08 05:06:05+00:00,-73.998659000,40.738204000,-0.452710316,0.178056893,5.000000000,1,-74.005165000,40.728807000
121076,2014-02-08 08:11:32+00:00,-73.950030000,40.795595000,3.577057853,6.596876614,12.500000000,1,-73.983037000,40.767045000
97131,2014-02-08 08:45:00+00:00,-74.010115000,40.706767000,-1.380663997,-3.322628790,9.500000000,6,-73.996532000,40.729687000
5377,2014-02-08 09:24:50+00:00,-73.978583000,40.750463000,1.226579008,1.558423498,4.000000000,1,-73.974769000,40.755802000
115472,2014-02-08 10:26:02+00:00,-73.986856000,40.739706000,0.541956171,0.356224140,5.500000000,1,-73.986967000,40.729691000
84787,2014-02-08 10:31:18+00:00,-73.974823000,40.789942000,1.492785794,5.944597504,6.000000000,1,-73.981783000,40.779625000
130077,2014-02-08 11:20:00+00:00,-73.988005000,40.754222000,0.426362925,1.966485600,3.500000000,6,-73.991367000,40.749985000
131857,2014-02-08 11:51:51+00:00,-74.008752000,40.716102000,-1.277218931,-2.285085401,10.000000000,2,-74.002885000,40.749362000
23672,2014-02-08 15:53:18+00:00,-73.998068000,40.724907000,-0.385964652,-1.297431946,11.500000000,1,-73.989662000,40.702176000
78881,2014-02-08 16:00:28+00:00,-74.005973000,40.720392000,-1.047885630,-1.806214301,20.500000000,1,-73.964008000,40.687717000
147364,2014-02-08 17:37:00+00:00,-73.956202000,40.771272000,3.088503750,3.890611284,31.500000000,1,-73.870955000,40.774117000
98922,2014-02-08 18:47:00+00:00,-73.996502000,40.720487000,-0.248105638,-1.786571366,12.500000000,1,-73.991512000,40.749445000
25474,2014-02-08 20:27:00+00:00,-73.982075000,40.740412000,0.944724007,0.439265125,7.500000000,1,-73.968817000,40.755097000
167867,2014-02-08 21:48:00+00:00,-73.988828000,40.759085000,0.350668907,2.505513649,4.000000000,1,-73.982630000,40.762495000
171613,2014-02-08 21:58:00+00:00,-74.005682000,40.736792000,-1.043924415,0.014574880,9.500000000,6,-73.979852000,40.743432000
117481,2014-02-08 22:33:44+00:00,-73.999398000,40.743967000,-0.522400221,0.817078933,8.500000000,1,-73.981457000,40.741013000
143415,2014-02-09 00:56:00+00:00,-74.008565000,40.738227000,-1.289155599,0.171116646,10.500000000,1,-74.008568000,40.738232000
54902,2014-02-09 01:28:00+00:00,-73.983478000,40.752222000,0.811081877,1.748887573,4.500000000,1,-73.978585000,40.752477000
195189,2014-02-09 01:52:07+00:00,-73.958369000,40.670001000,3.038965344,-7.353338346,24.500000000,2,-73.898794000,40.706081000
172454,2014-02-09 02:50:00+00:00,-74.009482000,40.738082000,-1.366401143,0.154146610,12.500000000,1,-73.982415000,40.777840000
84663,2014-02-09 03:15:37+00:00,-73.993673000,40.721089000,-0.009940371,-1.717011231,9.500000000,1,-73.980337000,40.746767000
49922,2014-02-09 04:13:00+00:00,-73.987305000,40.733027000,0.512598102,-0.385629085,11.000000000,2,-73.985957000,40.762077000
88062,2014-02-09 05:16:44+00:00,-74.001483000,40.741195000,-0.694932395,0.507362815,8.000000000,1,-73.973625000,40.743604000
58311,2014-02-09 08:57:31+00:00,-73.981115000,40.779407000,0.975516113,4.768942025,5.000000000,1,-73.971632000,40.792190000
67763,2014-02-09 09:05:03+00:00,-73.998665000,40.744991000,-0.461811201,0.931455923,6.500000000,1,-73.984623000,40.764469000
145634,2014-02-09 09:34:00+00:00,-74.001047000,40.739062000,-0.655425757,0.271003705,8.500000000,1,-73.976645000,40.739630000
62238,2014-02-09 09:35:03+00:00,-73.968397000,40.767615000,2.064096610,3.472482165,5.500000000,1,-73.954768000,40.777636000
122309,2014-02-09 10:22:36+00:00,-73.985401000,40.778519000,0.614989608,4.666174768,12.000000000,4,-74.007467000,40.740913000
31071,2014-02-09 11:55:14+00:00,-73.974888000,40.756715000,1.530403833,2.256078580,7.500000000,1,-73.990381000,40.756654000
105420,2014-02-09 12:09:00+00:00,-73.969342000,40.769407000,1.982003320,3.670470588,5.000000000,1,-73.976180000,40.760482000
15215,2014-02-09 12:16:29+00:00,-73.975542000,40.786982000,1.435962233,5.615304799,5.500000000,1,-73.964426000,40.802338000
163192,2014-02-09 13:13:00+00:00,-74.000085000,40.724107000,-0.555293443,-1.388178974,8.500000000,1,-73.979927000,40.739310000
156127,2014-02-09 14:13:16+00:00,-73.990826000,40.741802000,0.204080329,0.585033862,6.500000000,1,-74.004531000,40.742215000
22481,2014-02-09 14:48:24+00:00,-74.007820000,40.732203000,-1.218693956,-0.496878102,9.000000000,1,-73.990151000,40.733586000
173542,2014-02-09 15:40:00+00:00,-73.982467000,40.767832000,0.876334058,3.482703243,11.500000000,2,-74.003682000,40.736680000
61158,2014-02-09 16:42:00+00:00,-73.988357000,40.764392000,0.383633374,3.095088548,8.500000000,1,-73.992725000,40.743637000
11123,2014-02-09 17:04:00+00:00,-74.002365000,40.726527000,-0.750898746,-1.121732819,8.500000000,1,-73.989447000,40.740582000
46374,2014-02-09 19:14:23+00:00,-73.993455000,40.721695000,0.007700215,-1.649530166,6.000000000,1,-73.993512000,40.735248000
96631,2014-02-09 20:13:37+00:00,-74.006114000,40.740511000,-1.085075237,0.426996678,10.000000000,1,-73.987630000,40.765562000
110279,2014-02-09 22:39:00+00:00,-73.964287000,40.764257000,2.415373900,3.103805206,4.500000000,1,-73.961905000,40.759687000
3763,2014-02-09 23:52:00+00:00,-73.874455000,40.774085000,9.983441307,4.288177989,38.830000000,3,-73.992217000,40.749067000
86024,2014-02-10 03:48:00+00:00,-73.962207000,40.760622000,2.595703780,2.702366927,11.000000000,1,-73.991400000,40.758012000
169032,2014-02-10 06:34:35+00:00,-73.996480000,40.737963000,-0.268419847,0.153405119,6.500000000,1,-73.978337000,40.737170000
174687,2014-02-10 06:36:00+00:00,-73.959637000,40.759767000,2.813755446,2.610024248,4.500000000,1,-73.954457000,40.763845000
52590,2014-02-10 07:48:00+00:00,-73.948512000,40.778162000,3.728323291,4.663206134,9.000000000,4,-73.948762000,40.777737000
46581,2014-02-10 09:26:00+00:00,-73.985270000,40.759230000,0.650809939,2.525076611,18.000000000,1,-74.002307000,40.718847000
170343,2014-02-10 12:04:44+00:00,-73.977227000,40.780153000,1.302632734,4.855572205,6.000000000,1,-73.966178000,40.789631000
195683,2014-02-10 13:22:06+00:00,-73.992745000,40.746430000,0.036162239,1.096913879,6.500000000,1,-73.989565000,40.740400000
53959,2014-02-10 13:37:31+00:00,-73.982550000,40.747988000,0.894870189,1.279790530,57.330000000,2,-73.787304000,40.646422000
154960,2014-02-10 15:03:18+00:00,-74.003022000,40.739955000,-0.823309239,0.368237195,14.500000000,1,-73.979534000,40.752385000
197364,2014-02-10 15:18:30+00:00,-73.862789000,40.768783000,10.975570533,3.712309423,37.330000000,1,-73.994135000,40.732075000
22322,2014-02-10 15:35:10+00:00,-73.971483000,40.797828000,1.764313512,6.823307517,3.500000000,1,-73.972697000,40.794050000
41801,2014-02-10 16:54:38+00:00,-74.005956000,40.740198000,-1.071341466,0.392402544,6.000000000,2,-73.994603000,40.750474000
9373,2014-02-10 17:37:00+00:00,-73.969373000,40.762380000,1.988550136,2.890389103,8.500000000,5,-73.982995000,40.748757000
95644,2014-02-10 18:53:00+00:00,-73.995775000,40.726507000,-0.194347050,-1.117609029,8.500000000,2,-74.014000000,40.717675000
127382,2014-02-10 18:55:14+00:00,-74.008574000,40.712146000,-1.257227417,-2.724057333,7.500000000,1,-73.993712000,40.727186000
20912,2014-02-10 19:04:00+00:00,-73.992943000,40.737012000,0.031440157,0.051257428,6.500000000,1,-74.000800000,40.727012000
137184,2014-02-10 21:12:00+00:00,-73.983583000,40.766357000,0.784042863,3.317875244,7.500000000,1,-73.981177000,40.781082000
1217,2014-02-10 22:20:45+00:00,-74.004910000,40.741692000,-0.984904751,0.559247614,21.000000000,1,-73.941784000,40.716189000
107159,2014-02-10 23:48:16+00:00,-74.008119000,40.737602000,-1.250713565,0.102162711,19.500000000,1,-73.980400000,40.676557000
64151,2014-02-11 00:06:44+00:00,-73.998613000,40.722946000,-0.429508670,-1.515641139,12.500000000,1,-73.949369000,40.706771000
134834,2014-02-11 01:38:00+00:00,-73.991692000,40.729485000,0.146666781,-0.783079205,21.000000000,2,-73.911640000,40.758572000
9501,2014-02-11 07:54:00+00:00,-74.009787000,40.712262000,-1.359832593,-2.712336406,14.000000000,5,-73.976445000,40.739617000
160693,2014-02-11 08:41:19+00:00,-73.968784000,40.761842000,2.038966504,2.831251136,22.000000000,1,-73.952075000,40.819033000
62246,2014-02-11 09:26:23+00:00,-73.979423000,40.749555000,1.156838358,1.456803916,5.500000000,1,-73.973362000,40.758094000
184821,2014-02-11 09:44:00+00:00,-73.994905000,40.740287000,-0.138387412,0.412906824,10.500000000,1,-73.982352000,40.758322000
194186,2014-02-11 09:48:00+00:00,-73.954837000,40.774112000,3.199945051,4.207245126,16.500000000,1,-73.989925000,40.739310000
95024,2014-02-11 09:53:00+00:00,-73.970420000,40.751617000,1.914196191,1.694578140,12.500000000,2,-73.981462000,40.759707000
107359,2014-02-11 09:53:00+00:00,-74.014612000,40.709524000,-1.763981493,-3.020855440,32.500000000,1,-73.974770000,40.750233000
91600,2014-02-11 10:24:55+00:00,-73.990573000,40.756625000,0.206516529,2.230739610,14.500000000,1,-73.962390000,40.775620000
94112,2014-02-11 11:56:24+00:00,-73.992001000,40.731199000,0.118388483,-0.593113047,9.000000000,1,-74.004091000,40.718540000
90708,2014-02-11 13:16:53+00:00,-73.961139000,40.771715000,2.671269837,3.934842046,7.000000000,1,-73.969498000,40.760364000
130779,2014-02-11 13:48:00+00:00,-73.980115000,40.761050000,1.083589165,2.732154834,5.000000000,3,-73.981677000,40.766282000
194509,2014-02-11 14:16:00+00:00,-74.010343000,40.712502000,-1.407097049,-2.686224179,14.500000000,3,-73.995020000,40.750032000
49052,2014-02-11 14:22:51+00:00,-73.963873000,40.808248000,2.392622844,7.987573233,22.500000000,1,-73.993218000,40.743900000
109583,2014-02-11 15:01:26+00:00,-73.964626000,40.764163000,2.386884578,3.093032791,6.500000000,1,-73.954836000,40.777728000
163427,2014-02-11 15:49:13+00:00,-73.979108000,40.782157000,1.141320225,5.076182896,5.000000000,1,-73.970615000,40.788947000
141261,2014-02-11 16:10:54+00:00,-73.989240000,40.752810000,0.323915504,1.808541799,7.500000000,1,-74.004930000,40.751781000
67971,2014-02-11 16:56:22+00:00,-73.973188000,40.764495000,1.663797955,3.121394893,8.000000000,1,-73.987976000,40.748302000
35197,2014-02-11 18:03:25+00:00,-73.983590000,40.757272000,0.795134320,2.309365270,13.000000000,1,-73.953258000,40.783526000
97418,2014-02-11 18:15:00+00:00,-73.986540000,40.771885000,0.527383898,3.928638332,3.500000000,1,-73.982647000,40.777357000
27635,2014-02-11 18:54:00+00:00,-73.992835000,40.737115000,0.040428166,0.062795763,4.000000000,5,-73.998770000,40.739215000
59267,2014-02-11 18:58:00+00:00,-73.999300000,40.733930000,-0.501425323,-0.297003916,13.500000000,1,-73.979427000,40.765477000
167255,2014-02-11 19:35:00+00:00,-73.874175000,40.773772000,10.007516568,4.253735612,32.830000000,5,-73.988752000,40.756792000
132128,2014-02-11 20:41:00+00:00,-73.992837000,40.737462000,0.039817373,0.101313253,44.000000000,5,-73.922197000,40.881330000
97649,2014-02-11 21:38:00+00:00,-73.979180000,40.767040000,1.154773043,3.398007863,3.500000000,1,-73.980400000,40.771510000
36243,2014-02-11 23:07:38+00:00,-73.976062000,40.723543000,1.474256432,-1.427407026,11.000000000,1,-74.007635000,40.740862000
54364,2014-02-12 00:01:00+00:00,-73.979860000,40.772040000,1.090927721,3.952378637,6.000000000,1,-73.975150000,40.786920000
54552,2014-02-12 05:32:38+00:00,-74.004566000,40.707704000,-0.913090509,-3.213318729,15.500000000,1,-73.962592000,40.758677000
76952,2014-02-12 06:38:00+00:00,-73.991740000,40.745357000,0.122377582,0.978777372,5.000000000,5,-73.981402000,40.755650000
91233,2014-02-12 06:56:42+00:00,-73.966103000,40.790131000,2.228244762,5.974215285,6.000000000,2,-73.963176000,40.804007000
12531,2014-02-12 07:44:00+00:00,-73.992545000,40.724187000,0.081381746,-1.372020093,13.000000000,1,-73.976583000,40.760617000
151336,2014-02-12 07:58:00+00:00,-73.994165000,40.734622000,-0.068702049,-0.215232123,5.000000000,1,-73.984715000,40.736625000
109640,2014-02-12 10:00:00+00:00,-73.993452000,40.741630000,-0.017416096,0.563394987,7.500000000,1,-73.973552000,40.738002000
40523,2014-02-12 10:41:00+00:00,-73.983653000,40.750940000,0.797956839,1.606405106,6.000000000,6,-73.986022000,40.744257000
24178,2014-02-12 11:31:00+00:00,-73.963667000,40.757172000,2.476992373,2.317934391,10.000000000,6,-73.949775000,40.776190000
172658,2014-02-12 11:59:00+00:00,-73.982893000,40.771647000,0.835470733,3.905780531,8.000000000,5,-73.992967000,40.757897000
130360,2014-02-12 12:30:49+00:00,-73.981931000,40.773147000,0.914724507,4.073233807,11.500000000,1,-73.991112000,40.750588000
193465,2014-02-12 12:31:00+00:00,-73.975752000,40.759147000,1.454320698,2.525197126,9.500000000,1,-73.981117000,40.773602000
93034,2014-02-12 12:57:00+00:00,-73.965772000,40.761687000,2.293398898,2.817037167,9.500000000,6,-73.953507000,40.785037000
19396,2014-02-12 14:40:50+00:00,-73.993135000,40.727833000,0.026913516,-0.967860868,10.000000000,1,-73.994334000,40.738530000
155470,2014-02-12 15:15:09+00:00,-73.992266000,40.750140000,0.071873212,1.509214785,12.500000000,1,-73.976464000,40.754827000
99712,2014-02-12 15:48:00+00:00,-73.962305000,40.767940000,2.577824185,3.514623122,7.500000000,1,-73.974202000,40.761817000
13786,2014-02-12 15:49:00+00:00,-73.992105000,40.737887000,0.101083104,0.149200584,7.500000000,1,-74.002655000,40.728492000
186728,2014-02-12 16:25:00+00:00,-73.996070000,40.748632000,-0.247346702,1.338135569,7.500000000,2,-74.004065000,40.742732000
10829,2014-02-12 16:45:53+00:00,-73.788396000,40.647057000,17.440535383,-9.716152373,33.000000000,1,-73.873160000,40.774425000
51432,2014-02-12 17:47:00+00:00,-73.980608000,40.733927000,1.076945896,-0.279178274,13.500000000,1,-73.995307000,40.749890000
182415,2014-02-12 17:51:57+00:00,-73.964272000,40.764406000,2.416444689,3.120360290,12.000000000,2,-73.966062000,40.793518000
161118,2014-02-12 18:16:36+00:00,-74.005116000,40.741318000,-1.001826983,0.517533847,16.000000000,1,-73.979481000,40.750095000
50440,2014-02-12 18:20:52+00:00,-73.985183000,40.741312000,0.681152431,0.536133178,8.500000000,1,-73.987091000,40.726043000
151322,2014-02-12 18:31:00+00:00,-73.977740000,40.783977000,1.254397011,5.279561804,10.000000000,2,-73.968415000,40.761710000
168514,2014-02-12 18:37:00+00:00,-73.976120000,40.744967000,1.441622421,0.950750316,3.500000000,1,-73.976685000,40.745068000
71319,2014-02-12 18:44:00+00:00,-73.981902000,40.756042000,0.939204684,2.174477899,9.500000000,1,-74.001075000,40.741762000
44378,2014-02-12 19:21:00+00:00,-73.978220000,40.745937000,1.263072482,1.056361291,4.000000000,1,-73.978745000,40.750710000
2303,2014-02-12 19:35:13+00:00,-73.941165000,40.798443000,4.321117403,6.922021746,4.500000000,1,-73.932480000,40.796498000
187252,2014-02-12 19:46:00+00:00,-73.983957000,40.762165000,0.757866087,2.852166008,31.000000000,3,-73.982397000,40.667240000
69902,2014-02-12 19:51:58+00:00,-73.966351000,40.755583000,2.252509632,2.138871336,6.000000000,1,-73.969225000,40.758846000
64124,2014-02-12 21:16:00+00:00,-73.981290000,40.767040000,0.976691270,3.395937978,38.500000000,1,-73.823170000,40.844410000
107859,2014-02-12 21:35:22+00:00,-73.990063000,40.756487000,0.249742995,2.215915922,10.000000000,1,-73.969536000,40.785476000
145452,2014-02-12 22:18:00+00:00,-73.978038000,40.752537000,1.269906938,1.789188312,9.000000000,1,-74.005587000,40.745070000
69646,2014-02-12 22:39:00+00:00,-73.979072000,40.760192000,1.172733340,2.637934181,21.500000000,2,-73.989695000,40.701617000
138168,2014-02-12 23:13:30+00:00,-73.981748000,40.768953000,0.935571890,3.607846836,7.500000000,1,-73.979954000,40.785545000
163525,2014-02-12 23:29:51+00:00,-73.976860000,40.681805000,1.460822578,-6.061378910,11.000000000,1,-73.948682000,40.696208000
50981,2014-02-12 23:59:50+00:00,-73.971671000,40.754319000,1.805074074,1.993281945,9.500000000,1,-73.991826000,40.770596000
167115,2014-02-13 00:39:48+00:00,-74.005412000,40.745934000,-1.032624690,1.029659174,25.500000000,1,-73.938758000,40.849734000
171883,2014-02-13 07:35:41+00:00,-73.975125000,40.751628000,1.516992936,1.691150262,6.000000000,1,-73.973804000,40.744559000
117319,2014-02-13 08:26:48+00:00,-73.953960000,40.770458000,3.278791828,3.802504608,15.000000000,1,-73.973806000,40.756409000
56790,2014-02-13 10:17:33+00:00,-73.990793000,40.740027000,0.209131844,0.388028343,10.000000000,1,-73.995827000,40.724988000
53326,2014-02-13 11:44:28+00:00,-73.989642000,40.747398000,0.296896006,1.207379799,6.500000000,1,-73.997854000,40.751249000
171857,2014-02-13 12:02:00+00:00,-73.980572000,40.730567000,1.084316552,-0.652126370,8.000000000,6,-73.998157000,40.730357000
83699,2014-02-13 14:05:00+00:00,-73.994117000,40.751175000,-0.085705526,1.622314701,8.500000000,1,-73.977130000,40.758557000
88021,2014-02-13 14:05:00+00:00,-73.993235000,40.762092000,-0.025151276,2.835035727,3.500000000,5,-73.991512000,40.760095000
41400,2014-02-13 15:13:00+00:00,-73.979963000,40.746177000,1.115608959,1.081291434,5.000000000,2,-73.992372000,40.748747000
17133,2014-02-13 15:40:15+00:00,-74.004056000,40.725708000,-0.892672699,-1.214268450,6.000000000,2,-73.991515000,40.739950000
39,2014-02-13 17:57:00+00:00,-73.992600000,40.753172000,0.039813409,1.845465106,29.000000000,1,-73.908508000,40.816192000
143461,2014-02-13 20:25:25+00:00,-73.968540000,40.761645000,2.059818533,2.809624715,4.500000000,1,-73.958927000,40.772124000
116098,2014-02-13 20:44:38+00:00,-73.984814000,40.748575000,0.702982735,1.342738553,4.000000000,1,-73.978952000,40.750289000
107098,2014-02-13 22:14:00+00:00,-73.982737000,40.764222000,0.858192953,3.081701618,3.500000000,1,-73.987945000,40.763907000
133477,2014-02-13 22:14:18+00:00,-73.958170000,40.775983000,2.916206149,4.411594998,12.500000000,1,-73.985239000,40.732095000
20455,2014-02-13 22:15:20+00:00,-73.964998000,40.755804000,2.366431754,2.164750142,7.000000000,1,-73.971090000,40.766688000
90497,2014-02-14 03:41:00+00:00,-73.985844000,40.756662000,0.605653849,2.239449444,27.000000000,1,-73.854519000,40.729935000
166853,2014-02-14 07:54:00+00:00,-73.989502000,40.773080000,0.275884454,4.058408926,10.000000000,2,-73.971263000,40.756217000
92027,2014-02-14 08:05:00+00:00,-73.976850000,40.767027000,1.351439433,3.398855444,11.500000000,5,-73.884682000,40.745925000
121818,2014-02-14 08:15:19+00:00,-73.989550000,40.756930000,0.292480238,2.265590683,7.500000000,1,-73.974522000,40.757388000
23897,2014-02-14 08:45:00+00:00,-73.956052000,40.772117000,3.100046559,3.984563529,5.000000000,1,-73.958622000,40.760150000
119277,2014-02-14 09:07:46+00:00,-73.980585000,40.738268000,1.073292446,0.202725812,6.000000000,1,-73.978048000,40.728610000
5351,2014-02-14 09:10:00+00:00,-73.974010000,40.794237000,1.555800200,6.422179546,22.000000000,1,-73.962992000,40.766652000
77285,2014-02-14 09:53:00+00:00,-73.973275000,40.759399000,1.663074365,2.555614461,6.000000000,1,-73.978536000,40.750730000
107134,2014-02-14 10:07:00+00:00,-73.973692000,40.754750000,1.633911683,2.039129007,10.500000000,6,-73.993873000,40.750415000
15329,2014-02-14 15:19:00+00:00,-73.968542000,40.764670000,2.055702210,3.145420727,12.000000000,2,-73.987412000,40.738282000
141720,2014-02-14 15:32:53+00:00,-73.974712000,40.783184000,1.510921217,5.194514877,11.500000000,1,-73.972195000,40.763186000
92150,2014-02-14 18:06:47+00:00,-73.983762000,40.773592000,0.759631955,4.120840594,4.500000000,2,-73.975133000,40.777000000
167296,2014-02-14 18:08:00+00:00,-74.007767000,40.715020000,-1.192665672,-2.404254986,6.000000000,1,-74.004602000,40.728517000
192682,2014-02-14 18:12:00+00:00,-73.984297000,40.780495000,0.705609926,4.886604408,5.500000000,5,-73.985477000,40.773542000
150650,2014-02-14 19:37:22+00:00,-73.984688000,40.759363000,0.699765037,2.540408857,13.500000000,1,-73.971617000,40.755998000
1377,2014-02-14 19:55:00+00:00,-73.977455000,40.764282000,1.303929395,3.093544283,5.500000000,1,-73.966547000,40.757420000
119823,2014-02-14 22:18:00+00:00,-73.988430000,40.748780000,0.397449476,1.361970346,6.000000000,1,-73.980250000,40.760320000
93572,2014-02-14 22:27:23+00:00,-73.984655000,40.745228000,0.720703913,0.971352679,9.000000000,1,-74.007834000,40.740267000
133847,2014-02-14 22:31:00+00:00,-74.011188000,40.715652000,-1.482409031,-2.337357692,5.500000000,1,-74.016677000,40.706652000
110361,2014-02-14 23:19:00+00:00,-73.983462000,40.761177000,0.800917222,2.742974523,14.500000000,1,-73.948535000,40.786092000
158600,2014-02-14 23:45:00+00:00,-73.984330000,40.724887000,0.774265370,-1.286323159,8.500000000,3,-73.999643000,40.730252000
114113,2014-02-15 00:53:36+00:00,-74.008768000,40.713948000,-1.275871759,-2.524208645,6.000000000,1,-74.001740000,40.730811000
165586,2014-02-15 01:22:00+00:00,-74.002795000,40.733707000,-0.796264582,-0.325116427,8.500000000,1,-73.990940000,40.719290000
32024,2014-02-15 01:59:00+00:00,-73.996165000,40.764243000,-0.275190148,3.070979333,7.500000000,6,-73.989000000,40.748363000
55878,2014-02-15 02:05:35+00:00,-74.003290000,40.750560000,-0.859305220,1.545210418,21.000000000,1,-73.953752000,40.803684000
123987,2014-02-15 04:40:47+00:00,-74.001814000,40.739365000,-0.720569293,0.303902154,17.000000000,2,-73.976631000,40.682748000
146231,2014-02-15 06:43:00+00:00,-73.963908000,40.802827000,2.396782842,7.385761708,5.500000000,2,-73.975360000,40.785095000
5620,2014-02-15 08:08:41+00:00,-74.007793000,40.715077000,-1.194933234,-2.397952425,7.000000000,1,-74.011025000,40.729209000
94775,2014-02-15 08:09:00+00:00,-73.976300000,40.763147000,1.402884228,2.968687445,10.000000000,6,-73.981558000,40.781115000
104408,2014-02-15 12:17:00+00:00,-73.976765000,40.747302000,1.384145341,1.209317207,7.500000000,1,-73.986978000,40.755695000
81693,2014-02-15 13:33:43+00:00,-73.966543000,40.767268000,2.221024737,3.435804026,12.000000000,1,-73.981916000,40.768451000
17170,2014-02-15 13:55:49+00:00,-73.962043000,40.779135000,2.585232188,4.757617352,7.000000000,1,-73.982140000,40.771380000
42977,2014-02-15 15:27:00+00:00,-73.947000000,40.776162000,3.858578614,4.442720777,11.500000000,1,-73.974007000,40.751642000
138574,2014-02-15 15:55:04+00:00,-73.993571000,40.727497000,-0.009478512,-1.005581276,13.000000000,2,-73.991990000,40.754476000
122485,2014-02-15 16:12:21+00:00,-73.978061000,40.751451000,1.269369127,1.668611727,34.830000000,1,-73.870821000,40.773991000
72318,2014-02-15 16:32:00+00:00,-74.010735000,40.710332000,-1.437495398,-2.927481115,10.000000000,1,-73.992265000,40.743567000
94708,2014-02-15 16:38:29+00:00,-73.954843000,40.780055000,3.191578057,4.866959244,52.000000000,1,-73.790656000,40.644209000
125100,2014-02-15 16:57:00+00:00,-73.985840000,40.756410000,0.606314787,2.211479484,12.000000000,6,-73.987450000,40.728957000
102288,2014-02-15 17:39:00+00:00,-73.992772000,40.737535000,0.045212759,0.109479732,3.000000000,5,-73.995487000,40.733397000
29473,2014-02-15 18:00:00+00:00,-73.998962000,40.744650000,-0.486454248,0.893316489,6.000000000,5,-73.991352000,40.755542000
132825,2014-02-15 18:07:00+00:00,-73.977210000,40.766267000,1.322039307,3.314135385,6.000000000,1,-73.971997000,40.788130000
197066,2014-02-15 18:31:57+00:00,-73.952543000,40.789538000,3.373085472,5.921964133,15.500000000,1,-73.983340000,40.777693000
101678,2014-02-15 19:16:03+00:00,-73.911776000,40.775416000,6.832074876,4.396188188,6.500000000,1,-73.930043000,40.761770000
82202,2014-02-15 20:13:32+00:00,-73.978334000,40.786351000,1.201206827,5.542510692,10.000000000,1,-73.956455000,40.805617000
35006,2014-02-15 21:28:00+00:00,-74.001512000,40.735987000,-0.690805260,-0.070789354,14.500000000,3,-73.968965000,40.755997000
72975,2014-02-15 22:44:00+00:00,-74.002648000,40.734345000,-0.784656301,-0.254153036,12.000000000,1,-73.977533000,40.764332000
10572,2014-02-16 00:17:00+00:00,-73.984930000,40.727957000,0.719654410,-0.946118114,6.000000000,4,-73.985882000,40.722930000
158612,2014-02-16 00:26:00+00:00,-74.002562000,40.744807000,-0.790590194,0.907284556,23.500000000,1,-73.934342000,40.762392000
122116,2014-02-16 01:44:16+00:00,-73.940331000,40.808879000,4.377470366,8.081356490,6.500000000,2,-73.938485000,40.822327000
104250,2014-02-16 02:46:00+00:00,-73.976370000,40.744385000,1.421269137,0.885897937,13.000000000,1,-73.998075000,40.764087000
118513,2014-02-16 02:47:00+00:00,-74.005795000,40.740355000,-1.057945170,0.409984586,7.500000000,1,-73.989118000,40.748102000
137938,2014-02-16 03:19:00+00:00,-73.987502000,40.722685000,0.509201266,-1.533853730,12.500000000,6,-73.988765000,40.757952000
181063,2014-02-16 12:26:08+00:00,-73.976555000,40.751656000,1.396238287,1.692849721,8.000000000,4,-74.000666000,40.758407000
129898,2014-02-16 13:24:00+00:00,-73.997610000,40.716880000,-0.337114683,-2.188040987,16.500000000,1,-73.991562000,40.755197000
189933,2014-02-16 13:50:00+00:00,-73.993802000,40.741582000,-0.046905884,0.557727858,6.500000000,6,-74.002940000,40.731087000
92221,2014-02-16 15:22:50+00:00,-73.982091000,40.776871000,0.896424927,4.486469992,28.940000000,2,-73.915571000,40.889161000
134295,2014-02-16 18:02:00+00:00,-74.003898000,40.725792000,-0.879435197,-1.204792531,15.000000000,2,-73.968980000,40.709115000
156049,2014-02-16 18:14:00+00:00,-73.984097000,40.744307000,0.768997211,0.869660173,3.500000000,1,-73.986663000,40.739882000
165163,2014-02-16 18:16:00+00:00,-73.951967000,40.777782000,3.437277174,4.617533867,15.500000000,1,-73.984265000,40.733247000
33940,2014-02-16 18:38:00+00:00,-73.969335000,40.763002000,1.990946467,2.959473499,4.000000000,1,-73.968895000,40.758357000
100115,2014-02-16 18:55:44+00:00,-73.982201000,40.731797000,0.945172705,-0.517183759,12.500000000,1,-73.956123000,40.775505000
45880,2014-02-16 19:32:00+00:00,-73.989860000,40.734262000,0.295271578,-0.251020972,6.000000000,1,-74.000513000,40.725685000
196622,2014-02-16 22:33:52+00:00,-73.979802000,40.746145000,1.129242727,1.077897179,9.500000000,1,-74.004316000,40.742270000
59696,2014-02-16 22:48:12+00:00,-73.972251000,40.765169000,1.742006400,3.197139974,8.500000000,1,-73.964472000,40.773371000
5003,2014-02-16 23:08:44+00:00,-73.874475000,40.774036000,9.981823290,4.282716925,28.500000000,1,-73.979077000,40.731092000
103266,2014-02-17 00:29:57+00:00,-73.958914000,40.820340000,2.794955286,9.334845003,7.000000000,2,-73.943147000,40.823329000
199241,2014-02-17 02:20:00+00:00,-73.983272000,40.738630000,0.845949273,0.240279231,17.500000000,1,-73.948195000,40.720752000
69942,2014-02-17 08:18:08+00:00,-73.991059000,40.750236000,0.173645986,1.521042157,6.000000000,1,-73.979740000,40.753114000
32351,2014-02-17 10:31:45+00:00,-73.959295000,40.769107000,2.830325095,3.647178247,4.500000000,1,-73.950602000,40.775073000
157951,2014-02-17 10:35:00+00:00,-73.988480000,40.731375000,0.415491595,-0.570156317,14.500000000,1,-73.973557000,40.764172000
55897,2014-02-17 11:06:00+00:00,-73.993755000,40.749950000,-0.053586768,1.486681152,11.500000000,6,-73.997942000,40.765887000
103800,2014-02-17 11:31:00+00:00,-73.956957000,40.780067000,3.013177471,4.866167884,7.500000000,3,-73.978198000,40.778060000
700,2014-02-17 11:35:00+00:00,-73.982698000,40.762237000,0.864039445,2.861389835,6.500000000,3,-73.980417000,40.754042000
180840,2014-02-17 11:46:00+00:00,-73.993475000,40.692147000,0.043594590,-4.929567287,13.000000000,2,-74.000530000,40.721032000
64046,2014-02-17 13:19:33+00:00,-73.998911000,40.764544000,-0.507340421,3.101744545,17.500000000,3,-73.992855000,40.730797000
62600,2014-02-17 13:59:29+00:00,-73.981846000,40.758848000,0.940317744,2.486019582,8.500000000,1,-73.958794000,40.778055000
35309,2014-02-17 19:33:00+00:00,-73.982290000,40.755770000,0.906802663,2.143903981,5.000000000,1,-73.986540000,40.750990000
188675,2014-02-17 20:28:31+00:00,-74.005041000,40.737480000,-0.990665800,0.091560865,6.500000000,1,-73.989644000,40.734346000
47125,2014-02-17 20:46:58+00:00,-73.999820000,40.734085000,-0.545530535,-0.280298204,5.000000000,1,-74.004634000,40.722754000
138681,2014-02-17 21:33:00+00:00,-73.973915000,40.754200000,1.615801108,1.977854804,9.000000000,1,-73.981217000,40.729890000
164030,2014-02-17 23:45:00+00:00,-73.872399000,40.774150000,10.156855355,4.297621836,27.500000000,1,-73.979313000,40.727649000
155476,2014-02-18 00:44:00+00:00,-73.995845000,40.743817000,-0.222236800,0.803853463,6.000000000,1,-73.991877000,40.748025000
46888,2014-02-18 03:13:00+00:00,-73.979863000,40.753217000,1.114967915,1.862880888,8.500000000,1,-73.979453000,40.731095000
62286,2014-02-18 07:42:31+00:00,-73.992089000,40.749953000,0.087053993,1.488628018,8.000000000,1,-73.989459000,40.769614000
74282,2014-02-18 08:29:00+00:00,-73.972555000,40.758910000,1.724484179,2.502043145,11.500000000,1,-73.990815000,40.755755000
58036,2014-02-18 08:58:02+00:00,-73.982468000,40.764708000,0.880271563,3.135914558,7.500000000,2,-73.991687000,40.750096000
138396,2014-02-18 09:19:00+00:00,-73.987148000,40.768690000,0.480167805,3.573376335,14.000000000,1,-73.990538000,40.747782000
112439,2014-02-18 09:28:31+00:00,-74.004761000,40.723768000,-0.949769960,-1.430296494,6.500000000,1,-73.991165000,40.729817000
56495,2014-02-18 09:44:53+00:00,-73.993240000,40.762743000,-0.026402473,2.907296742,12.500000000,1,-73.963184000,40.764641000
191630,2014-02-18 10:49:00+00:00,-73.956772000,40.780867000,3.027731983,4.955159930,12.500000000,5,-73.978840000,40.758462000
1919,2014-02-18 11:07:00+00:00,-73.784000000,40.648657000,17.809767788,-9.533411953,57.330000000,2,-73.978250000,40.748517000
138375,2014-02-18 11:28:20+00:00,-73.993181000,40.767882000,-0.027968871,3.477821505,15.500000000,1,-73.943495000,40.748135000
9911,2014-02-18 11:52:00+00:00,-73.985232000,40.760810000,0.651989135,2.700505486,6.500000000,5,-73.978823000,40.752362000
164285,2014-02-18 13:53:24+00:00,-73.991092000,40.755143000,0.164598040,2.065722905,5.000000000,1,-74.000278000,40.758641000
25784,2014-02-18 14:09:34+00:00,-73.983924000,40.780667000,0.736863190,4.906062301,8.500000000,1,-73.966531000,40.773216000
194580,2014-02-18 16:02:21+00:00,-73.986214000,40.755455000,0.575969261,2.105102655,11.000000000,1,-73.954138000,40.766588000
163506,2014-02-18 16:13:03+00:00,-73.991784000,40.764898000,0.093741391,3.147928980,5.000000000,1,-73.982945000,40.768020000
115829,2014-02-18 16:51:32+00:00,-73.973812000,40.747516000,1.633171487,1.235983377,4.000000000,1,-73.980192000,40.738812000
45431,2014-02-18 17:13:34+00:00,-73.990959000,40.755037000,0.175960393,2.054085209,20.000000000,1,-73.948466000,40.823166000
29903,2014-02-18 18:13:22+00:00,-73.978675000,40.754718000,1.213315509,2.030669396,20.000000000,1,-74.010745000,40.711472000
49707,2014-02-18 21:07:00+00:00,-73.959665000,40.758807000,2.812655465,2.503428953,17.000000000,1,-73.999480000,40.719555000
173488,2014-02-18 22:24:46+00:00,-74.012753000,40.701721000,-1.597214253,-3.885274302,18.500000000,1,-73.955924000,40.688616000
163575,2014-02-18 22:48:00+00:00,-73.980947000,40.765892000,1.007120282,3.268837441,15.500000000,1,-73.990110000,40.723907000
89175,2014-02-18 23:08:00+00:00,-73.987630000,40.732652000,0.485634475,-0.427573189,6.500000000,2,-74.001637000,40.743347000
178314,2014-02-19 00:44:31+00:00,-73.776727000,40.645375000,18.429763668,-9.889207246,42.500000000,1,-73.949300000,40.714162000
65735,2014-02-19 03:57:00+00:00,-73.986140000,40.726417000,0.619445781,-1.118249227,5.500000000,6,-73.987562000,40.724657000
45060,2014-02-19 06:53:00+00:00,-73.949370000,40.780920000,3.652253742,4.968498646,15.500000000,1,-73.983465000,40.759342000
63641,2014-02-19 07:16:00+00:00,-73.994922000,40.688912000,-0.074560194,-5.290071540,14.000000000,1,-73.986187000,40.718825000
79324,2014-02-19 07:19:35+00:00,-74.017765000,40.709586000,-2.030397261,-3.016956118,17.000000000,1,-73.978615000,40.759522000
30400,2014-02-19 08:38:08+00:00,-73.976051000,40.752158000,1.438135002,1.749071697,4.500000000,1,-73.979208000,40.746193000
52411,2014-02-19 10:44:00+00:00,-73.982673000,40.745137000,0.888154376,0.963188581,9.000000000,1,-73.974463000,40.759597000
127871,2014-02-19 11:59:00+00:00,-73.996222000,40.743242000,-0.253336337,0.739660328,8.000000000,2,-74.003398000,40.751637000
142964,2014-02-19 12:15:00+00:00,-73.966155000,40.761830000,2.260884450,2.832530285,8.000000000,1,-73.978028000,40.757252000
197250,2014-02-19 12:21:24+00:00,-73.963533000,40.757658000,2.487666296,2.372017636,8.500000000,1,-73.970304000,40.753030000
169340,2014-02-19 13:16:00+00:00,-73.977457000,40.751610000,1.320152364,1.686855801,13.000000000,1,-73.985772000,40.763237000
21304,2014-02-19 14:10:00+00:00,-73.997487000,40.724080000,-0.335849855,-1.388674489,18.000000000,1,-73.991702000,40.767748000
79790,2014-02-19 15:01:00+00:00,-73.987170000,40.753597000,0.497650280,1.897919180,4.500000000,1,-73.985030000,40.750307000
79436,2014-02-19 17:08:00+00:00,-73.992897000,40.742455000,0.028392420,0.655513297,4.500000000,6,-73.999755000,40.747540000
65541,2014-02-19 17:19:05+00:00,-73.980511000,40.778197000,1.028044794,4.635214767,6.000000000,1,-73.973710000,40.791935000
108519,2014-02-19 17:33:13+00:00,-73.950323000,40.783908000,3.567868497,5.299227902,10.000000000,1,-73.975399000,40.780146000
20023,2014-02-19 17:36:00+00:00,-74.015945000,40.711300000,-1.878790772,-2.824970448,37.330000000,5,-73.987447000,40.719897000
17296,2014-02-19 17:43:00+00:00,-73.988262000,40.737625000,0.425905033,0.123849321,8.000000000,1,-73.992030000,40.749542000
157215,2014-02-19 17:45:06+00:00,-73.957785000,40.769415000,2.957357508,3.682881472,8.000000000,3,-73.964793000,40.752678000
100188,2014-02-19 17:58:00+00:00,-73.979440000,40.766907000,1.133001056,3.382988562,13.500000000,6,-73.970402000,40.754672000
105198,2014-02-19 18:46:08+00:00,-73.979256000,40.773790000,1.139640456,4.147235089,7.000000000,2,-73.973476000,40.785402000
118681,2014-02-19 19:31:45+00:00,-73.863570000,40.769834000,10.908144974,3.828125007,39.330000000,1,-73.982161000,40.772141000
130451,2014-02-19 19:50:00+00:00,-73.976903000,40.739130000,1.383068216,0.302030667,9.000000000,1,-73.959917000,40.765322000
17386,2014-02-19 19:52:00+00:00,-73.977708000,40.754135000,1.295698270,1.966902543,12.500000000,5,-73.950282000,40.794857000
106562,2014-02-19 19:52:29+00:00,-73.991089000,40.760713000,0.157742329,2.684036968,10.000000000,2,-73.982821000,40.782058000
111272,2014-02-19 20:10:03+00:00,-73.977613000,40.751994000,1.306486498,1.729329194,8.500000000,1,-73.993199000,40.736587000
71664,2014-02-19 20:14:00+00:00,-73.965855000,40.762677000,2.285097965,2.926852117,27.500000000,1,-73.850190000,40.844642000
74428,2014-02-19 21:32:12+00:00,-74.005281000,40.740615000,-1.014873859,0.439338048,18.000000000,1,-73.969738000,40.788016000
59669,2014-02-19 21:51:57+00:00,-73.993608000,40.727403000,-0.012483525,-1.016051730,15.000000000,1,-73.953780000,40.778955000
124130,2014-02-19 21:57:00+00:00,-73.989912000,40.747460000,0.274022385,1.213999885,15.000000000,1,-73.964847000,40.798382000
80843,2014-02-20 01:42:00+00:00,-74.004918000,40.723192000,-0.962304617,-1.494386602,21.500000000,6,-73.921900000,40.763492000
198033,2014-02-20 02:17:48+00:00,-74.001353000,40.741056000,-0.683780753,0.492057700,4.500000000,1,-74.002996000,40.733467000
137763,2014-02-20 06:09:49+00:00,-73.926767000,40.752115000,5.598644726,1.794008527,11.500000000,1,-73.974282000,40.763176000
103434,2014-02-20 06:24:11+00:00,-73.983234000,40.764585000,0.815777947,3.121511130,3.000000000,1,-73.983234000,40.764585000
162074,2014-02-20 06:32:00+00:00,-73.926385000,40.765742000,5.612384289,3.307105534,20.500000000,1,-73.863102000,40.734722000
129497,2014-02-20 10:06:03+00:00,-73.980101000,40.746743000,1.103228181,1.143986138,8.500000000,1,-73.973690000,40.761262000
23650,2014-02-20 10:11:36+00:00,-73.983854000,40.755277000,0.775414121,2.087647436,8.000000000,1,-73.972863000,40.762895000
175062,2014-02-20 12:19:00+00:00,-73.959665000,40.779785000,2.785040842,4.832149809,7.500000000,2,-73.975685000,40.776665000
158998,2014-02-20 13:09:00+00:00,-74.008030000,40.724517000,-1.226787960,-1.350276349,4.500000000,1,-74.009678000,40.720667000
74243,2014-02-20 14:04:00+00:00,-73.995442000,40.728715000,-0.169029302,-0.872184343,2.500000000,1,-73.995262000,40.728705000
9363,2014-02-20 14:46:35+00:00,-73.974273000,40.756630000,1.582427524,2.247249568,5.500000000,1,-73.978213000,40.760187000
90828,2014-02-20 15:50:00+00:00,-73.997473000,40.725930000,-0.337012130,-1.183298522,10.000000000,1,-74.007603000,40.745798000
119290,2014-02-20 16:50:00+00:00,-73.963597000,40.765480000,2.472007968,3.240255264,8.500000000,1,-73.976827000,40.758517000
31625,2014-02-20 18:09:00+00:00,-73.960898000,40.775515000,2.686611893,4.356912708,9.500000000,1,-73.939197000,40.804302000
4785,2014-02-20 20:18:46+00:00,-73.980887000,40.748913000,1.034073433,1.384101095,10.000000000,2,-73.985901000,40.722906000
97871,2014-02-20 21:09:04+00:00,-73.993551000,40.767056000,-0.058144217,3.385770973,4.000000000,1,-73.989362000,40.760390000
11618,2014-02-20 21:16:44+00:00,-73.996470000,40.720350000,-0.245229203,-1.801748395,6.500000000,1,-74.008246000,40.718712000
115591,2014-02-20 21:48:00+00:00,-73.991427000,40.751277000,0.141251385,1.636243633,7.500000000,1,-73.993057000,40.766125000
135710,2014-02-20 22:59:00+00:00,-73.995760000,40.723382000,-0.189113026,-1.464490627,6.500000000,1,-74.000605000,40.735727000
168483,2014-02-20 23:04:00+00:00,-74.007582000,40.704215000,-1.163488244,-3.603502592,47.500000000,2,-73.818250000,40.763712000
83596,2014-02-21 00:10:59+00:00,-74.004120000,40.738227000,-0.913840702,0.175364832,3.000000000,1,-74.000128000,40.742931000
163805,2014-02-21 01:50:00+00:00,-73.984982000,40.778972000,0.649764761,4.716870366,7.500000000,2,-73.975932000,40.795417000
188206,2014-02-21 02:48:00+00:00,-73.995438000,40.739217000,-0.182030819,0.293614172,7.000000000,1,-73.997785000,40.756590000
154478,2014-02-21 03:00:00+00:00,-73.989232000,40.718192000,0.368834621,-2.034289998,8.500000000,1,-73.962560000,40.712510000
70615,2014-02-21 06:52:00+00:00,-73.956787000,40.777900000,3.030383517,4.625784238,12.000000000,1,-73.953875000,40.778445000
34072,2014-02-21 07:21:00+00:00,-74.007073000,40.716062000,-1.135354902,-2.287923728,14.500000000,1,-73.974807000,40.758970000
46951,2014-02-21 08:41:02+00:00,-73.952604000,40.768660000,3.395613974,3.604277987,14.500000000,1,-73.974567000,40.756370000
135138,2014-02-21 09:11:13+00:00,-73.991972000,40.749633000,0.097339183,1.453219141,9.500000000,1,-73.994904000,40.727537000
174777,2014-02-21 11:24:00+00:00,-73.947872000,40.772805000,3.789462293,4.069184198,9.000000000,5,-73.966115000,40.756377000
171437,2014-02-21 12:37:00+00:00,-73.975537000,40.759720000,1.471726008,2.589016275,6.500000000,6,-73.973772000,40.764382000
171461,2014-02-21 12:58:00+00:00,-73.960305000,40.762017000,2.754411268,2.859123055,3.500000000,3,-73.959875000,40.762327000
110812,2014-02-21 13:38:47+00:00,-73.979888000,40.757419000,1.107435254,2.329309438,13.000000000,1,-74.001282000,40.721481000
190412,2014-02-21 14:09:00+00:00,-73.967442000,40.772545000,2.138255717,4.020698473,15.000000000,1,-74.001942000,40.726360000
168670,2014-02-21 14:11:00+00:00,-74.003000000,40.759770000,-0.846438700,2.567865499,8.000000000,6,-73.987065000,40.738235000
98760,2014-02-21 14:16:52+00:00,-73.987378000,40.744758000,0.491412403,0.916523533,5.000000000,2,-73.987692000,40.736808000
195095,2014-02-21 15:14:46+00:00,-73.980140000,40.760568000,1.082100890,2.678624693,17.000000000,1,-73.967004000,40.807053000
95438,2014-02-21 15:39:29+00:00,-73.980730000,40.765558000,1.025865896,3.231973654,8.000000000,1,-73.981735000,40.749205000
115854,2014-02-21 15:59:33+00:00,-73.987267000,40.761077000,0.479879204,2.728160010,7.500000000,1,-73.973496000,40.765020000
89966,2014-02-21 16:08:00+00:00,-73.966980000,40.757202000,2.197297901,2.317967236,6.000000000,2,-73.976310000,40.754140000
34080,2014-02-21 16:30:44+00:00,-73.973861000,40.758074000,1.615330903,2.407950939,9.000000000,1,-73.961743000,40.771857000
64319,2014-02-21 18:03:54+00:00,-73.988409000,40.731459000,0.421379686,-0.560762660,16.000000000,1,-73.983088000,40.771811000
34680,2014-02-21 18:11:00+00:00,-73.973037000,40.759985000,1.682402301,2.620899952,36.830000000,1,-73.998817000,40.680897000
19847,2014-02-21 20:13:00+00:00,-73.980730000,40.782317000,1.004249766,5.092352377,32.500000000,1,-73.999735000,40.685402000
135188,2014-02-21 21:21:03+00:00,-73.966387000,40.761455000,2.241792721,2.790671740,9.500000000,1,-73.992251000,40.755992000
61894,2014-02-21 21:42:07+00:00,-74.008127000,40.737452000,-1.251200922,0.085504041,8.000000000,1,-74.016077000,40.717503000
9388,2014-02-21 21:56:27+00:00,-73.971149000,40.755148000,1.848059851,2.085823579,5.000000000,1,-73.966032000,40.752852000
105478,2014-02-22 01:02:00+00:00,-73.923308000,40.764332000,5.874006366,3.153766902,8.000000000,1,-73.903605000,40.774837000
158256,2014-02-22 02:41:00+00:00,-73.951583000,40.713637000,3.554734346,-2.502646377,10.000000000,1,-73.955207000,40.689722000
12702,2014-02-22 03:21:00+00:00,-73.988862000,40.721867000,0.395387986,-1.625980673,20.500000000,5,-73.919450000,40.763880000
190296,2014-02-22 04:11:26+00:00,-73.988253000,40.738100000,0.426057264,0.176586417,15.500000000,2,-73.980618000,40.785117000
162782,2014-02-22 05:01:00+00:00,-73.985120000,40.741927000,0.685682312,0.604464049,18.500000000,2,-73.939815000,40.806872000
78527,2014-02-22 09:27:04+00:00,-74.000931000,40.742407000,-0.649857442,0.642433637,11.500000000,1,-73.967382000,40.757578000
17736,2014-02-22 10:20:00+00:00,-73.948000000,40.783060000,3.765007051,5.207441544,16.500000000,1,-73.952112000,40.732860000
96779,2014-02-22 13:38:07+00:00,-73.951715000,40.781823000,3.453181085,5.066371308,9.000000000,1,-73.970630000,40.763984000
145689,2014-02-22 14:28:25+00:00,-73.951523000,40.769852000,3.485265752,3.737689052,6.000000000,1,-73.948362000,40.780884000
78607,2014-02-22 14:44:00+00:00,-73.959423000,40.774202000,2.812813611,4.212634892,10.000000000,1,-73.984190000,40.760442000
176506,2014-02-22 15:31:00+00:00,-73.976412000,40.744061000,1.418142596,0.849890250,8.000000000,1,-73.988794000,40.727096000
39424,2014-02-22 15:35:13+00:00,-74.014630000,40.714385000,-1.771555557,-2.481270345,22.000000000,3,-73.992378000,40.724405000
952,2014-02-22 15:53:12+00:00,-73.999695000,40.727133000,-0.526183287,-1.051897455,4.500000000,1,-74.000306000,40.735115000
55292,2014-02-22 16:42:55+00:00,-73.946367000,40.777392000,3.910355845,4.579902017,17.500000000,1,-73.995239000,40.733818000
161822,2014-02-22 19:09:00+00:00,-74.001067000,40.722990000,-0.636815936,-1.513117348,21.000000000,5,-73.957515000,40.729315000
155431,2014-02-22 19:17:00+00:00,-73.997762000,40.756397000,-0.400032779,2.198474371,10.000000000,1,-73.998402000,40.737130000
56653,2014-02-22 21:08:08+00:00,-73.952222000,40.781310000,3.411080547,5.008912998,5.000000000,1,-73.957821000,40.769511000
102697,2014-02-22 21:21:00+00:00,-73.982067000,40.772147000,0.904535399,3.962092910,5.500000000,2,-73.989450000,40.771460000
63222,2014-02-22 21:36:14+00:00,-74.005501000,40.727134000,-1.016497425,-1.057355961,12.000000000,4,-73.988053000,40.722659000
133299,2014-02-22 22:34:00+00:00,-74.005148000,40.719137000,-0.976629709,-1.944738570,11.000000000,1,-73.980457000,40.728670000
94582,2014-02-22 22:48:22+00:00,-73.982078000,40.772270000,0.903448649,3.975736086,8.500000000,4,-73.964000000,40.774482000
23396,2014-02-22 22:51:00+00:00,-73.975200000,40.752447000,1.509599929,1.781991356,7.500000000,1,-73.961143000,40.770890000
158508,2014-02-22 22:57:00+00:00,-73.947515000,40.764887000,3.830134770,3.190585690,18.500000000,4,-73.985390000,40.754467000
3458,2014-02-22 23:08:00+00:00,-74.007505000,40.741042000,-1.203187163,0.484612585,12.000000000,5,-73.993702000,40.721077000
180167,2014-02-22 23:55:56+00:00,-74.002076000,40.724439000,-0.723858539,-1.353237528,23.000000000,3,-73.949262000,40.776794000
149154,2014-02-23 00:17:00+00:00,-73.978682000,40.747815000,1.221642016,1.264378939,6.500000000,3,-73.992687000,40.737205000
53367,2014-02-23 00:35:00+00:00,-73.975452000,40.749345000,1.492346597,1.437398215,7.000000000,1,-73.976692000,40.764760000
181335,2014-02-23 00:47:00+00:00,-73.988018000,40.764742000,0.411797618,3.134271140,11.500000000,1,-73.956950000,40.770467000
16335,2014-02-23 02:12:00+00:00,-73.972385000,40.794087000,1.693087719,6.407133660,13.000000000,6,-73.997492000,40.761727000
104472,2014-02-23 02:34:50+00:00,-74.004343000,40.719697000,-0.909344634,-1.881804359,6.500000000,2,-73.999592000,40.727317000
109159,2014-02-23 11:58:29+00:00,-73.948330000,40.776488000,3.745909329,4.477562909,16.500000000,2,-73.937517000,40.751527000
62352,2014-02-23 12:05:00+00:00,-73.972320000,40.757600000,1.746023423,2.356855618,28.330000000,1,-73.957162000,40.810062000
147393,2014-02-23 12:41:07+00:00,-73.974201000,40.743206000,1.605922167,0.757158275,7.500000000,2,-73.993397000,40.736345000
144303,2014-02-23 15:34:00+00:00,-73.963477000,40.774382000,2.470460638,4.228565945,4.500000000,1,-73.956000000,40.784672000
180461,2014-02-23 16:24:33+00:00,-73.976483000,40.775659000,1.371234300,4.357435313,6.500000000,1,-73.969491000,40.763776000
64901,2014-02-23 17:09:56+00:00,-73.975424000,40.777162000,1.458652452,4.525323335,12.000000000,1,-73.990074000,40.751758000
46181,2014-02-23 17:58:00+00:00,-73.970762000,40.764512000,1.868535549,3.125681150,9.500000000,1,-73.968350000,40.790755000
190349,2014-02-23 19:19:31+00:00,-73.991537000,40.749923000,0.133692386,1.485833108,5.500000000,1,-73.978905000,40.753058000
22945,2014-02-23 19:29:31+00:00,-73.996973000,40.729760000,-0.299643389,-0.757660279,7.000000000,1,-73.995594000,40.721508000
153419,2014-02-23 20:12:00+00:00,-73.987717000,40.732592000,0.478364778,-0.434318313,6.500000000,2,-73.989833000,40.741737000
116693,2014-02-23 20:23:00+00:00,-73.975200000,40.792417000,1.457767551,6.218970757,5.000000000,1,-73.979455000,40.787027000
84922,2014-02-23 21:52:00+00:00,-73.984310000,40.728722000,0.771030067,-0.860592386,15.000000000,1,-73.986997000,40.697402000
145256,2014-02-24 01:37:00+00:00,-74.000897000,40.730800000,-0.632323324,-0.645991235,9.500000000,2,-73.987562000,40.759192000
101172,2014-02-24 01:57:37+00:00,-74.002973000,40.733516000,-0.811054304,-0.346489446,22.500000000,1,-73.962460000,40.646391000
148299,2014-02-24 05:55:00+00:00,-73.996532000,40.693452000,-0.216356707,-4.787658539,6.500000000,1,-73.995960000,40.758922000
123348,2014-02-24 06:39:00+00:00,-73.989835000,40.762235000,0.261643522,2.854208102,6.000000000,1,-73.973280000,40.760262000
49149,2014-02-24 07:28:00+00:00,-73.991642000,40.749957000,0.124784864,1.489505507,10.000000000,1,-73.975487000,40.750000000
9262,2014-02-24 08:17:00+00:00,-73.956283000,40.781732000,3.067851920,5.051672748,5.000000000,5,-73.951082000,40.790912000
64328,2014-02-24 10:22:00+00:00,-73.963203000,40.798752000,2.461601561,6.934105796,10.500000000,1,-73.980757000,40.766070000
112253,2014-02-24 10:46:55+00:00,-73.985927000,40.759204000,0.595386707,2.521549325,6.000000000,1,-73.982125000,40.762562000
136669,2014-02-24 11:14:00+00:00,-73.989960000,40.735357000,0.285429096,-0.129565500,17.000000000,5,-73.961230000,40.760590000
40609,2014-02-24 11:16:00+00:00,-73.960382000,40.772957000,2.733521522,4.073470565,6.000000000,2,-73.968665000,40.761772000
131359,2014-02-24 11:44:00+00:00,-73.976255000,40.756750000,1.414967264,2.258616769,30.000000000,5,-73.981178000,40.675397000
127644,2014-02-24 12:19:00+00:00,-73.979567000,40.749330000,1.144972120,1.431685924,7.000000000,2,-73.993487000,40.740130000
153163,2014-02-24 12:46:00+00:00,-73.934217000,40.853370000,4.833087762,13.026512036,14.500000000,1,-73.961165000,40.806787000
81085,2014-02-24 13:05:00+00:00,-73.955740000,40.779360000,3.116805412,4.788907162,4.000000000,1,-73.959089000,40.777800000
17482,2014-02-24 13:31:12+00:00,-73.995007000,40.743059000,-0.150522523,0.720519804,5.500000000,1,-74.007385000,40.741022000
188065,2014-02-24 14:03:49+00:00,-73.991019000,40.732616000,0.199505058,-0.434863770,6.000000000,1,-74.004961000,40.728715000
198759,2014-02-24 17:09:42+00:00,-73.961174000,40.801708000,2.628877733,7.264272422,5.000000000,2,-73.955516000,40.806776000
120625,2014-02-24 17:43:00+00:00,-73.990510000,40.751017000,0.218995449,1.608271766,6.500000000,1,-74.003285000,40.743797000
168890,2014-02-24 17:54:43+00:00,-73.972695000,40.759137000,1.712371874,2.527103491,9.500000000,1,-73.979067000,40.776608000
112518,2014-02-24 19:06:36+00:00,-73.977774000,40.729436000,1.322055626,-0.774928076,9.500000000,2,-73.996781000,40.715441000
24193,2014-02-24 19:21:00+00:00,-73.949748000,40.776272000,3.626535494,4.452151515,19.500000000,3,-74.005953000,40.740292000
102051,2014-02-24 19:50:23+00:00,-73.978613000,40.753447000,1.220191315,1.889639928,5.500000000,1,-73.986304000,40.744468000
143311,2014-02-24 20:54:43+00:00,-73.954612000,40.765555000,3.230251774,3.257577637,6.500000000,1,-73.952778000,40.780794000
99134,2014-02-24 21:50:00+00:00,-73.952842000,40.783472000,3.355898924,5.248287601,4.500000000,1,-73.953385000,40.786892000
129794,2014-02-24 23:05:00+00:00,-73.976138000,40.762777000,1.417036935,2.927774191,14.500000000,1,-73.971085000,40.800183000
25771,2014-02-25 00:08:00+00:00,-73.785652000,40.666397000,17.642894699,-7.566083241,42.000000000,1,-73.587302000,40.690865000
34326,2014-02-25 00:33:00+00:00,-73.964757000,40.760125000,2.381116501,2.644653623,6.500000000,2,-73.982522000,40.766392000
23326,2014-02-25 07:26:40+00:00,-73.990916000,40.749901000,0.186145633,1.483993521,8.500000000,1,-73.970570000,40.762722000
168298,2014-02-25 09:20:47+00:00,-73.986639000,40.749467000,0.547768792,1.439976528,5.000000000,1,-74.002701000,40.756171000
85461,2014-02-25 09:22:00+00:00,-74.002632000,40.748047000,-0.800586989,1.266880451,5.000000000,6,-73.997848000,40.740942000
29716,2014-02-25 09:42:36+00:00,-73.977987000,40.719765000,1.316563367,-1.848684548,19.000000000,1,-73.957460000,40.772615000
100208,2014-02-25 09:55:00+00:00,-73.993963000,40.743412000,-0.062827519,0.760715019,6.000000000,6,-74.005225000,40.751437000
178503,2014-02-25 11:27:58+00:00,-73.974002000,40.764325000,1.595315246,3.101719886,18.000000000,1,-73.949643000,40.724208000
170294,2014-02-25 11:28:23+00:00,-73.992098000,40.738365000,0.101064943,0.202268722,12.500000000,1,-73.979468000,40.760579000
73865,2014-02-25 12:08:00+00:00,-73.974132000,40.763067000,1.585975694,2.961944049,5.000000000,1,-73.980682000,40.753870000
27223,2014-02-25 13:25:00+00:00,-73.981998000,40.770377000,0.912638500,3.765676880,14.500000000,2,-73.969762000,40.757392000
199964,2014-02-25 13:37:00+00:00,-73.991367000,40.755807000,0.140537019,2.139164933,6.000000000,2,-73.980853000,40.761475000
11639,2014-02-25 13:41:26+00:00,-73.973443000,40.751948000,1.658569296,1.728332138,4.500000000,1,-73.967243000,40.757508000
1504,2014-02-25 16:54:48+00:00,-73.983767000,40.765013000,0.770241364,3.168501177,4.500000000,3,-73.981202000,40.759881000
127374,2014-02-25 17:06:26+00:00,-73.976079000,40.705216000,1.496538305,-3.461842675,24.000000000,1,-73.976079000,40.705216000
12427,2014-02-25 18:27:09+00:00,-73.994644000,40.734556000,-0.109064865,-0.223021864,4.000000000,1,-74.000591000,40.729856000
2426,2014-02-25 18:34:13+00:00,-73.973546000,40.763491000,1.634885816,3.009589715,6.000000000,4,-73.980189000,40.755052000
131477,2014-02-25 18:36:16+00:00,-74.002107000,40.734859000,-0.739622680,-0.196576393,5.000000000,2,-74.010038000,40.725784000
128681,2014-02-25 18:51:08+00:00,-74.002165000,40.729508000,-0.737769276,-0.790629714,15.000000000,1,-73.972917000,40.758717000
38609,2014-02-25 21:12:01+00:00,-73.998834000,40.723155000,-0.448437657,-1.492653557,11.000000000,1,-73.987283000,40.755389000
198785,2014-02-25 22:04:00+00:00,-73.994730000,40.755520000,-0.142979310,2.104048422,5.000000000,5,-74.003250000,40.750630000
16482,2014-02-25 22:28:18+00:00,-73.983368000,40.741536000,0.834107588,0.562771970,7.500000000,1,-74.004143000,40.742551000
109418,2014-02-25 22:31:26+00:00,-73.971000000,40.795973000,1.807475991,6.617865344,33.000000000,2,-73.983242000,40.695351000
125784,2014-02-26 00:33:51+00:00,-73.983630000,40.676751000,0.895199708,-6.629041241,10.000000000,1,-73.973888000,40.648388000
174826,2014-02-26 01:34:00+00:00,-73.949183000,40.781677000,3.667026307,5.052720764,15.500000000,1,-74.003867000,40.742840000
170348,2014-02-26 07:00:00+00:00,-73.988625000,40.731345000,0.403285572,-0.573627580,7.000000000,1,-73.970685000,40.750772000
101449,2014-02-26 07:07:00+00:00,-73.981110000,40.733982000,1.034485741,-0.273564958,5.000000000,1,-73.972392000,40.745617000
107643,2014-02-26 07:08:00+00:00,-73.920725000,40.771557000,6.082151771,3.958477870,9.500000000,1,-73.964477000,40.768095000
184916,2014-02-26 09:57:07+00:00,-73.969256000,40.756691000,2.005843749,2.258983263,10.000000000,1,-73.984070000,40.744834000
40729,2014-02-26 10:17:00+00:00,-74.002153000,40.747667000,-0.759668852,1.225157372,7.000000000,3,-73.992747000,40.737317000
163266,2014-02-26 11:36:00+00:00,-74.005908000,40.748543000,-1.077779974,1.318802348,13.000000000,1,-74.003452000,40.715796000
120766,2014-02-26 12:28:00+00:00,-74.004327000,40.707657000,-0.892842109,-3.218307212,5.000000000,1,-74.010240000,40.709627000
181099,2014-02-26 13:25:00+00:00,-73.983428000,40.761822000,0.802957516,2.814607604,10.500000000,1,-73.976547000,40.758580000
86159,2014-02-26 13:35:00+00:00,-73.988072000,40.761487000,0.411407121,2.772889158,14.500000000,2,-73.969372000,40.757947000
137979,2014-02-26 14:52:22+00:00,-73.969287000,40.764094000,1.993573863,3.080741395,6.000000000,1,-73.962769000,40.758270000
14345,2014-02-26 14:57:12+00:00,-73.979213000,40.753053000,1.170050356,1.845313713,7.500000000,1,-73.991565000,40.750012000
61107,2014-02-26 16:02:59+00:00,-73.970652000,40.756002000,1.888901638,2.181115926,9.000000000,1,-73.971597000,40.765394000
48475,2014-02-26 16:47:00+00:00,-73.984567000,40.744850000,0.728618877,0.929477911,4.500000000,1,-73.979035000,40.752635000
183723,2014-02-26 17:58:27+00:00,-73.990821000,40.744558000,0.200985144,0.890974321,4.500000000,1,-73.988103000,40.749197000
166643,2014-02-26 18:58:31+00:00,-73.983013000,40.767860000,0.830216757,3.485277150,7.500000000,2,-73.991480000,40.750160000
27554,2014-02-26 19:17:28+00:00,-73.948613000,40.744922000,3.764014218,0.973208790,7.500000000,1,-73.948613000,40.744922000
165406,2014-02-26 20:37:00+00:00,-73.962620000,40.769760000,2.548849906,3.716342808,6.500000000,3,-73.971587000,40.782035000
19038,2014-02-26 21:43:10+00:00,-73.783471000,40.648660000,17.854489843,-9.532460351,14.000000000,1,-73.786622000,40.667677000
133506,2014-02-26 22:20:00+00:00,-74.007750000,40.740535000,-1.223236768,0.428098192,6.000000000,1,-73.990960000,40.734800000
66722,2014-02-26 23:14:01+00:00,-74.007601000,40.740822000,-1.211016517,0.460099409,8.000000000,1,-73.995044000,40.724938000
26630,2014-02-27 02:21:57+00:00,-73.946437000,40.680223000,4.033878062,-6.206615713,6.000000000,1,-73.924660000,40.678390000
31929,2014-02-27 08:36:32+00:00,-73.972723000,40.743584000,1.730217341,0.800578351,11.500000000,1,-73.973936000,40.757841000
146520,2014-02-27 08:40:00+00:00,-73.990632000,40.756257000,0.202006090,2.189831614,16.500000000,6,-73.976747000,40.736182000
95643,2014-02-27 09:06:00+00:00,-73.990555000,40.761442000,0.201884649,2.765479789,9.500000000,1,-73.993785000,40.742292000
199349,2014-02-27 09:48:00+00:00,-73.973140000,40.756182000,1.678648418,2.198636746,7.000000000,1,-73.969545000,40.762677000
131461,2014-02-27 09:59:00+00:00,-73.981127000,40.776575000,0.978155169,4.454556133,6.500000000,1,-73.985945000,40.763892000
181696,2014-02-27 10:23:00+00:00,-73.967147000,40.803572000,2.122586920,7.465239071,8.000000000,1,-73.975702000,40.787917000
72593,2014-02-27 10:58:00+00:00,-73.986957000,40.742900000,0.529336598,0.710682396,11.500000000,1,-73.970027000,40.760892000
39997,2014-02-27 11:09:00+00:00,-73.990940000,40.734010000,0.204397491,-0.280043444,11.500000000,6,-74.006330000,40.706140000
18707,2014-02-27 11:34:00+00:00,-73.995970000,40.725297000,-0.209278995,-1.252115532,14.500000000,1,-73.939823000,40.707982000
167684,2014-02-27 12:24:00+00:00,-74.006287000,40.722947000,-1.077614812,-1.522892488,21.000000000,1,-73.952810000,40.768027000
149561,2014-02-27 13:09:18+00:00,-73.980050000,40.755046000,1.096822337,2.065729894,20.500000000,1,-73.956660000,40.802539000
79021,2014-02-27 14:05:00+00:00,-73.976035000,40.748912000,1.443689731,1.388757672,6.500000000,3,-73.990693000,40.751082000
82193,2014-02-27 14:30:00+00:00,-73.997897000,40.725552000,-0.372340437,-1.225667805,5.500000000,1,-73.999437000,40.719770000
175368,2014-02-27 14:47:37+00:00,-73.982677000,40.757036000,0.872505544,2.284060570,51.830000000,1,-73.864901000,40.770429000
82746,2014-02-27 15:10:46+00:00,-73.976911000,40.749797000,1.368590953,1.486136698,7.500000000,1,-73.988408000,40.748824000
8193,2014-02-27 17:38:43+00:00,-73.993932000,40.728464000,-0.041194515,-0.898587057,17.500000000,1,-73.992547000,40.769180000
171185,2014-02-27 18:43:40+00:00,-73.951062000,40.775775000,3.516310214,4.395653772,4.500000000,1,-73.957877000,40.772949000
61152,2014-02-27 20:10:00+00:00,-73.999875000,40.743317000,-0.561850282,0.744465362,4.500000000,1,-74.000525000,40.737242000
187469,2014-02-27 20:42:37+00:00,-73.989257000,40.738193000,0.341165133,0.185933538,11.000000000,2,-73.990282000,40.760848000
170463,2014-02-27 21:40:35+00:00,-73.990060000,40.761741000,0.243283584,2.799151798,6.000000000,1,-73.982822000,40.777149000
8950,2014-02-27 21:49:00+00:00,-73.991072000,40.750605000,0.172077636,1.561991216,13.500000000,1,-73.990212000,40.718982000
40706,2014-02-27 21:50:00+00:00,-73.993047000,40.752042000,0.003518514,1.719593825,11.500000000,5,-73.974062000,40.737477000
185780,2014-02-27 21:57:00+00:00,-74.000052000,40.717955000,-0.544730369,-2.071060163,8.000000000,1,-74.013030000,40.704252000
113705,2014-02-27 22:10:05+00:00,-73.985350000,40.717813000,0.697197157,-2.072580661,9.500000000,1,-74.006055000,40.714552000
87373,2014-02-27 22:16:20+00:00,-73.954504000,40.778020000,3.222876372,4.641398937,24.500000000,1,-73.860638000,40.755599000
108436,2014-02-27 22:27:53+00:00,-74.005255000,40.718578000,-0.984964003,-2.006893621,10.000000000,1,-73.982889000,40.742096000
125709,2014-02-27 23:57:21+00:00,-73.982841000,40.762673000,0.851408462,2.909649183,6.000000000,1,-73.978277000,40.753330000
183316,2014-02-28 01:11:21+00:00,-73.979998000,40.726784000,1.137666423,-1.071502515,15.500000000,1,-73.986403000,40.679497000
199656,2014-02-28 08:07:00+00:00,-73.919830000,40.743490000,6.196036113,0.843752792,7.500000000,5,-73.927010000,40.755350000
97541,2014-02-28 08:24:00+00:00,-73.994922000,40.745250000,-0.146130987,0.963818553,7.000000000,1,-74.007527000,40.740907000
148965,2014-02-28 08:24:00+00:00,-73.958252000,40.778917000,2.905418263,4.737210061,16.500000000,5,-73.985487000,40.741582000
60947,2014-02-28 08:26:00+00:00,-73.992992000,40.752395000,0.007711868,1.758832665,4.500000000,2,-73.967087000,40.770040000
86183,2014-02-28 08:46:00+00:00,-74.004200000,40.747762000,-0.932603134,1.233740353,7.500000000,5,-73.984135000,40.739165000
35044,2014-02-28 09:20:52+00:00,-73.971496000,40.745451000,1.831382840,1.009041982,4.000000000,1,-73.966878000,40.753057000
49470,2014-02-28 10:27:22+00:00,-73.971926000,40.794638000,1.731094002,6.468753067,6.500000000,1,-73.982993000,40.781855000
190445,2014-02-28 11:24:29+00:00,-73.982475000,40.761497000,0.883814362,2.779462531,6.500000000,2,-73.982475000,40.761497000
43614,2014-02-28 13:13:00+00:00,-73.952138000,40.777668000,3.422998438,4.604706564,4.000000000,1,-73.945888000,40.773750000
167724,2014-02-28 15:51:00+00:00,-73.990735000,40.746080000,0.206303197,1.060010692,9.500000000,1,-73.976122000,40.747822000
5561,2014-02-28 17:21:04+00:00,-73.963547000,40.765770000,2.475847726,3.272497340,13.000000000,1,-73.988594000,40.746226000
122027,2014-02-28 17:39:48+00:00,-73.994090000,40.751423000,-0.083741750,1.649870623,40.830000000,1,-73.871068000,40.774212000
119022,2014-02-28 17:45:00+00:00,-73.981390000,40.728967000,1.017300993,-0.830539135,6.000000000,1,-73.981155000,40.741372000
136999,2014-02-28 18:03:00+00:00,-73.862480000,40.768852000,11.001549960,3.720307091,57.330000000,1,-73.963407000,40.774635000
127230,2014-02-28 18:56:24+00:00,-73.974287000,40.742610000,1.599434367,0.690913137,9.500000000,1,-73.953717000,40.771101000
139477,2014-02-28 19:48:00+00:00,-73.958217000,40.810770000,2.866361388,8.273190850,16.000000000,2,-73.968732000,40.758362000
43867,2014-02-28 20:17:00+00:00,-73.954557000,40.783562000,3.211071137,5.256551992,5.500000000,1,-73.965523000,40.800452000
94201,2014-02-28 20:43:34+00:00,-73.958991000,40.767956000,2.857497694,3.519712717,15.500000000,1,-73.986579000,40.726611000
158102,2014-02-28 20:52:44+00:00,-73.979298000,40.755941000,1.159146180,2.165819582,6.000000000,1,-73.988088000,40.740743000
59149,2014-02-28 21:02:48+00:00,-73.987889000,40.732342000,0.464160588,-0.462237492,10.500000000,1,-73.987580000,40.721671000
98589,2014-02-28 22:17:04+00:00,-73.947991000,40.724299000,3.843960438,-1.315463028,22.000000000,1,-73.994121000,40.740854000
112007,2014-02-28 22:26:28+00:00,-73.966372000,40.761822000,2.242578898,2.831426438,4.500000000,1,-73.959223000,40.771510000
180504,2014-02-28 22:37:00+00:00,-73.994052000,40.722658000,-0.043944732,-1.543208456,5.000000000,1,-73.998877000,40.728142000
67435,2014-02-28 22:42:20+00:00,-73.974758000,40.759841000,1.537323079,2.603216157,5.000000000,1,-73.969650000,40.754056000
171164,2014-02-28 22:49:58+00:00,-73.992863000,40.724342000,0.054328317,-1.355122116,15.000000000,1,-73.985336000,40.768726000
124480,2014-03-01 01:25:00+00:00,-73.991458000,40.727627000,0.168796304,-0.989102955,11.500000000,1,-73.985532000,40.761597000
61971,2014-03-01 02:45:35+00:00,-73.987358000,40.729306000,0.512886727,-0.798737407,17.000000000,2,-73.955511000,40.744487000
4688,2014-03-01 02:54:00+00:00,-73.950115000,40.779830000,3.590837863,4.846747154,4.000000000,3,-73.955152000,40.783612000
162265,2014-03-01 05:02:19+00:00,-73.956777000,40.716767000,3.111887747,-2.160419189,10.000000000,1,-73.997157000,40.722399000
187184,2014-03-01 08:29:25+00:00,-73.955502000,40.785359000,3.128958100,5.455083455,9.500000000,1,-73.960093000,40.809770000
140890,2014-03-01 10:48:40+00:00,-73.975810000,40.748929000,1.462662637,1.390866431,5.000000000,1,-73.980037000,40.753244000
2490,2014-03-01 11:26:51+00:00,-73.983639000,40.748159000,0.802713685,1.297707575,7.500000000,1,-74.001822000,40.755798000
5063,2014-03-01 13:13:17+00:00,-73.999334000,40.723808000,-0.491490875,-1.420647495,10.500000000,1,-73.989409000,40.732236000
78757,2014-03-01 13:27:26+00:00,-73.988251000,40.749636000,0.411465631,1.457166728,10.500000000,1,-73.971956000,40.781498000
60253,2014-03-01 13:37:18+00:00,-73.993439000,40.722118000,0.008513298,-1.602558843,18.000000000,1,-73.955020000,40.730812000
13976,2014-03-01 14:16:08+00:00,-73.982568000,40.750720000,0.889834901,1.583044780,9.000000000,2,-73.959898000,40.758620000
184894,2014-03-01 15:07:00+00:00,-73.972075000,40.754297000,1.770998989,1.990440238,9.000000000,1,-73.954428000,40.777897000
106283,2014-03-01 15:08:02+00:00,-73.981615000,40.740864000,0.982980919,0.489890819,8.000000000,1,-73.980385000,40.726939000
6847,2014-03-01 15:56:40+00:00,-73.948906000,40.798415000,3.668129111,6.911056201,5.500000000,2,-73.933652000,40.795194000
196080,2014-03-01 16:43:46+00:00,-73.790473000,40.643957000,17.269654629,-10.062689663,37.500000000,1,-73.911755000,40.742586000
169685,2014-03-01 17:28:00+00:00,-73.959662000,40.770932000,2.796949211,3.849400083,12.000000000,1,-73.971602000,40.751185000
149051,2014-03-01 18:01:41+00:00,-73.990050000,40.746590000,0.263483188,1.117289561,12.500000000,1,-73.989261000,40.726545000
113041,2014-03-01 18:27:00+00:00,-73.968157000,40.755492000,2.100177640,2.126975542,10.000000000,1,-73.955497000,40.781160000
173593,2014-03-01 18:29:01+00:00,-74.000150000,40.738082000,-0.578449181,0.163079109,12.500000000,1,-73.980847000,40.730603000
131265,2014-03-01 19:17:00+00:00,-73.948735000,40.773822000,3.715279273,4.181206092,10.000000000,5,-73.972750000,40.755082000
15698,2014-03-01 20:38:35+00:00,-73.977742000,40.746511000,1.302685836,1.120549343,16.000000000,1,-73.952647000,40.801862000
157256,2014-03-01 21:59:00+00:00,-74.008405000,40.735395000,-1.272095074,-0.143102324,9.000000000,4,-73.990845000,40.734595000
142308,2014-03-01 22:01:17+00:00,-73.976704000,40.754510000,1.379965818,2.009518087,13.000000000,1,-73.930214000,40.766886000
49361,2014-03-01 23:24:00+00:00,-73.982092000,40.764237000,0.912613250,3.083998107,8.000000000,6,-73.996887000,40.742587000
178517,2014-03-01 23:26:01+00:00,-73.978208000,40.763283000,1.241665808,2.981907312,21.000000000,1,-73.917887000,40.767243000
111310,2014-03-02 00:34:00+00:00,-73.985697000,40.727002000,0.656107126,-1.052878168,21.000000000,1,-73.973200000,40.795272000
4049,2014-03-02 00:56:54+00:00,-73.955215000,40.785832000,3.152548459,5.507878723,6.000000000,1,-73.971745000,40.782200000
80576,2014-03-02 01:02:00+00:00,-73.989347000,40.758327000,0.307829764,2.420865340,15.500000000,5,-73.940345000,40.798097000
36827,2014-03-02 01:18:00+00:00,-74.002405000,40.750157000,-0.784085280,1.501323366,6.500000000,1,-73.991728000,40.738692000
152843,2014-03-02 01:26:17+00:00,-73.980507000,40.730552000,1.089824817,-0.653727741,13.500000000,1,-73.981925000,40.766495000
108871,2014-03-02 02:18:15+00:00,-73.998648000,40.745248000,-0.460701410,0.960001123,7.000000000,1,-73.992687000,40.761782000
199569,2014-03-02 02:27:00+00:00,-73.993843000,40.756867000,-0.069818976,2.254433403,6.500000000,2,-73.980808000,40.743627000
171513,2014-03-02 02:57:00+00:00,-74.002375000,40.749892000,-0.781218294,1.471935250,6.500000000,5,-74.008042000,40.739407000
159235,2014-03-02 03:00:00+00:00,-73.950018000,40.774627000,3.605936676,4.269270706,4.500000000,1,-73.959490000,40.767100000
153366,2014-03-02 03:02:00+00:00,-73.991548000,40.726882000,0.162145725,-1.071890325,20.500000000,1,-73.916050000,40.768017000
141006,2014-03-02 03:13:00+00:00,-74.005608000,40.726140000,-1.024283929,-1.167798987,9.000000000,4,-73.988510000,40.719697000
112444,2014-03-02 03:52:00+00:00,-73.988360000,40.721467000,0.438296445,-1.669895068,50.000000000,1,-73.713852000,40.738100000
4667,2014-03-02 03:56:47+00:00,-73.986562000,40.750439000,0.553023299,1.547950644,5.000000000,1,-73.979546000,40.761152000
165101,2014-03-02 03:58:00+00:00,-73.978087000,40.725185000,1.301115886,-1.247126018,19.500000000,1,-73.991722000,40.686390000
174603,2014-03-02 10:29:31+00:00,-73.956335000,40.781349000,3.063970043,5.009104468,10.500000000,2,-73.967954000,40.800488000
180913,2014-03-02 10:51:42+00:00,-73.978283000,40.752223000,1.249630497,1.754091191,5.000000000,1,-73.988874000,40.758680000
39615,2014-03-02 13:39:29+00:00,-73.991794000,40.750035000,0.111853481,1.498016654,13.500000000,1,-73.956034000,40.776184000
35113,2014-03-02 13:44:48+00:00,-73.989961000,40.741640000,0.277319925,0.567890702,4.000000000,1,-73.983573000,40.747189000
53653,2014-03-02 14:43:16+00:00,-73.991772000,40.729544000,0.139835861,-0.776607379,9.000000000,1,-74.004893000,40.737349000
58738,2014-03-02 15:01:00+00:00,-73.984338000,40.729002000,0.768306000,-0.829537812,13.000000000,6,-73.971427000,40.758137000
173322,2014-03-02 17:07:00+00:00,-73.980930000,40.784550000,0.984493679,5.340036956,9.000000000,2,-73.958225000,40.773945000
42016,2014-03-02 17:17:38+00:00,-74.003927000,40.713141000,-0.865955924,-2.609164851,39.500000000,1,-73.792041000,40.718863000
78493,2014-03-02 17:17:50+00:00,-73.956516000,40.766831000,3.067867764,3.397310504,6.500000000,2,-73.960016000,40.779462000
82357,2014-03-02 19:15:00+00:00,-74.002262000,40.734497000,-0.752254131,-0.236909644,14.500000000,2,-73.958907000,40.763697000
11592,2014-03-02 19:40:00+00:00,-73.994462000,40.732027000,-0.090481454,-0.503582338,11.000000000,2,-73.992562000,40.763492000
111830,2014-03-02 20:27:00+00:00,-74.002405000,40.744977000,-0.777549635,0.926306397,6.000000000,1,-74.006717000,40.730247000
57816,2014-03-02 21:56:19+00:00,-73.985639000,40.738630000,0.646091929,0.237967189,6.000000000,1,-73.979101000,40.749779000
82571,2014-03-02 22:15:16+00:00,-73.997587000,40.717958000,-0.336537899,-2.068353702,12.000000000,1,-73.974993000,40.755883000
72718,2014-03-02 22:24:26+00:00,-74.001369000,40.722589000,-0.661815008,-1.557921120,18.000000000,1,-73.953940000,40.778775000
35682,2014-03-03 03:18:00+00:00,-73.978002000,40.729482000,1.302742381,-0.770045894,26.000000000,1,-73.934410000,40.652777000
96350,2014-03-03 08:20:13+00:00,-73.965040000,40.760221000,2.357103412,2.655028564,11.000000000,1,-73.987451000,40.749750000
140272,2014-03-03 09:03:00+00:00,-73.974780000,40.742082000,1.558494999,0.631815076,11.000000000,1,-73.999012000,40.731842000
172447,2014-03-03 10:18:00+00:00,-73.789755000,40.646947000,17.325797998,-9.729945230,57.330000000,5,-73.988057000,40.760092000
48921,2014-03-03 11:21:00+00:00,-73.979570000,40.754842000,1.137604437,2.043555427,5.500000000,1,-73.988485000,40.742997000
98468,2014-03-03 14:08:00+00:00,-73.955207000,40.765007000,3.180757623,3.196147228,57.330000000,1,-74.004455000,40.735375000
58360,2014-03-03 15:44:00+00:00,-73.947080000,40.774047000,3.854645738,4.207857950,28.830000000,5,-73.871082000,40.774192000
144619,2014-03-03 16:57:00+00:00,-73.955113000,40.779257000,3.169850040,4.778103429,19.000000000,1,-73.988072000,40.754602000
85918,2014-03-03 17:05:24+00:00,-73.975163000,40.751905000,1.513425965,1.721861839,14.000000000,1,-73.978935000,40.789575000
91616,2014-03-03 18:21:00+00:00,-73.977275000,40.748317000,1.339776227,1.321487756,6.500000000,1,-73.989015000,40.748302000
182857,2014-03-03 18:24:43+00:00,-73.942570000,40.794580000,4.207764086,6.491766053,4.500000000,1,-73.949012000,40.800889000
183408,2014-03-03 18:47:14+00:00,-73.983408000,40.693964000,0.891858306,-4.718076761,6.000000000,1,-73.992494000,40.698721000
184657,2014-03-03 19:04:28+00:00,-73.992346000,40.743423000,0.073679817,0.763502059,11.000000000,1,-73.991245000,40.723474000
29201,2014-03-03 19:11:00+00:00,-73.987847000,40.743295000,0.453688775,0.753663379,7.500000000,1,-73.990995000,40.755767000
99468,2014-03-03 19:52:00+00:00,-73.970310000,40.796732000,1.864696577,6.702803924,3.500000000,5,-73.972892000,40.793262000
133014,2014-03-03 23:27:00+00:00,-73.991127000,40.732657000,0.190332974,-0.430417288,9.500000000,1,-74.015402000,40.704932000
163896,2014-03-03 23:35:14+00:00,-73.973253000,40.752427000,1.673986647,1.781692302,10.500000000,1,-73.977243000,40.778482000
172629,2014-03-04 01:29:12+00:00,-73.948859000,40.828836000,3.631596322,10.288097786,18.000000000,1,-73.997539000,40.762212000
86352,2014-03-04 06:47:00+00:00,-73.981125000,40.744532000,1.019626409,0.897545145,4.500000000,5,-73.975640000,40.741455000
139018,2014-03-04 06:50:00+00:00,-73.978150000,40.752595000,1.260377234,1.795516646,57.330000000,1,-73.776363000,40.645430000
6079,2014-03-04 08:22:32+00:00,-73.984705000,40.761805000,0.695193486,2.811472496,5.000000000,1,-73.977542000,40.757337000
149303,2014-03-04 08:27:45+00:00,-73.997953000,40.745878000,-0.402823420,1.030605239,9.500000000,1,-73.984279000,40.730251000
17439,2014-03-04 09:14:50+00:00,-73.986190000,40.757912000,0.574844184,2.377871217,41.830000000,1,-73.864955000,40.770478000
160847,2014-03-04 09:35:00+00:00,-73.997522000,40.761780000,-0.386600446,2.796258487,5.500000000,5,-73.997022000,40.749115000
37771,2014-03-04 09:45:00+00:00,-73.959482000,40.771417000,2.811501577,3.903419026,9.500000000,1,-73.971402000,40.764612000
42653,2014-03-04 10:02:00+00:00,-73.993467000,40.752490000,-0.032507358,1.768918361,43.330000000,4,-73.872760000,40.774602000
42752,2014-03-04 10:43:00+00:00,-73.991405000,40.750010000,0.144724915,1.495618790,11.500000000,2,-74.004660000,40.716182000
145482,2014-03-04 10:58:07+00:00,-73.938052000,40.765927000,4.627431824,3.315657813,5.000000000,1,-73.925819000,40.762177000
117777,2014-03-04 11:29:00+00:00,-73.974232000,40.791510000,1.540612414,6.119241265,5.500000000,2,-73.981245000,40.787187000
192320,2014-03-04 11:45:11+00:00,-74.014824000,40.717943000,-1.792372259,-2.086493089,23.000000000,1,-73.973392000,40.756200000
140236,2014-03-04 12:31:51+00:00,-73.977536000,40.758862000,1.304103776,2.491803820,9.500000000,1,-73.966595000,40.767123000
198178,2014-03-04 14:17:34+00:00,-73.956028000,40.772063000,3.102143318,3.978593209,11.500000000,1,-73.972207000,40.763260000
32957,2014-03-04 15:00:00+00:00,-73.958787000,40.781155000,2.857323675,4.985109853,10.000000000,6,-73.969255000,40.794515000
182380,2014-03-04 15:32:54+00:00,-73.993267000,40.736904000,0.004220090,0.038954896,3.500000000,2,-73.995046000,40.739729000
49097,2014-03-04 15:41:20+00:00,-73.953770000,40.775251000,3.288481285,4.334756497,15.000000000,1,-73.991000000,40.760610000
166173,2014-03-04 15:43:00+00:00,-73.975445000,40.763322000,1.474822712,2.988956086,9.500000000,1,-73.959777000,40.776612000
141557,2014-03-04 16:46:00+00:00,-73.973657000,40.755407000,1.636013225,2.112095438,6.500000000,1,-73.961360000,40.760315000
73927,2014-03-04 17:07:00+00:00,-73.982677000,40.731102000,0.905871526,-0.594799435,8.500000000,1,-73.984155000,40.710772000
179619,2014-03-04 17:40:00+00:00,-74.010330000,40.718762000,-1.413829383,-1.991311122,7.000000000,1,-73.996392000,40.723937000
120585,2014-03-04 17:52:00+00:00,-73.987780000,40.724040000,0.483988944,-1.383710242,10.000000000,2,-74.004560000,40.740630000
129280,2014-03-04 18:14:00+00:00,-73.959098000,40.767647000,2.848874087,3.485304178,6.500000000,1,-73.967290000,40.756652000
42657,2014-03-04 18:21:00+00:00,-73.989355000,40.735985000,0.335712161,-0.059265201,6.500000000,2,-73.999492000,40.722202000
147212,2014-03-04 18:39:35+00:00,-73.981417000,40.778791000,0.950826439,4.700265221,11.500000000,1,-73.947426000,40.771237000
6126,2014-03-04 19:09:00+00:00,-74.005247000,40.718707000,-0.984450523,-1.992566119,8.000000000,1,-74.001810000,40.735187000
108263,2014-03-04 19:37:00+00:00,-73.985655000,40.757700000,0.620275818,2.354859521,11.500000000,2,-73.957852000,40.777147000
10511,2014-03-04 19:57:00+00:00,-73.998845000,40.726277000,-0.453317921,-1.146101146,7.000000000,1,-73.991257000,40.748862000
155140,2014-03-04 20:04:07+00:00,-73.789080000,40.647130000,17.382590613,-9.708845433,57.330000000,1,-73.983803000,40.744077000
78395,2014-03-04 20:32:48+00:00,-74.007947000,40.744544000,-1.244899507,0.872937320,21.500000000,1,-73.960939000,40.769776000
186878,2014-03-04 23:02:00+00:00,-73.984517000,40.721717000,0.762542129,-1.638397285,7.500000000,1,-74.006947000,40.732972000
126429,2014-03-04 23:09:00+00:00,-73.984255000,40.761162000,0.734002262,2.740534275,6.000000000,5,-73.991445000,40.749977000
123696,2014-03-04 23:19:00+00:00,-73.985880000,40.760582000,0.597586037,2.674563442,11.500000000,2,-73.975635000,40.732660000
465,2014-03-05 01:58:00+00:00,-74.004237000,40.751967000,-0.941022777,1.700490066,5.000000000,1,-74.005022000,40.741480000
198277,2014-03-05 08:47:39+00:00,-73.965014000,40.764095000,2.354225394,3.085097899,4.500000000,1,-73.970821000,40.759355000
12789,2014-03-05 09:24:42+00:00,-73.992474000,40.763640000,0.037107860,3.007612568,10.000000000,1,-73.974189000,40.763255000
197567,2014-03-05 10:18:00+00:00,-74.004750000,40.746752000,-0.977764598,1.121096501,5.500000000,1,-73.994787000,40.743702000
180852,2014-03-05 10:59:00+00:00,-73.968142000,40.754687000,2.102494573,2.037629430,10.000000000,1,-73.967770000,40.768622000
14969,2014-03-05 11:39:17+00:00,-73.976300000,40.776570000,1.385497124,4.458743629,3.500000000,1,-73.981420000,40.778418000
166958,2014-03-05 12:50:17+00:00,-73.970064000,40.789539000,1.894827954,5.904566010,5.000000000,1,-73.980295000,40.783549000
58670,2014-03-05 16:47:00+00:00,-73.987685000,40.749855000,0.458967477,1.482028293,7.000000000,2,-73.975375000,40.765280000
138863,2014-03-05 17:40:59+00:00,-73.953848000,40.785075000,3.268891826,5.425220551,4.500000000,2,-73.953984000,40.778743000
14421,2014-03-05 17:57:25+00:00,-73.953775000,40.822257000,3.225794649,9.552809675,20.500000000,1,-73.982191000,40.759289000
86914,2014-03-05 18:05:00+00:00,-73.968997000,40.749997000,2.036436292,1.516156447,4.500000000,1,-73.963897000,40.757250000
51366,2014-03-05 18:55:00+00:00,-73.997590000,40.724197000,-0.344696798,-1.375786007,14.500000000,5,-73.987047000,40.759465000
131686,2014-03-05 19:41:00+00:00,-73.956955000,40.747590000,3.056204306,1.260973617,21.330000000,1,-73.999352000,40.760460000
156938,2014-03-05 21:51:09+00:00,-73.967636000,40.760083000,2.138161440,2.637128254,7.500000000,1,-73.949273000,40.781360000
161974,2014-03-05 22:00:42+00:00,-73.999209000,40.732492000,-0.491921599,-0.456544226,10.500000000,1,-73.985762000,40.762194000
100662,2014-03-05 22:04:00+00:00,-73.996942000,40.762602000,-0.338688352,2.888066073,8.500000000,1,-73.977557000,40.781892000
198980,2014-03-05 23:38:00+00:00,-73.976313000,40.765440000,1.398817180,3.223215031,6.500000000,1,-73.976977000,40.749970000
29428,2014-03-05 23:59:43+00:00,-73.982327000,40.766533000,0.889822391,3.338641410,13.000000000,2,-73.943200000,40.799161000
152808,2014-03-06 05:53:55+00:00,-74.004927000,40.706980000,-0.942675168,-3.294032856,13.000000000,1,-73.974591000,40.742171000
179436,2014-03-06 06:30:00+00:00,-73.955293000,40.773122000,3.162771960,4.096888946,8.000000000,2,-73.973638000,40.759287000
187352,2014-03-06 08:46:11+00:00,-73.983011000,40.757042000,0.844304352,2.284399820,6.000000000,1,-73.980106000,40.765767000
62662,2014-03-06 09:15:00+00:00,-73.960842000,40.757390000,2.715168298,2.344954055,7.500000000,1,-73.974718000,40.753790000
82101,2014-03-06 09:26:00+00:00,-74.005837000,40.745302000,-1.067710926,0.959096205,10.500000000,1,-74.009800000,40.722782000
138769,2014-03-06 11:23:39+00:00,-73.974385000,40.791197000,1.528110484,6.084344747,32.330000000,1,-73.871670000,40.774325000
187037,2014-03-06 11:54:00+00:00,-73.972452000,40.793957000,1.687604390,6.392636360,24.000000000,1,-73.968475000,40.751542000
168074,2014-03-06 12:07:03+00:00,-74.015370000,40.709513000,-1.827997246,-3.022794531,19.000000000,1,-73.985468000,40.766395000
191558,2014-03-06 12:09:58+00:00,-73.968458000,40.761802000,2.066534920,2.827134269,7.000000000,1,-73.979528000,40.746639000
183265,2014-03-06 12:25:00+00:00,-73.980757000,40.736960000,1.060455359,0.057359943,57.330000000,2,-73.805730000,40.651180000
119165,2014-03-06 12:51:00+00:00,-73.987675000,40.743992000,0.467318230,0.831202818,11.500000000,1,-73.966987000,40.758190000
15416,2014-03-06 13:57:11+00:00,-73.981636000,40.749580000,0.969982334,1.457408997,5.000000000,1,-73.987102000,40.749343000
30325,2014-03-06 14:19:10+00:00,-73.977148000,40.776958000,1.313434798,4.500979875,7.000000000,1,-73.983973000,40.761153000
11727,2014-03-06 14:55:19+00:00,-73.968178000,40.792104000,2.050600430,6.191172373,4.500000000,1,-73.974103000,40.783795000
134085,2014-03-06 15:00:00+00:00,-73.986230000,40.757432000,0.572083334,2.324548653,57.330000000,2,-73.959087000,40.760705000
97798,2014-03-06 16:19:00+00:00,-74.014767000,40.709737000,-1.777339792,-2.997357954,11.000000000,1,-74.004920000,40.742797000
171715,2014-03-06 17:56:00+00:00,-73.968528000,40.762757000,2.059380293,2.933077055,11.000000000,1,-73.991422000,40.731965000
27692,2014-03-06 18:14:00+00:00,-73.978135000,40.741857000,1.275521304,0.603535489,8.500000000,1,-73.996857000,40.741435000
36055,2014-03-06 18:34:00+00:00,-73.970807000,40.798202000,1.820853544,6.865493768,17.500000000,1,-73.936237000,40.854297000
110863,2014-03-06 20:39:00+00:00,-73.978887000,40.752752000,1.197958955,1.812220649,10.000000000,1,-73.955862000,40.778877000
105201,2014-03-06 21:08:00+00:00,-73.952098000,40.777117000,3.427104575,4.543581505,4.500000000,1,-73.958898000,40.777817000
134352,2014-03-06 21:35:00+00:00,-73.970413000,40.765162000,1.897145195,3.198181705,6.500000000,1,-73.955252000,40.777500000
117421,2014-03-06 23:43:00+00:00,-73.950742000,40.786142000,3.529547304,5.546796959,6.500000000,2,-73.963590000,40.774555000
107613,2014-03-07 00:32:08+00:00,-74.005267000,40.725640000,-0.994857514,-1.222976168,8.500000000,1,-74.015482000,40.709656000
89103,2014-03-07 02:08:43+00:00,-73.986578000,40.756018000,0.544520983,2.167244904,9.000000000,1,-74.000292000,40.728717000
164456,2014-03-07 06:14:00+00:00,-73.967442000,40.756927000,2.158659016,2.286981192,6.000000000,1,-73.954397000,40.763837000
90642,2014-03-07 08:00:23+00:00,-73.982385000,40.742633000,0.915691742,0.685508483,7.000000000,1,-73.970206000,40.756057000
143961,2014-03-07 08:29:00+00:00,-74.014872000,40.716790000,-1.794990705,-2.214529071,10.500000000,6,-74.003012000,40.740935000
78466,2014-03-07 09:11:00+00:00,-73.987442000,40.760232000,0.466190500,2.634188239,6.500000000,2,-73.973507000,40.764467000
49096,2014-03-07 11:44:15+00:00,-73.954321000,40.784099000,3.230273648,5.316400714,4.500000000,1,-73.954248000,40.779066000
16516,2014-03-07 11:45:00+00:00,-73.985958000,40.752552000,0.601302766,1.783098021,13.000000000,1,-73.965088000,40.763487000
19886,2014-03-07 11:46:56+00:00,-73.995485000,40.733539000,-0.178787188,-0.336728773,10.000000000,1,-74.009487000,40.718461000
70178,2014-03-07 12:52:00+00:00,-73.994685000,40.758857000,-0.143424446,2.474523484,35.830000000,5,-73.870330000,40.772817000
51973,2014-03-07 13:15:00+00:00,-73.983390000,40.726177000,0.851992602,-1.142205712,15.500000000,1,-73.969740000,40.761457000
172228,2014-03-07 13:29:35+00:00,-74.001722000,40.740498000,-0.714231647,0.429761414,12.500000000,2,-73.984078000,40.764289000
78496,2014-03-07 13:41:00+00:00,-73.985490000,40.744380000,0.651295778,0.876403452,6.500000000,2,-73.975802000,40.752330000
135017,2014-03-07 14:10:45+00:00,-73.973737000,40.763105000,1.619265934,2.966552213,8.500000000,1,-73.953940000,40.779014000
5375,2014-03-07 15:07:00+00:00,-73.865522000,40.771880000,10.740467038,4.053115781,31.000000000,1,-73.983007000,40.724325000
125310,2014-03-07 15:59:50+00:00,-73.965729000,40.795332000,2.252989324,6.551940860,5.000000000,1,-73.974205000,40.783616000
158115,2014-03-07 16:37:00+00:00,-73.960015000,40.776465000,2.759876465,4.463253257,4.000000000,3,-73.960015000,40.776465000
189454,2014-03-07 18:18:22+00:00,-73.982856000,40.735482000,0.885123021,-0.108764034,12.000000000,1,-74.003525000,40.756327000
138773,2014-03-07 18:31:45+00:00,-73.950624000,40.771544000,3.558890599,3.926421461,19.500000000,2,-73.990122000,40.751686000
192854,2014-03-07 18:47:00+00:00,-73.985647000,40.739945000,0.643729712,0.383933678,15.000000000,1,-74.016515000,40.716075000
193902,2014-03-07 19:40:00+00:00,-73.984375000,40.737080000,0.754808211,0.067140247,12.000000000,5,-73.977970000,40.764957000
4608,2014-03-07 20:07:55+00:00,-73.993488000,40.747581000,-0.028030708,1.223963546,5.500000000,2,-74.001933000,40.736075000
134225,2014-03-07 20:58:00+00:00,-73.983545000,40.738120000,0.823554067,0.183398693,10.000000000,1,-73.993737000,40.721307000
117245,2014-03-07 21:55:30+00:00,-73.995337000,40.759328000,-0.199057888,2.526177657,7.500000000,1,-73.979651000,40.772614000
137565,2014-03-08 00:23:06+00:00,-74.000622000,40.729267000,-0.607164066,-0.815900396,7.500000000,1,-73.985643000,40.721982000
19572,2014-03-08 00:45:00+00:00,-73.981517000,40.674992000,1.076038390,-6.822233542,13.000000000,1,-73.970697000,40.638785000
156883,2014-03-08 00:55:41+00:00,-74.004248000,40.752023000,-0.942021906,1.706695934,6.000000000,1,-73.989648000,40.763780000
26154,2014-03-08 01:13:00+00:00,-73.989973000,40.730362000,0.290710259,-0.684057720,8.000000000,2,-73.978430000,40.751102000
172770,2014-03-08 01:13:55+00:00,-73.979975000,40.726481000,1.139999498,-1.105115030,15.500000000,3,-73.958789000,40.716770000
100996,2014-03-08 01:14:10+00:00,-73.987190000,40.722637000,0.535612689,-1.538878192,10.000000000,1,-74.006605000,40.737115000
80874,2014-03-08 01:36:46+00:00,-73.844018000,40.721674000,12.628665894,-1.496459226,13.500000000,2,-73.900308000,40.742349000
155652,2014-03-08 03:09:00+00:00,-73.983405000,40.766057000,0.799451897,3.284747027,10.500000000,2,-73.971525000,40.797762000
41762,2014-03-08 03:27:00+00:00,-73.952802000,40.768037000,3.379728856,3.534920656,5.500000000,6,-73.986045000,40.772262000
123890,2014-03-08 03:27:09+00:00,-73.996987000,40.762835000,-0.342782221,2.913887389,8.000000000,2,-73.978578000,40.744837000
153216,2014-03-08 06:56:29+00:00,-74.008358000,40.714457000,-1.241878644,-2.467315426,9.000000000,1,-73.988670000,40.748349000
104215,2014-03-08 09:37:00+00:00,-73.953415000,40.788347000,3.301092173,5.788875016,12.000000000,1,-73.937877000,40.823122000
153154,2014-03-08 09:48:46+00:00,-73.987200000,40.724915000,0.531851568,-1.286014511,9.000000000,1,-73.990775000,40.745747000
16631,2014-03-08 09:57:00+00:00,-73.986637000,40.761585000,0.532404013,2.785165738,19.000000000,1,-74.017858000,40.705320000
15441,2014-03-08 11:08:18+00:00,-73.958189000,40.768854000,2.924001038,3.620201141,14.000000000,1,-73.938609000,40.804887000
176257,2014-03-08 11:36:27+00:00,-73.975400000,40.760866000,1.481804481,2.716365904,9.000000000,2,-73.953466000,40.780131000
134757,2014-03-08 13:36:00+00:00,-73.953060000,40.786067000,3.334065729,5.536133988,25.000000000,1,-74.008977000,40.708667000
76109,2014-03-08 13:46:25+00:00,-73.988007000,40.728729000,0.458819085,-0.863420252,15.000000000,1,-74.007046000,40.711771000
129598,2014-03-08 14:00:00+00:00,-73.982268000,40.771410000,0.888521634,3.880083431,4.500000000,5,-73.974695000,40.763625000
155932,2014-03-08 14:27:52+00:00,-73.986420000,40.749456000,0.566271127,1.438968938,9.000000000,2,-73.966667000,40.752814000
145776,2014-03-08 14:41:38+00:00,-73.998942000,40.744764000,-0.484910030,0.905990556,6.000000000,1,-73.992629000,40.747828000
163263,2014-03-08 15:27:00+00:00,-73.982968000,40.730975000,0.881461510,-0.609182004,8.500000000,1,-73.990060000,40.740117000
58367,2014-03-08 15:44:00+00:00,-74.002910000,40.760322000,-0.839538262,2.629227885,10.000000000,1,-74.007437000,40.740950000
162134,2014-03-08 16:25:08+00:00,-73.982119000,40.766392000,0.907559093,3.323192987,6.500000000,1,-73.970998000,40.764529000
122837,2014-03-08 17:31:09+00:00,-73.990218000,40.750270000,0.244599922,1.525632924,6.500000000,1,-73.990869000,40.738375000
25996,2014-03-08 17:54:23+00:00,-73.985694000,40.735307000,0.645709993,-0.130962810,7.500000000,1,-73.973300000,40.748699000
21793,2014-03-08 18:17:34+00:00,-73.979692000,40.784682000,1.088781665,5.355904490,14.500000000,1,-74.005680000,40.749273000
98097,2014-03-08 18:21:00+00:00,-74.003410000,40.741987000,-0.858630152,0.593431446,6.500000000,5,-74.001225000,40.731805000
93176,2014-03-08 19:03:41+00:00,-73.949852000,40.772100000,3.623303435,3.988921457,16.000000000,2,-73.979385000,40.763521000
159693,2014-03-08 19:31:02+00:00,-73.956002000,40.737693000,3.149726839,0.163291085,10.000000000,2,-73.940332000,40.722865000
128890,2014-03-08 19:47:00+00:00,-73.989565000,40.747150000,0.303713565,1.179924849,11.000000000,1,-73.991565000,40.759842000
126144,2014-03-08 19:48:27+00:00,-74.007521000,40.705205000,-1.159576663,-3.493548129,13.500000000,2,-74.007726000,40.705136000
58694,2014-03-08 20:53:00+00:00,-73.988190000,40.755320000,0.409340818,2.088191593,7.000000000,6,-73.971602000,40.759482000
59515,2014-03-08 21:53:00+00:00,-73.972272000,40.791282000,1.706270311,6.095867571,10.000000000,1,-73.976222000,40.764590000
86213,2014-03-08 22:14:08+00:00,-73.991644000,40.749036000,0.125790640,1.387265910,7.500000000,1,-73.996616000,40.733973000
72321,2014-03-08 23:09:00+00:00,-74.015010000,40.709142000,-1.797125664,-3.063636946,18.000000000,6,-73.982315000,40.734397000
192717,2014-03-08 23:15:09+00:00,-73.988919000,40.736577000,0.371770360,0.006874846,4.000000000,1,-73.992012000,40.730397000
123232,2014-03-08 23:44:48+00:00,-74.004478000,40.741988000,-0.948803239,0.592519256,12.000000000,1,-73.983347000,40.775798000
22628,2014-03-09 01:39:19+00:00,-73.987740000,40.732648000,0.476350928,-0.428124318,5.500000000,2,-73.978796000,40.744813000
117220,2014-03-09 04:17:52+00:00,-73.987300000,40.718388000,0.531761810,-2.010652836,8.000000000,1,-73.987736000,40.732571000
179640,2014-03-09 07:13:38+00:00,-73.995088000,40.749623000,-0.165703690,1.449092447,4.000000000,1,-73.987810000,40.748970000
122764,2014-03-09 10:53:00+00:00,-73.993432000,40.757162000,-0.035501365,2.287578439,19.000000000,1,-74.014990000,40.709700000
11138,2014-03-09 12:18:22+00:00,-73.991403000,40.750124000,0.144748328,1.508275555,7.500000000,2,-73.989733000,40.756850000
48451,2014-03-09 12:49:00+00:00,-73.780665000,40.646402000,18.095210901,-9.779827441,57.330000000,6,-73.972762000,40.759132000
175025,2014-03-09 13:30:00+00:00,-73.994110000,40.751202000,-0.085148945,1.625318670,11.000000000,1,-73.977930000,40.777922000
128231,2014-03-09 14:07:00+00:00,-73.966142000,40.758275000,2.266631366,2.437911349,15.500000000,1,-73.979818000,40.783972000
183756,2014-03-09 15:33:35+00:00,-73.870459000,40.773554000,10.321424642,4.233567182,47.500000000,1,-74.017151000,40.710243000
14452,2014-03-09 15:42:00+00:00,-73.961925000,40.770442000,2.606609007,3.792743914,7.500000000,1,-73.975812000,40.765577000
120748,2014-03-09 15:56:31+00:00,-73.952338000,40.778107000,3.405539262,4.653237463,8.000000000,2,-73.958391000,40.784272000
186424,2014-03-09 17:41:00+00:00,-73.986317000,40.739412000,0.587842694,0.324113445,8.500000000,2,-74.000282000,40.720587000
94189,2014-03-09 17:56:29+00:00,-73.984046000,40.775231000,0.733557854,4.302504660,7.500000000,2,-73.977585000,40.786942000
77819,2014-03-09 18:11:20+00:00,-73.973362000,40.759237000,1.655941213,2.537545324,10.000000000,1,-73.999420000,40.742497000
60305,2014-03-09 19:26:28+00:00,-73.991719000,40.750357000,0.117774367,1.533833721,6.000000000,1,-73.984483000,40.741894000
140103,2014-03-09 20:02:18+00:00,-73.948260000,40.774603000,3.754325298,4.268383767,6.000000000,1,-73.960417000,40.769594000
185180,2014-03-09 21:56:05+00:00,-73.993562000,40.758889000,-0.048673605,2.479162317,23.000000000,1,-73.924079000,40.766236000
5168,2014-03-10 00:58:00+00:00,-73.781465000,40.645125000,18.029533112,-9.922520263,41.000000000,1,-73.945280000,40.725557000
170789,2014-03-10 06:54:23+00:00,-73.978090000,40.729555000,1.295216777,-0.762028883,6.500000000,1,-73.988650000,40.741516000
10088,2014-03-10 13:38:23+00:00,-73.976625000,40.751844000,1.390085644,1.713650193,9.500000000,1,-73.967914000,40.771258000
108957,2014-03-10 17:49:51+00:00,-73.782639000,40.644530000,17.931181034,-9.989943802,57.330000000,4,-73.998963000,40.761013000
175996,2014-03-10 18:23:00+00:00,-73.984927000,40.754117000,0.686327545,1.957830654,13.000000000,6,-73.954627000,40.786645000
52893,2014-03-10 18:57:48+00:00,-74.016885000,40.596665000,-1.815928643,-15.550953507,11.000000000,1,-74.019305000,40.597110000
49136,2014-03-10 19:36:28+00:00,-73.994961000,40.739894000,-0.142616170,0.369226924,10.500000000,1,-73.990293000,40.766968000
147260,2014-03-10 19:45:00+00:00,-73.947220000,40.782785000,3.831188945,5.177704045,19.000000000,5,-73.988755000,40.751460000
126465,2014-03-10 20:19:47+00:00,-73.961202000,40.801530000,2.626749910,7.244484948,6.500000000,4,-73.974439000,40.790795000
1019,2014-03-10 21:04:20+00:00,-73.998865000,40.722962000,-0.450811491,-1.514107698,13.500000000,1,-73.977910000,40.762578000
10625,2014-03-10 22:03:33+00:00,-74.009397000,40.707588000,-1.321038653,-3.230808844,21.000000000,1,-73.949498000,40.776614000
298,2014-03-10 23:15:10+00:00,-74.006209000,40.714462000,-1.060368885,-2.464708750,15.000000000,1,-73.990402000,40.665240000
42928,2014-03-10 23:39:40+00:00,-73.985262000,40.759622000,0.650981997,2.568599339,9.000000000,2,-74.006819000,40.739855000
5658,2014-03-11 00:29:00+00:00,-73.975070000,40.755195000,1.517011539,2.087167831,6.000000000,1,-73.988065000,40.743632000
52314,2014-03-11 02:34:15+00:00,-73.932479000,40.759156000,5.106940796,2.569732289,6.000000000,1,-73.945419000,40.751000000
115502,2014-03-11 03:35:13+00:00,-73.994871000,40.725726000,-0.117011701,-1.203431817,18.500000000,1,-73.973936000,40.782979000
64946,2014-03-11 06:53:37+00:00,-73.958753000,40.769193000,2.875954644,3.657267678,23.500000000,1,-73.995223000,40.698577000
142220,2014-03-11 07:34:21+00:00,-73.950517000,40.775218000,3.563041433,4.334372462,11.000000000,1,-73.973787000,40.758369000
177139,2014-03-11 07:35:00+00:00,-74.002922000,40.744492000,-0.820586701,0.871972007,14.500000000,1,-74.008127000,40.703557000
174302,2014-03-11 07:47:00+00:00,-73.967938000,40.792390000,2.070474913,6.223158985,11.500000000,2,-73.963352000,40.768850000
58318,2014-03-11 08:43:00+00:00,-73.963912000,40.809727000,2.387392799,8.151715897,14.000000000,1,-73.958427000,40.780357000
84551,2014-03-11 10:02:00+00:00,-73.976733000,40.790895000,1.330404714,6.048506089,14.500000000,1,-73.957012000,40.764575000
114492,2014-03-11 10:36:00+00:00,-73.981367000,40.764552000,0.973399091,3.119675651,6.000000000,1,-73.999105000,40.724145000
183936,2014-03-11 11:44:00+00:00,-73.964747000,40.769632000,2.369508207,3.700013349,4.000000000,1,-73.969630000,40.759647000
60052,2014-03-11 16:21:17+00:00,-73.975392000,40.792061000,1.442030872,6.179262583,2.500000000,1,-73.975392000,40.792061000
64826,2014-03-11 17:28:00+00:00,-73.991340000,40.731910000,0.173299397,-0.513546107,7.000000000,1,-73.999270000,40.720100000
47794,2014-03-11 18:41:06+00:00,-74.013281000,40.714154000,-1.657323630,-2.505633610,13.000000000,2,-73.994996000,40.731739000
105446,2014-03-11 20:31:00+00:00,-73.949693000,40.780837000,3.625108850,4.958958554,14.500000000,2,-73.971092000,40.751312000
103353,2014-03-11 20:44:22+00:00,-73.999521000,40.728469000,-0.513178933,-0.903424981,8.000000000,1,-73.984643000,40.736623000
174337,2014-03-11 20:58:15+00:00,-73.999063000,40.734259000,-0.481829241,-0.260254511,15.500000000,1,-74.009486000,40.704960000
183605,2014-03-11 22:20:10+00:00,-73.986602000,40.745365000,0.556149890,0.984661000,7.500000000,1,-73.980662000,40.732430000
189209,2014-03-11 23:39:34+00:00,-73.985105000,40.747503000,0.679791873,1.223454681,12.000000000,1,-73.953394000,40.788356000
123955,2014-03-11 23:54:00+00:00,-73.989265000,40.718797000,0.365274488,-1.967163046,14.500000000,5,-73.920618000,40.702542000
143092,2014-03-12 06:25:00+00:00,-73.991525000,40.749717000,0.134968192,1.462977258,5.000000000,1,-73.980662000,40.753092000
73983,2014-03-12 07:51:00+00:00,-73.983585000,40.694152000,0.876661925,-4.697380602,6.000000000,1,-73.977982000,40.684992000
177170,2014-03-12 09:16:00+00:00,-74.000115000,40.743182000,-0.581942508,0.729248563,5.500000000,3,-73.992712000,40.753422000
122160,2014-03-12 09:50:00+00:00,-74.004175000,40.707567000,-0.879888808,-3.228152235,16.500000000,1,-74.008112000,40.739597000
191067,2014-03-12 11:00:29+00:00,-73.954479000,40.766106000,3.240748217,3.318876652,6.500000000,1,-73.959552000,40.760288000
19282,2014-03-12 11:30:00+00:00,-73.980732000,40.765980000,1.025152881,3.278816895,28.000000000,5,-73.954110000,40.763985000
130884,2014-03-12 12:02:00+00:00,-73.917327000,40.765140000,6.377711580,3.249673330,6.500000000,1,-73.910820000,40.775967000
160037,2014-03-12 12:21:00+00:00,-73.978652000,40.767665000,1.198528014,3.467906263,5.000000000,3,-73.979337000,40.763187000
129755,2014-03-12 12:38:00+00:00,-73.987887000,40.749640000,0.442189731,1.457965060,7.500000000,2,-73.982507000,40.745320000
75007,2014-03-12 13:48:00+00:00,-73.968320000,40.755285000,2.086688364,2.103835225,13.500000000,5,-74.004092000,40.752592000
61659,2014-03-12 14:44:00+00:00,-73.984240000,40.748382000,0.751689080,1.321874817,11.000000000,4,-73.971592000,40.751502000
5741,2014-03-12 14:52:52+00:00,-74.008555000,40.720074000,-1.265557267,-1.843979551,9.000000000,1,-73.990656000,40.730695000
150140,2014-03-12 14:59:08+00:00,-73.987890000,40.770107000,0.415730691,3.729951432,6.000000000,1,-73.976483000,40.785604000
70356,2014-03-12 15:24:00+00:00,-73.973162000,40.782730000,1.642297982,5.145647323,5.000000000,5,-73.979468000,40.776532000
102311,2014-03-12 17:24:32+00:00,-73.974464000,40.788404000,1.525071181,5.774221260,7.000000000,2,-73.968711000,40.804160000
16556,2014-03-12 20:23:30+00:00,-73.972517000,40.765122000,1.719616742,3.191659666,12.500000000,1,-73.956524000,40.747797000
130268,2014-03-12 20:35:30+00:00,-74.010085000,40.712170000,-1.384888991,-2.722832734,4.000000000,1,-74.005263000,40.720166000
174713,2014-03-12 21:32:38+00:00,-73.990168000,40.755672000,0.241920797,2.125342925,12.000000000,1,-73.957743000,40.773380000
107065,2014-03-12 21:35:00+00:00,-73.978370000,40.752882000,1.241434567,1.827159538,5.500000000,6,-73.983883000,40.757270000
178052,2014-03-12 21:57:00+00:00,-73.973023000,40.795517000,1.637403832,6.565244760,5.000000000,1,-73.964837000,40.801642000
58210,2014-03-13 00:12:00+00:00,-73.977708000,40.751912000,1.298572821,1.720133170,10.000000000,1,-74.006062000,40.734557000
64839,2014-03-13 07:38:00+00:00,-74.006910000,40.707700000,-1.111092296,-3.216003968,14.500000000,2,-73.974560000,40.744297000
81189,2014-03-13 08:06:43+00:00,-73.993311000,40.728000000,0.011838040,-0.949493149,17.500000000,1,-73.982575000,40.769099000
167195,2014-03-13 08:39:00+00:00,-73.957290000,40.766365000,3.003157496,3.344804242,7.000000000,6,-73.965973000,40.762090000
44126,2014-03-13 09:12:15+00:00,-73.974753000,40.680437000,1.640649743,-6.211160186,22.000000000,1,-74.009252000,40.705023000
51232,2014-03-13 09:46:41+00:00,-73.978265000,40.741890000,1.264502658,0.607070959,17.500000000,1,-74.011474000,40.702942000
53651,2014-03-13 10:24:00+00:00,-73.979477000,40.766970000,1.129796941,3.389945718,9.500000000,1,-73.963770000,40.773825000
45356,2014-03-13 11:24:00+00:00,-73.994197000,40.751102000,-0.092366174,1.614133771,9.000000000,1,-73.977195000,40.766452000
66869,2014-03-13 11:34:41+00:00,-73.993813000,40.746713000,-0.054363762,1.127294727,3.500000000,1,-74.000103000,40.746036000
48494,2014-03-13 11:54:00+00:00,-73.969248000,40.767555000,1.992351941,3.464977535,10.500000000,1,-73.978140000,40.750067000
80661,2014-03-13 12:13:00+00:00,-73.980098000,40.783735000,1.055747235,5.250381524,11.500000000,1,-73.961153000,40.769807000
194843,2014-03-13 13:31:00+00:00,-73.982475000,40.750275000,0.898258637,1.533737554,9.000000000,2,-74.006337000,40.742357000
29603,2014-03-13 14:27:00+00:00,-73.953592000,40.787057000,3.287866978,5.645496310,20.500000000,1,-73.983258000,40.744397000
121010,2014-03-13 15:16:08+00:00,-73.986264000,40.740520000,0.590897313,0.447160962,9.000000000,1,-73.979735000,40.751227000
144061,2014-03-13 15:37:00+00:00,-73.982557000,40.759710000,0.879193228,2.581011902,7.000000000,1,-73.986318000,40.762347000
186926,2014-03-13 15:55:33+00:00,-73.999277000,40.724832000,-0.487972447,-1.306921758,27.000000000,2,-73.921832000,40.761005000
9804,2014-03-13 17:05:18+00:00,-73.938034000,40.805523000,4.575726509,7.711156260,7.000000000,1,-73.944000000,40.818822000
31715,2014-03-13 17:12:46+00:00,-73.961283000,40.802185000,2.619055679,7.317114471,8.500000000,1,-73.961031000,40.778376000
122115,2014-03-13 18:11:00+00:00,-74.009805000,40.721725000,-1.373196567,-1.661898780,6.000000000,5,-74.013452000,40.716395000
86878,2014-03-13 19:03:00+00:00,-73.992007000,40.731377000,0.117654968,-0.573359639,6.500000000,2,-73.993612000,40.741882000
87935,2014-03-13 19:29:40+00:00,-73.780593000,40.646257000,18.101521845,-9.795838979,57.330000000,4,-73.973986000,40.764222000
86711,2014-03-13 19:31:00+00:00,-73.981217000,40.737605000,1.020783424,0.128508642,6.500000000,2,-73.989368000,40.738237000
92948,2014-03-13 19:49:51+00:00,-73.986883000,40.760923000,0.512488667,2.711439020,8.500000000,1,-73.976739000,40.780305000
72586,2014-03-13 21:03:00+00:00,-73.977923000,40.741972000,1.293271996,0.616509704,8.500000000,2,-74.002885000,40.749527000
144922,2014-03-13 21:04:00+00:00,-73.994730000,40.743812000,-0.128092923,0.804375948,8.500000000,3,-73.992715000,40.756592000
89034,2014-03-13 21:09:03+00:00,-73.870740000,40.773615000,10.297623557,4.240033377,36.330000000,2,-73.965311000,40.758174000
31493,2014-03-13 22:09:00+00:00,-73.992687000,40.743672000,0.044572403,0.790812384,9.500000000,2,-73.990247000,40.761907000
109508,2014-03-13 22:16:00+00:00,-74.010175000,40.720525000,-1.402943901,-1.795458992,10.500000000,1,-73.986840000,40.733745000
168630,2014-03-13 22:59:00+00:00,-73.988020000,40.732072000,0.453444045,-0.492336875,14.500000000,1,-73.951430000,40.774097000
107705,2014-03-13 23:04:00+00:00,-73.863040000,40.769372000,10.953539462,3.777418739,42.330000000,5,-73.983550000,40.765597000
97805,2014-03-13 23:12:36+00:00,-73.952846000,40.786716000,3.351261752,5.608393827,15.500000000,2,-73.995456000,40.749595000
48597,2014-03-13 23:24:00+00:00,-73.781152000,40.645012000,18.056172330,-9.934697268,33.500000000,1,-73.938237000,40.687627000
16795,2014-03-13 23:41:00+00:00,-74.003120000,40.734165000,-0.824285202,-0.274586937,4.500000000,1,-74.002112000,40.727992000
39946,2014-03-13 23:47:00+00:00,-73.946790000,40.776505000,3.875842829,4.481009263,21.000000000,2,-74.003927000,40.742097000
858,2014-03-14 00:06:00+00:00,-74.001717000,40.740792000,-0.714180630,0.462402276,20.500000000,2,-73.968145000,40.675112000
196294,2014-03-14 02:01:42+00:00,-74.005785000,40.740037000,-1.056701040,0.374693929,8.000000000,1,-73.990297000,40.748093000
69897,2014-03-14 03:13:26+00:00,-74.000588000,40.735877000,-0.612645401,-0.082112335,7.500000000,1,-73.989375000,40.757408000
59623,2014-03-14 06:18:30+00:00,-73.967761000,40.802936000,2.071625601,7.394027763,30.830000000,1,-73.870251000,40.772930000
157843,2014-03-14 07:58:00+00:00,-73.995890000,40.726467000,-0.204008042,-1.122160364,15.500000000,1,-73.982255000,40.767247000
6367,2014-03-14 08:30:49+00:00,-73.986503000,40.739745000,0.571711215,0.360897467,8.000000000,1,-73.981915000,40.755366000
23448,2014-03-14 08:40:30+00:00,-73.982134000,40.774513000,0.895833626,4.224671572,13.000000000,3,-73.955489000,40.764403000
70790,2014-03-14 09:08:39+00:00,-73.955423000,40.776874000,3.146841377,4.513259912,4.000000000,1,-73.955962000,40.783889000
191818,2014-03-14 11:13:26+00:00,-73.952813000,40.789308000,3.350610300,5.896160194,24.500000000,2,-73.994418000,40.734468000
7043,2014-03-14 11:23:00+00:00,-73.979565000,40.749302000,1.145177101,1.428579683,5.500000000,1,-73.989022000,40.750177000
118517,2014-03-14 12:51:25+00:00,-73.998944000,40.761014000,-0.505655016,2.709856507,12.000000000,2,-73.974762000,40.753617000
39191,2014-03-14 13:58:00+00:00,-73.989542000,40.738517000,0.316687054,0.221622789,4.000000000,2,-74.000560000,40.730807000
162057,2014-03-14 14:06:00+00:00,-73.946377000,40.772867000,3.915545340,4.077580942,12.000000000,1,-73.968525000,40.759395000
108001,2014-03-14 14:10:00+00:00,-73.973735000,40.756540000,1.627958096,2.237789866,7.500000000,6,-73.959243000,40.769242000
125198,2014-03-14 16:05:00+00:00,-73.976877000,40.755992000,1.363444043,2.173860798,7.000000000,1,-73.967797000,40.768577000
94703,2014-03-14 16:23:00+00:00,-73.985228000,40.752705000,0.662730977,1.800794444,3.500000000,1,-73.984656000,40.756379000
129017,2014-03-14 17:08:00+00:00,-74.007308000,40.743347000,-1.189447733,0.740671825,8.500000000,5,-74.002365000,40.760440000
3877,2014-03-14 17:42:31+00:00,-73.979437000,40.744102000,1.162694892,0.851467690,5.500000000,1,-73.976792000,40.751807000
84199,2014-03-14 17:57:00+00:00,-73.961140000,40.806892000,2.624926602,7.839773998,22.000000000,1,-73.991000000,40.750762000
34056,2014-03-14 18:22:00+00:00,-73.960060000,40.773570000,2.759888908,4.141840458,12.500000000,1,-73.984040000,40.749332000
152197,2014-03-14 18:34:35+00:00,-73.994211000,40.722760000,-0.057502768,-1.532039587,15.500000000,1,-74.004516000,40.751200000
54616,2014-03-14 19:00:31+00:00,-73.984510000,40.737035000,0.743467022,0.062013064,8.000000000,1,-73.992519000,40.747950000
174288,2014-03-14 19:17:13+00:00,-73.954063000,40.785568000,3.250098264,5.479731170,5.500000000,2,-73.953378000,40.775798000
133536,2014-03-14 19:38:00+00:00,-73.978707000,40.729777000,1.242826714,-0.737991587,5.500000000,1,-73.987400000,40.720185000
85493,2014-03-14 20:08:00+00:00,-73.987135000,40.750495000,0.504578941,1.553608640,5.500000000,1,0.000000000,0.000000000
45292,2014-03-14 21:03:31+00:00,-74.007382000,40.743124000,-1.195415534,0.715846603,16.000000000,2,-73.991395000,40.750042000
97734,2014-03-14 21:37:15+00:00,-73.932281000,40.795629000,5.074369890,6.618732594,8.500000000,1,-73.949808000,40.772370000
23731,2014-03-14 22:24:00+00:00,-74.005808000,40.706225000,-1.016148932,-3.378685331,11.000000000,3,-73.987073000,40.724387000
115570,2014-03-14 22:58:36+00:00,-73.955557000,40.773556000,3.139919041,4.144801066,20.500000000,3,-73.997307000,40.735070000
45549,2014-03-14 23:20:00+00:00,-73.972517000,40.743352000,1.747911106,0.775028245,11.000000000,6,-74.000482000,40.730080000
112781,2014-03-15 00:02:20+00:00,-73.987807000,40.733551000,0.469537629,-0.327950279,5.500000000,2,-73.980143000,40.744104000
57798,2014-03-15 00:50:12+00:00,-74.003229000,40.727491000,-0.825078410,-1.015550954,39.000000000,1,-73.859822000,40.720230000
45136,2014-03-15 04:55:00+00:00,-73.988018000,40.737967000,0.446069808,0.162051193,14.500000000,1,-73.981060000,40.776695000
122921,2014-03-15 07:54:19+00:00,-73.951535000,40.713953000,3.558369997,-2.467519839,13.500000000,1,-73.957663000,40.676271000
3250,2014-03-15 10:51:28+00:00,-73.973974000,40.794298000,1.558758089,6.428986580,20.500000000,1,-74.004405000,40.725598000
23477,2014-03-15 11:53:00+00:00,-73.952413000,40.768537000,3.411896841,3.590816496,30.330000000,5,-73.870280000,40.773202000
15699,2014-03-15 12:38:00+00:00,-73.971212000,40.751932000,1.846926837,1.728761406,13.500000000,5,-73.960527000,40.774037000
36317,2014-03-15 12:40:00+00:00,-73.989890000,40.735130000,0.291629754,-0.154696077,8.000000000,1,-73.994160000,40.749630000
96744,2014-03-15 13:49:39+00:00,-73.988655000,40.731032000,0.401152475,-0.608401921,12.000000000,1,-73.969640000,40.757662000
155584,2014-03-15 14:09:00+00:00,-73.979450000,40.761572000,1.139045546,2.790753381,9.000000000,1,-73.973835000,40.782965000
37926,2014-03-15 15:36:00+00:00,-73.981697000,40.737367000,0.980560515,0.101618726,8.000000000,1,-73.996460000,40.725997000
119570,2014-03-15 15:58:38+00:00,-73.990974000,40.739156000,0.194960818,0.291165527,7.500000000,2,-74.005266000,40.725557000
197857,2014-03-15 17:54:00+00:00,-73.973223000,40.759840000,1.666890780,2.604620133,4.000000000,1,-73.971202000,40.755370000
168095,2014-03-15 18:16:36+00:00,-74.008476000,40.720156000,-1.258987838,-1.834801681,7.500000000,3,-73.998888000,40.714862000
80199,2014-03-15 18:46:00+00:00,-73.980022000,40.739137000,1.119708719,0.299743145,4.500000000,1,-73.986355000,40.730372000
148016,2014-03-15 20:24:53+00:00,-73.978572000,40.744937000,1.234646454,0.945008180,11.000000000,1,-73.982457000,40.762863000
121528,2014-03-15 20:33:00+00:00,-73.982242000,40.778157000,0.882026195,4.629078166,5.000000000,2,-73.982030000,40.768717000
30453,2014-03-15 21:13:20+00:00,-73.862708000,40.768786000,10.982402391,3.712731066,36.500000000,1,-74.009089000,40.716153000
106375,2014-03-15 21:28:00+00:00,-73.948592000,40.773955000,3.727170156,4.196114775,4.500000000,2,-73.956132000,40.772020000
98155,2014-03-15 22:26:49+00:00,-73.990680000,40.736785000,0.222810552,0.028253262,15.000000000,3,-73.991968000,40.700884000
69829,2014-03-15 23:48:36+00:00,-73.962797000,40.766509000,2.538178391,3.355280072,6.500000000,1,-73.986102000,40.775860000
165959,2014-03-16 00:04:42+00:00,-74.006383000,40.739333000,-1.106307423,0.295973346,9.500000000,1,-73.986775000,40.730015000
154675,2014-03-16 00:36:00+00:00,-73.993912000,40.736047000,-0.049151544,-0.056802430,6.000000000,1,-73.998465000,40.745355000
27978,2014-03-16 01:12:00+00:00,-73.995007000,40.743727000,-0.151371523,0.794672544,3.500000000,1,-73.986518000,40.740042000
190917,2014-03-16 01:21:00+00:00,-74.001535000,40.724942000,-0.678804496,-1.296881782,8.500000000,1,-73.985225000,40.724462000
90220,2014-03-16 01:51:05+00:00,-73.979065000,40.753077000,1.182513027,1.848123222,5.500000000,1,-73.993652000,40.754783000
187114,2014-03-16 02:46:27+00:00,-73.951470000,40.712444000,3.565860048,-2.634963497,10.500000000,2,-73.955724000,40.681295000
54765,2014-03-16 03:36:00+00:00,-73.981593000,40.747212000,0.976662560,1.194585930,27.000000000,1,-73.928977000,40.852997000
19603,2014-03-16 04:23:48+00:00,-74.005438000,40.748153000,-1.037610939,1.275959082,5.500000000,1,-73.993982000,40.751430000
78080,2014-03-16 05:59:00+00:00,-73.993522000,40.762275000,-0.049608574,2.855072185,6.000000000,1,-73.974680000,40.756240000
34495,2014-03-16 08:14:10+00:00,-73.985773000,40.734493000,0.640083193,-0.221399563,5.000000000,1,-73.994928000,40.727032000
147645,2014-03-16 09:03:30+00:00,-73.985194000,40.768643000,0.645139566,3.570064684,10.000000000,1,-73.959549000,40.771113000
120978,2014-03-16 11:06:00+00:00,-73.986692000,40.766547000,0.521400322,3.335931467,7.500000000,1,-73.991665000,40.749060000
183720,2014-03-16 11:30:00+00:00,-73.955778000,40.803932000,3.081117523,7.516562495,12.500000000,1,-73.939773000,40.841020000
19108,2014-03-16 11:32:00+00:00,-73.967873000,40.771265000,2.103554487,3.878180494,13.500000000,2,-74.005117000,40.741815000
62124,2014-03-16 12:38:00+00:00,-74.000347000,40.718737000,-0.570634452,-1.984536653,18.000000000,1,-74.013177000,40.703070000
20145,2014-03-16 12:41:00+00:00,-73.979646000,40.727541000,1.166416278,-0.987124938,57.330000000,1,-73.776510000,40.645113000
82492,2014-03-16 12:47:00+00:00,-73.991060000,40.755477000,0.166873015,2.102830412,12.500000000,2,-73.962085000,40.780907000
139424,2014-03-16 13:14:00+00:00,-73.990842000,40.750957000,0.191044868,1.601289005,6.000000000,4,-73.990463000,40.737722000
93406,2014-03-16 13:44:18+00:00,-73.977826000,40.758227000,1.280446191,2.421028891,5.000000000,1,-73.976510000,40.765373000
56585,2014-03-16 14:01:00+00:00,-73.955277000,40.782867000,3.151237875,5.178677486,8.500000000,2,-73.973440000,40.763762000
5514,2014-03-16 14:22:00+00:00,-73.960412000,40.776160000,2.726776048,4.428998730,13.500000000,1,-73.984795000,40.758647000
80071,2014-03-16 14:47:00+00:00,-73.978700000,40.745190000,1.223513026,0.972967255,6.500000000,1,-73.985950000,40.746710000
83373,2014-03-16 15:10:00+00:00,-73.963410000,40.777637000,2.471844838,4.589963370,8.500000000,2,-73.981687000,40.762620000
177252,2014-03-16 16:37:00+00:00,-73.973860000,40.792292000,1.570981494,6.206416798,12.000000000,1,-73.973915000,40.762847000
145821,2014-03-16 16:46:26+00:00,-73.991204000,40.735066000,0.180758181,-0.163076289,9.500000000,1,-73.971937000,40.754006000
165006,2014-03-16 16:52:00+00:00,-73.989087000,40.758372000,0.329718800,2.426113471,62.000000000,3,-73.977942000,40.666050000
95818,2014-03-16 16:59:00+00:00,-73.952510000,40.778202000,3.390899097,4.663609876,4.000000000,3,-73.949418000,40.785115000
127235,2014-03-16 17:30:00+00:00,-73.959867000,40.762800000,2.790350459,2.946480185,7.000000000,6,-73.972220000,40.756277000
6293,2014-03-16 18:19:00+00:00,-73.874435000,40.774032000,9.985204608,4.282316205,31.500000000,1,-73.962480000,40.686735000
34893,2014-03-16 19:01:40+00:00,-73.975257000,40.752551000,1.504653333,1.793479935,27.500000000,1,-73.973537000,40.673718000
115911,2014-03-16 19:11:00+00:00,-73.986380000,40.751087000,0.567556948,1.620060793,8.500000000,5,-73.984542000,40.760817000
120149,2014-03-16 19:41:41+00:00,-73.994581000,40.750158000,-0.123582621,1.508971504,6.500000000,2,-74.005777000,40.738134000
177691,2014-03-16 22:24:03+00:00,-73.983269000,40.760928000,0.817527929,2.715522402,16.500000000,1,-73.991744000,40.713899000
185161,2014-03-16 23:20:00+00:00,-73.984345000,40.759667000,0.728326602,2.574490175,8.000000000,1,-73.979180000,40.765147000
73530,2014-03-16 23:22:00+00:00,-73.967792000,40.762040000,2.122438265,2.854215155,10.000000000,1,-73.956962000,40.745217000
43739,2014-03-17 00:21:00+00:00,-73.989028000,40.763332000,0.328355255,2.976767815,30.500000000,1,-73.865432000,40.761270000
89275,2014-03-17 03:36:07+00:00,-74.006524000,40.744720000,-1.124980584,0.893833379,5.500000000,1,-73.997638000,40.737749000
79142,2014-03-17 03:56:33+00:00,-73.986799000,40.760179000,0.520532478,2.628931337,6.500000000,2,-73.990359000,40.750880000
196741,2014-03-17 04:54:00+00:00,-73.948820000,40.711210000,3.791339976,-2.769270250,11.500000000,1,-73.985802000,40.757417000
28246,2014-03-17 07:42:00+00:00,-74.007947000,40.704655000,-1.194874402,-3.555008096,18.000000000,1,-73.976582000,40.752155000
162818,2014-03-17 08:07:00+00:00,-73.999935000,40.732875000,-0.553711193,-0.414727157,10.500000000,1,-73.975470000,40.753300000
177075,2014-03-17 09:05:00+00:00,-73.991513000,40.749970000,0.135658529,1.491073729,14.000000000,1,-73.984317000,40.754594000
172791,2014-03-17 09:08:00+00:00,-73.988817000,40.763522000,0.345921346,2.998064461,11.000000000,2,-73.994890000,40.739682000
143885,2014-03-17 09:14:55+00:00,-73.978133000,40.748725000,1.266814283,1.365935032,5.000000000,1,-73.984720000,40.744200000
101210,2014-03-17 10:25:41+00:00,-73.959599000,40.773592000,2.798764084,4.144743933,21.500000000,1,-73.984112000,40.761829000
23378,2014-03-17 13:00:22+00:00,-73.991577000,40.749713000,0.130583411,1.462482789,70.000000000,1,-74.066126000,40.844615000
116379,2014-03-17 13:03:34+00:00,-73.960845000,40.756933000,2.715515810,2.294220615,9.500000000,2,-73.972459000,40.749520000
63724,2014-03-17 13:09:23+00:00,-73.955395000,40.764280000,3.165850951,3.115255697,13.000000000,1,-73.971783000,40.756402000
105818,2014-03-17 13:15:00+00:00,-73.990652000,40.744792000,0.214954665,0.917114052,7.000000000,1,-74.000128000,40.735017000
139646,2014-03-17 13:26:30+00:00,-73.997120000,40.762605000,-0.353716159,2.888227360,8.500000000,1,-74.004474000,40.742273000
132958,2014-03-17 14:50:00+00:00,-73.979287000,40.744092000,1.175371996,0.850504874,22.000000000,5,-73.963153000,40.756727000
79769,2014-03-17 17:08:00+00:00,-73.994040000,40.751202000,-0.079239620,1.625386401,14.000000000,1,-73.966360000,40.789910000
27636,2014-03-17 17:58:00+00:00,-73.986822000,40.768605000,0.507790139,3.564258375,10.000000000,2,-73.984562000,40.748385000
22621,2014-03-17 18:34:00+00:00,-74.003360000,40.750050000,-0.864571709,1.488529646,7.500000000,1,-73.984577000,40.742647000
47744,2014-03-17 18:52:24+00:00,-73.984026000,40.765492000,0.747765660,3.221420638,6.000000000,2,-73.978819000,40.777501000
5081,2014-03-17 20:26:00+00:00,-73.969967000,40.762822000,1.937837646,2.938865724,16.500000000,1,-73.951028000,40.724212000
139621,2014-03-17 21:07:33+00:00,-73.976255000,40.765487000,1.403651560,3.228489506,7.000000000,2,-73.955288000,40.769372000
194309,2014-03-17 21:08:38+00:00,-73.986890000,40.751050000,0.524550617,1.615456402,24.000000000,1,-73.897317000,40.768076000
135371,2014-03-17 22:26:18+00:00,-73.954067000,40.742831000,3.306315001,0.735591174,10.000000000,1,-73.931056000,40.771399000
179254,2014-03-17 23:05:00+00:00,-73.969455000,40.760547000,1.984018731,2.686830943,8.500000000,1,-73.985760000,40.735125000
199646,2014-03-18 01:00:00+00:00,-73.990910000,40.750585000,0.185779154,1.559928300,8.500000000,1,-74.002825000,40.739432000
68556,2014-03-18 01:13:20+00:00,-73.973465000,40.754996000,1.652754346,2.066660957,5.500000000,1,-73.976072000,40.744508000
30411,2014-03-18 04:37:30+00:00,-73.972909000,40.764143000,1.687803579,3.082595838,34.830000000,1,-73.870754000,40.773932000
84815,2014-03-18 07:04:52+00:00,-73.975900000,40.791859000,1.399434165,6.156338295,12.500000000,1,-73.994945000,40.750036000
65175,2014-03-18 08:13:14+00:00,-73.979799000,40.754650000,1.118521319,2.022017255,8.500000000,1,-73.984663000,40.769567000
130154,2014-03-18 09:12:00+00:00,-73.970440000,40.758247000,1.903873296,2.430537651,19.500000000,3,-73.996672000,40.762512000
186904,2014-03-18 09:46:00+00:00,-73.959887000,40.710912000,2.856905909,-2.813479168,15.500000000,5,-73.994972000,40.735572000
58618,2014-03-18 10:24:59+00:00,-73.977981000,40.752272000,1.275061299,1.759827398,7.500000000,1,-73.988347000,40.748473000
42645,2014-03-18 10:58:00+00:00,-73.978510000,40.777692000,1.197551663,4.581120282,18.000000000,1,-74.009282000,40.746992000
108421,2014-03-18 11:30:00+00:00,-73.951792000,40.784357000,3.443321943,5.347588085,7.500000000,1,-73.951797000,40.773377000
46244,2014-03-18 13:14:11+00:00,-73.983694000,40.757278000,0.786347832,2.309929638,6.500000000,1,-73.979416000,40.767507000
117066,2014-03-18 15:01:00+00:00,-73.986920000,40.737332000,0.539593664,0.092631047,8.000000000,2,-73.988220000,40.749090000
189091,2014-03-18 15:27:03+00:00,-73.974590000,40.761328000,1.549574640,2.768450042,9.500000000,1,-73.986611000,40.758124000
49016,2014-03-18 16:55:38+00:00,-73.965753000,40.762424000,2.294038271,2.898868668,8.000000000,1,-73.944210000,40.789664000
61503,2014-03-18 18:33:24+00:00,-73.988798000,40.748613000,0.366595758,1.343074137,13.000000000,1,-73.963273000,40.774387000
3165,2014-03-18 18:47:00+00:00,-74.006637000,40.742410000,-1.131618905,0.637299141,9.500000000,5,-74.014225000,40.717812000
64634,2014-03-18 18:55:00+00:00,-73.959707000,40.758305000,2.809770910,2.447661127,14.000000000,5,-73.993742000,40.746697000
80166,2014-03-18 18:55:50+00:00,-73.995642000,40.724707000,-0.180829731,-1.317292734,5.500000000,1,-73.986025000,40.726778000
45587,2014-03-18 19:06:33+00:00,-73.981624000,40.720901000,1.007924551,-1.726149365,11.000000000,1,-73.976127000,40.751675000
5031,2014-03-18 19:46:11+00:00,-74.006106000,40.723360000,-1.062847418,-1.476873740,11.500000000,1,-73.978870000,40.744719000
4229,2014-03-18 19:48:00+00:00,-73.973878000,40.761312000,1.609692622,2.767376476,9.000000000,5,-73.989070000,40.722985000
166882,2014-03-18 19:49:50+00:00,-73.971254000,40.755273000,1.839033713,2.099595599,9.000000000,2,-73.949533000,40.773631000
58067,2014-03-18 19:50:00+00:00,-73.974382000,40.760152000,1.568656997,2.638110381,11.000000000,2,-73.945570000,40.793250000
63965,2014-03-18 20:00:00+00:00,-73.990082000,40.756197000,0.248509644,2.183705329,11.000000000,1,-73.985273000,40.747555000
71459,2014-03-18 21:09:00+00:00,-73.987938000,40.752355000,0.434408795,1.759300162,6.000000000,1,-73.999655000,40.738657000
129201,2014-03-18 21:13:43+00:00,-73.967394000,40.763408000,2.154244423,3.006468816,15.000000000,2,-73.908736000,40.766129000
142692,2014-03-19 00:47:00+00:00,-73.991342000,40.737520000,0.165975696,0.109200958,6.500000000,1,-73.979015000,40.744422000
182541,2014-03-19 01:29:31+00:00,-73.988043000,40.728019000,0.456687335,-0.942270155,14.500000000,1,-73.944250000,40.690698000
84576,2014-03-19 07:14:00+00:00,-73.975910000,40.740380000,1.465292675,0.441767212,57.330000000,1,-73.969015000,40.763997000
114461,2014-03-19 09:05:00+00:00,-73.978388000,40.785755000,1.197421295,5.476296861,9.000000000,1,-73.980700000,40.763885000
112471,2014-03-19 09:12:54+00:00,-74.000476000,40.762017000,-0.636234067,2.819722817,8.000000000,2,-73.981883000,40.760073000
36451,2014-03-19 11:02:05+00:00,-73.952386000,40.778216000,3.401344266,4.665288953,6.000000000,1,-73.969038000,40.785706000
80635,2014-03-19 11:14:43+00:00,-73.949513000,40.777053000,3.645328260,4.539086191,9.500000000,1,-73.979046000,40.790320000
199314,2014-03-19 12:19:00+00:00,-73.987142000,40.742802000,0.513842675,0.699623450,13.000000000,1,-73.982477000,40.757902000
11244,2014-03-19 12:39:00+00:00,-73.962867000,40.758515000,2.542759554,2.467815318,16.500000000,2,-73.962195000,40.805182000
63093,2014-03-19 14:27:08+00:00,-74.016363000,40.714945000,-1.918630313,-2.420747531,7.000000000,2,-74.014347000,40.703110000
80455,2014-03-19 15:51:11+00:00,-73.967844000,40.768500000,2.109613062,3.571272911,3.500000000,1,-73.963833000,40.774314000
75178,2014-03-19 16:33:00+00:00,-73.989727000,40.756362000,0.278265261,2.202366472,57.330000000,3,-73.791093000,40.644455000
94332,2014-03-19 16:56:13+00:00,-73.966522000,40.756698000,2.236617250,2.262474669,6.000000000,1,-73.974103000,40.752877000
91326,2014-03-19 17:00:00+00:00,-73.984868000,40.768542000,0.672782684,3.559171215,10.000000000,4,-73.990870000,40.750430000
170249,2014-03-19 17:04:39+00:00,-73.789833000,40.643510000,17.324452807,-10.111565118,57.330000000,2,-73.995054000,40.743995000
198136,2014-03-19 18:36:19+00:00,-73.991359000,40.727147000,0.177768806,-1.042290193,18.000000000,1,-73.995668000,40.759273000
10090,2014-03-19 18:56:00+00:00,-73.994102000,40.751447000,-0.084785310,1.652523186,4.500000000,1,-73.948152000,40.800500000
128974,2014-03-19 19:27:00+00:00,-73.992600000,40.768362000,0.020454438,3.531668021,11.500000000,1,-73.991233000,40.756245000
128494,2014-03-19 20:55:14+00:00,-73.980658000,40.750661000,1.051152387,1.578366344,13.500000000,1,-74.010539000,40.720147000
52847,2014-03-19 20:58:29+00:00,-74.005198000,40.725474000,-0.988821616,-1.241337267,5.000000000,1,-74.008717000,40.732692000
186510,2014-03-19 21:25:26+00:00,-73.997954000,40.745129000,-0.401958649,0.947459942,7.000000000,1,-74.006583000,40.739668000
188139,2014-03-19 21:55:01+00:00,-73.988406000,40.745017000,0.404289985,0.944273622,8.500000000,1,-73.982509000,40.757515000
195138,2014-03-19 21:59:00+00:00,-73.917977000,40.770162000,6.315975024,3.806478505,4.500000000,1,-73.911937000,40.767607000
29404,2014-03-19 22:16:29+00:00,-73.989645000,40.762325000,0.277565429,2.864383420,8.500000000,2,-73.970025000,40.753907000
53248,2014-03-19 23:15:00+00:00,-73.982817000,40.767670000,0.847003279,3.464377473,50.500000000,1,-73.751107000,40.664192000
58925,2014-03-20 00:49:00+00:00,-73.981245000,40.743905000,1.010302939,0.827826047,6.000000000,1,-73.979482000,40.732217000
62385,2014-03-20 01:35:00+00:00,-73.989352000,40.758817000,0.306781246,2.475254109,19.500000000,1,-73.917112000,40.780722000
169730,2014-03-20 07:06:50+00:00,-73.996867000,40.742395000,-0.306718541,0.645014797,16.000000000,1,-74.005628000,40.706580000
60995,2014-03-20 07:09:30+00:00,-74.004736000,40.707130000,-0.926729137,-3.277199111,15.500000000,1,-74.001090000,40.754538000
164001,2014-03-20 07:23:00+00:00,-73.990550000,40.761372000,0.202396074,2.757714123,5.500000000,1,-73.987960000,40.753127000
6807,2014-03-20 08:55:19+00:00,-73.987196000,40.734744000,0.519603502,-0.194923964,5.000000000,1,-73.992319000,40.739229000
155990,2014-03-20 09:43:00+00:00,-73.963177000,40.765882000,2.506929031,3.285299171,6.500000000,1,-73.972447000,40.759360000
6491,2014-03-20 09:44:49+00:00,-74.004874000,40.741593000,-0.981740653,0.548292377,14.500000000,1,-74.007672000,40.704720000
65167,2014-03-20 09:45:13+00:00,-73.979051000,40.746123000,1.192674599,1.076192246,7.000000000,1,-73.974371000,40.760194000
47160,2014-03-20 09:54:56+00:00,-73.988051000,40.732041000,0.450865971,-0.495808262,13.000000000,1,-73.969962000,40.762618000
77108,2014-03-20 10:42:05+00:00,-74.001992000,40.740654000,-0.737225286,0.446819294,9.500000000,1,-73.984141000,40.743658000
14283,2014-03-20 10:43:58+00:00,-73.992151000,40.738012000,0.097039755,0.163031868,6.000000000,1,-74.006717000,40.742472000
61638,2014-03-20 10:52:00+00:00,-73.953342000,40.791492000,3.303084457,6.138069253,13.500000000,1,-73.981487000,40.763667000
149379,2014-03-20 11:24:55+00:00,-73.950765000,40.786013000,3.527778004,5.532453694,16.500000000,2,-73.992599000,40.755668000
90876,2014-03-20 11:43:00+00:00,-73.988893000,40.736502000,0.374061622,-0.001425394,8.500000000,2,-73.999683000,40.737690000
111616,2014-03-20 13:12:33+00:00,-73.993170000,40.762807000,-0.020575692,2.914469014,3.500000000,1,-73.987797000,40.770162000
80913,2014-03-20 14:57:32+00:00,-74.006684000,40.751176000,-1.146599617,1.610342480,7.000000000,1,-73.994411000,40.745701000
176803,2014-03-20 15:37:29+00:00,-73.972858000,40.763890000,1.692436893,3.054561307,4.000000000,1,-73.977586000,40.759755000
13346,2014-03-20 15:41:19+00:00,-73.961788000,40.773899000,2.613629445,4.176634719,11.500000000,1,-73.978948000,40.756714000
117607,2014-03-20 18:54:00+00:00,-73.958397000,40.772827000,2.901210073,4.061026686,12.000000000,1,-73.965310000,40.755992000
124766,2014-03-20 19:35:57+00:00,-73.989557000,40.733885000,0.321338671,-0.292576165,12.000000000,2,-73.986871000,40.760144000
87517,2014-03-20 20:41:00+00:00,-73.963885000,40.761240000,2.453258536,2.769295818,9.500000000,1,-73.983033000,40.744945000
82432,2014-03-20 21:16:00+00:00,-73.971257000,40.754988000,1.839151345,2.067955511,5.500000000,1,-73.959507000,40.762675000
80591,2014-03-20 21:31:00+00:00,-73.958755000,40.781012000,2.860212322,4.969267765,5.000000000,6,-73.949208000,40.785112000
128422,2014-03-20 22:28:00+00:00,-73.986737000,40.742825000,0.548007185,0.702571251,19.500000000,1,-73.919872000,40.759340000
108361,2014-03-20 22:45:00+00:00,-73.863730000,40.769925000,10.894510791,3.838051851,50.500000000,1,-74.011065000,40.627137000
151974,2014-03-20 22:54:50+00:00,-73.979397000,40.784816000,1.113499666,5.371069169,14.000000000,1,-73.971831000,40.756802000
113190,2014-03-20 22:58:00+00:00,-73.985805000,40.744062000,0.625108958,0.840795841,11.000000000,2,-73.959277000,40.762642000
185176,2014-03-20 23:28:20+00:00,-73.862700000,40.768861000,10.982969638,3.721065441,27.500000000,1,-73.957890000,40.774546000
152506,2014-03-21 00:03:45+00:00,-73.979801000,40.752377000,1.121285705,1.769695555,17.000000000,1,-74.006940000,40.707245000
149676,2014-03-21 01:17:00+00:00,-73.990355000,40.717917000,0.274336208,-2.065907865,19.000000000,1,-73.919472000,40.749212000
16515,2014-03-21 06:59:34+00:00,-73.981851000,40.769679000,0.925943756,3.688337501,16.000000000,1,-73.947251000,40.825779000
58343,2014-03-21 08:15:00+00:00,-73.988932000,40.748347000,0.355623334,1.313415889,8.500000000,1,-73.981043000,40.741750000
132438,2014-03-21 08:33:01+00:00,-73.946523000,40.776625000,3.898214201,4.494600784,12.000000000,1,-73.973823000,40.752060000
156140,2014-03-21 09:29:59+00:00,-73.863438000,40.769724000,10.919443430,3.816058413,13.000000000,1,-73.831576000,40.762156000
195432,2014-03-21 09:33:00+00:00,-73.972015000,40.749792000,1.781921621,1.490411335,21.000000000,1,-73.988375000,40.748317000
79264,2014-03-21 09:57:00+00:00,-73.990600000,40.751345000,0.210978954,1.644594761,6.000000000,1,-74.006567000,40.751855000
8539,2014-03-21 14:50:00+00:00,-73.953802000,40.770242000,3.292412137,3.778685926,6.500000000,2,-73.952127000,40.776715000
46823,2014-03-21 14:55:38+00:00,-73.969671000,40.797755000,1.917269066,6.816998595,8.000000000,1,-73.979399000,40.781260000
29408,2014-03-21 15:09:19+00:00,-73.954954000,40.779751000,3.182613666,4.833101213,7.000000000,1,-73.951841000,40.766578000
140285,2014-03-21 15:27:00+00:00,-73.994080000,40.751240000,-0.082664726,1.629565972,31.500000000,2,-73.974545000,40.793277000
172704,2014-03-21 15:50:22+00:00,-74.015528000,40.715031000,-1.848209295,-2.410410759,8.000000000,1,-74.006602000,40.738045000
138735,2014-03-21 17:33:00+00:00,-73.950755000,40.771310000,3.548145750,3.900313387,4.500000000,1,-73.957267000,40.761967000
42243,2014-03-21 17:35:00+00:00,-73.971500000,40.795175000,1.766333875,6.528785915,9.500000000,1,-73.960688000,40.778372000
95530,2014-03-21 18:13:00+00:00,-73.991932000,40.725590000,0.131363566,-1.215683469,21.000000000,2,-73.968273000,40.690042000
55774,2014-03-21 18:40:14+00:00,-73.970510000,40.757104000,1.899453147,2.303586767,9.000000000,1,-73.974168000,40.778722000
140460,2014-03-21 18:46:34+00:00,-73.954685000,40.765576000,3.224062733,3.259835390,12.000000000,1,-73.972020000,40.790729000
147062,2014-03-21 19:25:00+00:00,-73.992980000,40.733580000,0.032685998,-0.329754280,9.000000000,1,-73.981257000,40.749602000
173131,2014-03-21 19:41:46+00:00,-73.996592000,40.725652000,-0.262258258,-1.213308574,8.000000000,2,-73.985217000,40.731617000
2196,2014-03-21 19:48:00+00:00,-73.871235000,40.773947000,10.255375741,4.276350498,48.830000000,6,-74.016983000,40.710865000
73720,2014-03-21 20:02:10+00:00,-73.874587000,40.773991000,9.972435639,4.277600284,38.500000000,1,-74.016706000,40.709476000
94413,2014-03-21 20:11:05+00:00,-73.990228000,40.740821000,0.255822656,0.476716547,9.500000000,1,-74.002547000,40.718706000
133399,2014-03-21 20:18:00+00:00,-73.975387000,40.765267000,1.477196763,3.204923010,7.000000000,1,-73.980302000,40.756142000
2241,2014-03-21 20:34:52+00:00,-73.985190000,40.736256000,0.687049550,-0.025125352,7.500000000,1,-74.004701000,40.740690000
149798,2014-03-21 20:40:59+00:00,-74.005292000,40.741098000,-1.016410172,0.492943903,9.000000000,1,-74.002863000,40.760403000
195191,2014-03-21 20:52:00+00:00,-73.981705000,40.756092000,0.955769611,2.180221215,8.000000000,3,-73.980523000,40.735352000
136164,2014-03-21 21:11:33+00:00,-73.984352000,40.761855000,0.724924400,2.817367692,5.500000000,1,-73.991260000,40.750228000
102763,2014-03-21 21:23:15+00:00,-74.002361000,40.729106000,-0.753813720,-0.835442528,7.000000000,1,-73.994205000,40.732261000
136966,2014-03-21 22:54:00+00:00,-73.983878000,40.726197000,0.810755006,-1.140462599,9.000000000,1,-74.004840000,40.706985000
179897,2014-03-21 22:57:00+00:00,-73.988762000,40.774235000,0.336855996,4.187342432,8.500000000,1,-73.991012000,40.760557000
124358,2014-03-21 23:25:33+00:00,-73.981933000,40.736602000,0.961618311,0.016467219,7.000000000,1,-73.980301000,40.722161000
119423,2014-03-22 00:11:26+00:00,-73.998316000,40.729677000,-0.412949307,-0.768168561,13.500000000,1,-73.957657000,40.761664000
44265,2014-03-22 00:32:00+00:00,-73.966667000,40.757433000,2.223416725,2.343921042,7.500000000,5,-73.983718000,40.743873000
34251,2014-03-22 01:01:30+00:00,-73.985464000,40.738667000,0.660820564,0.242245203,8.000000000,1,-74.004090000,40.729991000
195829,2014-03-22 02:32:30+00:00,-73.782206000,40.644594000,17.967694835,-9.982332526,48.000000000,2,-74.012967000,40.647600000
9092,2014-03-22 02:33:08+00:00,-73.980702000,40.733753000,1.069232709,-0.298585649,10.500000000,1,-73.957288000,40.772563000
53114,2014-03-22 02:33:54+00:00,-73.998270000,40.750834000,-0.435865400,1.580451300,6.500000000,2,-73.984030000,40.743697000
50548,2014-03-22 03:34:00+00:00,-73.989802000,40.740097000,0.292715607,0.396761265,7.500000000,2,-74.006560000,40.736582000
41557,2014-03-22 06:29:00+00:00,-73.982493000,40.766507000,0.875845534,3.335592717,5.500000000,4,-73.995847000,40.768975000
1378,2014-03-22 06:49:00+00:00,-73.973032000,40.759002000,1.684101438,2.511784508,6.000000000,1,-73.961652000,40.774082000
17188,2014-03-22 06:53:22+00:00,-73.995749000,40.733360000,-0.200852396,-0.356854038,9.500000000,1,-73.996696000,40.734005000
39852,2014-03-22 08:20:59+00:00,-73.952868000,40.776553000,3.362874519,4.480197063,7.000000000,1,-73.966787000,40.756623000
71178,2014-03-22 08:34:22+00:00,-73.978584000,40.736630000,1.244363182,0.022860144,6.000000000,1,-73.978352000,40.752203000
129909,2014-03-22 09:54:00+00:00,-73.978253000,40.783257000,1.212042460,5.199131695,4.000000000,6,-73.977367000,40.788702000
36912,2014-03-22 14:12:10+00:00,-73.978636000,40.762346000,1.206751794,2.877472642,8.000000000,2,-73.973967000,40.750753000
51598,2014-03-22 15:14:00+00:00,-73.997012000,40.743862000,-0.320821664,0.807722290,10.000000000,1,-73.977277000,40.726135000
110056,2014-03-22 15:33:00+00:00,-73.955419000,40.820211000,3.089864706,9.324031984,9.500000000,2,-73.971860000,40.794823000
48613,2014-03-22 15:51:58+00:00,-74.003666000,40.713479000,-0.844335649,-2.571394608,4.000000000,4,-73.999801000,40.718214000
194001,2014-03-22 15:55:03+00:00,-73.993274000,40.724548000,0.019356004,-1.332652747,6.000000000,2,-74.001709000,40.733846000
131870,2014-03-22 19:00:17+00:00,-73.999296000,40.718770000,-0.481908766,-1.979862481,11.500000000,1,-74.007370000,40.742671000
48507,2014-03-22 19:17:08+00:00,-73.969045000,40.790840000,1.979103635,6.049997773,4.000000000,1,-73.974271000,40.788299000
77219,2014-03-22 19:39:00+00:00,-73.985145000,40.747335000,0.676630562,1.204766421,14.500000000,6,-73.950043000,40.780258000
63340,2014-03-22 21:02:00+00:00,-73.959365000,40.771432000,2.821355863,3.905201264,14.500000000,1,-73.946597000,40.816385000
157647,2014-03-22 22:25:51+00:00,-73.995400000,40.736879000,-0.175852311,0.034116537,8.000000000,1,-74.002244000,40.750454000
103419,2014-03-22 23:51:42+00:00,-73.958246000,40.701533000,3.007868290,-3.852967271,4.000000000,1,-73.961693000,40.704654000
4026,2014-03-23 00:19:00+00:00,-73.973605000,40.747682000,1.650431696,1.254614930,11.000000000,2,-73.985315000,40.723812000
91764,2014-03-23 01:02:52+00:00,-73.929504000,40.752083000,5.367635879,1.787634328,7.500000000,1,-73.951170000,40.743548000
187353,2014-03-23 01:18:24+00:00,-73.993730000,40.761600000,-0.066305486,2.779940796,4.000000000,1,-73.990446000,40.766443000
8525,2014-03-23 01:40:00+00:00,-73.977270000,40.766212000,1.317046481,3.307970935,4.500000000,2,-73.968242000,40.760412000
130896,2014-03-23 02:26:00+00:00,-74.003480000,40.739097000,-0.860898409,0.272554119,11.000000000,1,-74.007277000,40.705607000
180924,2014-03-23 09:42:48+00:00,-73.984448000,40.759955000,0.719262544,2.606359697,23.000000000,4,-73.939722000,40.829860000
137380,2014-03-23 11:00:50+00:00,-73.979637000,40.762697000,1.121809392,2.915453283,7.500000000,2,-73.993951000,40.756629000
184783,2014-03-23 11:43:27+00:00,-73.957312000,40.773870000,2.991398892,4.177895646,4.500000000,1,-73.960213000,40.766504000
120321,2014-03-23 11:47:05+00:00,-73.974637000,40.733107000,1.582205300,-0.364332560,9.000000000,1,-73.991575000,40.749018000
89323,2014-03-23 12:41:02+00:00,-73.958331000,40.764539000,2.917703783,3.141060518,4.500000000,1,-73.951178000,40.774607000
38336,2014-03-23 12:46:00+00:00,-73.982428000,40.758375000,0.891800408,2.432943214,7.000000000,1,-73.968997000,40.756327000
17368,2014-03-23 13:05:18+00:00,-73.984081000,40.729211000,0.789740451,-0.806086292,4.000000000,1,-73.987126000,40.734127000
172949,2014-03-23 13:14:54+00:00,-74.002746000,40.720897000,-0.775976713,-1.747065972,63.000000000,1,-74.182056000,40.687700000
6238,2014-03-23 18:57:00+00:00,-73.991655000,40.750200000,0.123377482,1.516467657,13.500000000,1,-73.950638000,40.775747000
63056,2014-03-23 19:28:12+00:00,-73.985449000,40.731771000,0.670933512,-0.523244380,41.830000000,1,-73.862060000,40.768597000
124034,2014-03-23 19:44:25+00:00,-73.991919000,40.747524000,0.104502465,1.219156328,22.000000000,1,-73.980808000,40.676547000
35727,2014-03-23 20:09:52+00:00,-73.979353000,40.755578000,1.154972130,2.125469894,5.000000000,1,-73.992861000,40.752500000
184424,2014-03-23 22:34:00+00:00,-73.960220000,40.766210000,2.756069752,3.324663203,8.000000000,1,-73.981950000,40.765120000
166304,2014-03-24 01:37:11+00:00,-74.000068000,40.728733000,-0.559705547,-0.874645386,28.000000000,1,-73.908045000,40.773418000
23817,2014-03-24 07:13:00+00:00,-73.980282000,40.745802000,1.089160894,1.039350791,7.500000000,1,-73.991595000,40.754797000
148527,2014-03-24 07:47:37+00:00,-73.971939000,40.754975000,1.781597747,2.065837755,4.500000000,1,-73.979830000,40.758756000
112047,2014-03-24 07:49:00+00:00,-73.989012000,40.730587000,0.371574606,-0.658147182,38.330000000,1,-73.975220000,40.765417000
62125,2014-03-24 09:08:55+00:00,-74.000577000,40.736332000,-0.612291575,-0.031593607,11.000000000,1,-73.983215000,40.765922000
183075,2014-03-24 09:57:01+00:00,-73.981209000,40.730884000,1.030116713,-0.617561540,4.500000000,1,-73.991546000,40.735132000
20374,2014-03-24 11:14:00+00:00,-73.992970000,40.747182000,0.016208855,1.180173305,4.000000000,5,-73.985647000,40.752925000
183516,2014-03-24 11:50:00+00:00,-73.961067000,40.760942000,2.691507324,2.739028047,6.000000000,1,-73.964643000,40.770447000
328,2014-03-24 12:28:00+00:00,-73.973638000,40.757932000,1.634338773,2.392408019,15.500000000,1,-73.997785000,40.724342000
97222,2014-03-24 12:55:00+00:00,-73.986713000,40.767345000,0.518604843,3.424495045,40.830000000,6,-73.980982000,40.773407000
21966,2014-03-24 13:51:00+00:00,-73.970960000,40.757367000,1.861125588,2.332336199,36.330000000,6,-73.972447000,40.756687000
11239,2014-03-24 13:59:00+00:00,-73.972900000,40.755840000,1.699351816,2.160909289,10.000000000,2,-73.993100000,40.749710000
148496,2014-03-24 14:01:20+00:00,-74.006778000,40.741733000,-1.142673200,0.562012683,9.000000000,1,-74.014547000,40.714063000
134638,2014-03-24 14:58:39+00:00,-73.968787000,40.754517000,2.048268893,2.018118164,4.500000000,1,-73.971879000,40.746227000
199861,2014-03-24 16:27:37+00:00,-73.978978000,40.752172000,1.191026060,1.747747010,7.000000000,1,-73.973821000,40.743965000
15030,2014-03-24 16:50:00+00:00,-73.994967000,40.750467000,-0.156561635,1.542899508,10.500000000,1,-73.988485000,40.736650000
25062,2014-03-24 17:00:36+00:00,-73.988996000,40.748079000,0.350562978,1.283603715,12.000000000,1,-73.959409000,40.777476000
192405,2014-03-24 17:19:23+00:00,-73.993989000,40.735328000,-0.054738677,-0.136690940,6.500000000,1,-74.006186000,40.722955000
89071,2014-03-24 17:44:08+00:00,-74.009373000,40.704159000,-1.314718768,-3.611426656,15.500000000,1,-73.972662000,40.745981000
60820,2014-03-24 18:47:50+00:00,-73.981085000,40.747908000,1.018653046,1.272344723,14.000000000,1,-74.008883000,40.722727000
48685,2014-03-24 19:36:00+00:00,-73.970693000,40.763692000,1.875427157,3.034723229,11.000000000,1,-73.983902000,40.779642000
15924,2014-03-24 20:14:00+00:00,-73.952918000,40.783372000,3.349618705,5.237110232,19.000000000,1,-73.999863000,40.737815000
143428,2014-03-24 20:39:40+00:00,-73.958993000,40.780938000,2.840227059,4.960814790,11.000000000,1,-73.973662000,40.748005000
60770,2014-03-24 20:51:00+00:00,-73.968788000,40.761452000,2.039137679,2.787954214,10.500000000,1,-74.002555000,40.760677000
96005,2014-03-24 21:13:05+00:00,-73.975857000,40.751861000,1.454896791,1.716293609,7.000000000,2,-73.992055000,40.755658000
45479,2014-03-24 21:57:21+00:00,-74.005244000,40.740185000,-1.011208954,0.391640444,6.500000000,1,-73.994684000,40.750448000
124608,2014-03-25 07:51:13+00:00,-73.982007000,40.775327000,0.905502470,4.315156249,13.000000000,1,-73.969857000,40.750417000
42772,2014-03-25 08:15:00+00:00,-73.971570000,40.746622000,1.823612203,1.138958286,13.500000000,1,-73.982185000,40.769082000
77463,2014-03-25 08:35:38+00:00,-73.991461000,40.734847000,0.159336541,-0.187636140,9.000000000,1,-73.980455000,40.750192000
152184,2014-03-25 10:02:32+00:00,-73.992126000,40.731902000,0.106937124,-0.515196382,57.330000000,1,-73.776528000,40.645084000
85981,2014-03-25 11:33:00+00:00,-73.989912000,40.733082000,0.292387715,-0.382059681,11.500000000,1,-73.971417000,40.760900000
40468,2014-03-25 19:58:00+00:00,-73.992200000,40.725140000,0.109303926,-1.265896314,5.000000000,1,-73.981560000,40.730910000
80007,2014-03-25 20:39:00+00:00,-73.991065000,40.745020000,0.179795368,0.942022802,5.500000000,1,-73.984100000,40.749390000
152780,2014-03-25 20:44:19+00:00,-73.980392000,40.753403000,1.070071735,1.883009297,4.000000000,1,-73.972565000,40.749667000
100727,2014-03-25 21:31:00+00:00,-73.970710000,40.762360000,1.875726853,2.886844289,13.000000000,6,-73.999172000,40.729860000
166280,2014-03-25 21:34:23+00:00,-73.997190000,40.722343000,-0.308565298,-1.581206740,7.000000000,1,-73.997722000,40.738610000
37192,2014-03-25 22:19:10+00:00,-73.974660000,40.742072000,1.568639631,0.630823344,5.000000000,2,-73.983436000,40.734360000
16797,2014-03-26 00:08:00+00:00,-73.982307000,40.727722000,0.941464850,-0.969640664,8.000000000,1,-73.972860000,40.748917000
136440,2014-03-26 02:59:06+00:00,-74.007909000,40.704761000,-1.191797135,-3.543205174,9.500000000,1,-73.996525000,40.694691000
161121,2014-03-26 07:00:00+00:00,-73.977875000,40.783567000,1.243536462,5.233915789,7.000000000,5,-73.987040000,40.771082000
126544,2014-03-26 08:00:37+00:00,-73.993253000,40.762810000,-0.027585066,2.914721652,8.500000000,1,-73.989655000,40.748932000
182122,2014-03-26 08:07:00+00:00,-73.976315000,40.764402000,1.399992767,3.107987178,7.500000000,5,-73.978847000,40.751577000
81031,2014-03-26 08:08:00+00:00,-73.984663000,40.759627000,0.701536154,2.569739241,7.000000000,5,-73.982555000,40.762197000
9704,2014-03-26 08:47:00+00:00,-73.978502000,40.741130000,1.245474323,0.522472642,15.500000000,1,-74.006848000,40.719492000
165313,2014-03-26 11:18:53+00:00,-73.986827000,40.747804000,0.534028654,1.255188261,12.000000000,1,-74.008038000,40.718753000
53095,2014-03-26 12:48:05+00:00,-74.006320000,40.717010000,-1.072944667,-2.181970214,8.500000000,1,-73.992298000,40.743278000
92002,2014-03-26 14:50:00+00:00,-73.955062000,40.779367000,3.174008133,4.790365574,3.500000000,1,-73.949335000,40.776872000
159837,2014-03-26 16:04:00+00:00,-73.980740000,40.733822000,1.065935025,-0.290963420,12.500000000,1,-73.954160000,40.764062000
7637,2014-03-26 16:34:00+00:00,-73.964742000,40.801477000,2.328201456,7.235069368,9.000000000,5,-73.940440000,40.819560000
42382,2014-03-26 17:43:00+00:00,-73.982400000,40.771122000,0.877752545,3.847983991,12.000000000,2,-73.998187000,40.750120000
126972,2014-03-26 18:20:27+00:00,-73.996858000,40.762663000,-0.331675791,2.894918581,4.500000000,1,-73.995397000,40.756348000
24109,2014-03-26 18:48:12+00:00,-73.954059000,40.821706000,3.202575186,9.491357964,9.000000000,1,-73.965540000,40.800613000
61329,2014-03-26 19:30:00+00:00,-73.971765000,40.759697000,1.790143783,2.590187144,8.500000000,1,-73.956542000,40.780877000
131242,2014-03-26 19:38:12+00:00,-73.987810000,40.732271000,0.470922434,-0.470042079,8.000000000,1,-73.979718000,40.749352000
46996,2014-03-26 19:48:00+00:00,-73.972092000,40.786627000,1.727513477,5.579303021,5.000000000,5,-73.978632000,40.790890000
153622,2014-03-26 20:30:00+00:00,-73.981108000,40.746750000,1.018203563,1.143775797,4.500000000,1,-73.987637000,40.749032000
182682,2014-03-26 22:11:55+00:00,-73.987066000,40.756065000,0.503267282,2.171986649,5.000000000,2,-73.983717000,40.762867000
48009,2014-03-26 23:40:00+00:00,-74.005650000,40.745757000,-1.052495383,1.009783262,9.000000000,1,-73.971112000,40.748352000
122067,2014-03-27 01:09:00+00:00,-73.982773000,40.777527000,0.838028856,4.558623476,9.500000000,1,-73.956867000,40.782622000
174109,2014-03-27 01:30:00+00:00,-73.981857000,40.768717000,0.926676700,3.581542269,9.000000000,3,-74.004262000,40.742582000
89618,2014-03-27 03:34:00+00:00,-73.997768000,40.744948000,-0.386025883,0.927546943,8.500000000,3,-73.980639000,40.728822000
142962,2014-03-27 05:39:43+00:00,-73.956243000,40.772258000,3.083741341,4.000023833,8.000000000,1,-73.974743000,40.752528000
177777,2014-03-27 05:55:26+00:00,-74.006421000,40.716905000,-1.081343478,-2.193722415,4.000000000,1,-74.012562000,40.717061000
142281,2014-03-27 07:18:30+00:00,-73.990284000,40.761816000,0.224280921,2.807259764,7.500000000,1,-73.988695000,40.753491000
93104,2014-03-27 08:39:00+00:00,-73.981607000,40.752277000,0.968956519,1.756824108,5.500000000,1,-73.991632000,40.745562000
51729,2014-03-27 09:28:00+00:00,-73.971632000,40.746532000,1.818494919,1.128906302,10.500000000,1,-73.961018000,40.774127000
128328,2014-03-27 12:13:00+00:00,-73.997335000,40.736750000,-0.339074433,0.017928760,12.000000000,2,-73.993222000,40.752872000
2740,2014-03-27 13:30:24+00:00,-73.971558000,40.757577000,1.810374469,2.355056004,8.500000000,2,-73.983563000,40.748021000
57969,2014-03-27 13:30:34+00:00,-73.994119000,40.766646000,-0.105560973,3.339708113,15.500000000,1,-73.985223000,40.757281000
78156,2014-03-27 15:58:00+00:00,-73.975487000,40.779417000,1.450412350,4.775583938,15.500000000,1,-73.996007000,40.740250000
45449,2014-03-27 16:36:00+00:00,-74.008955000,40.718015000,-1.296761274,-2.072923403,61.000000000,1,0.000000000,0.000000000
198423,2014-03-27 19:40:00+00:00,-73.974833000,40.792975000,1.488006018,6.281275203,13.000000000,1,-74.005267000,40.751357000
171619,2014-03-27 21:49:29+00:00,-73.987313000,40.718383000,0.530670224,-2.011220530,5.500000000,3,-73.987817000,40.727915000
182049,2014-03-27 21:50:00+00:00,-73.975487000,40.761055000,1.474216125,2.737260582,10.000000000,1,-73.947230000,40.772570000
111572,2014-03-27 21:58:11+00:00,-73.956579000,40.802732000,3.015136727,7.382547929,4.500000000,2,-73.951669000,40.809334000
112320,2014-03-27 22:00:00+00:00,-73.953250000,40.779480000,3.326761237,4.804732615,13.000000000,1,-73.983640000,40.743770000
145202,2014-03-27 22:24:23+00:00,-73.983480000,40.773478000,0.783576757,4.108461444,11.000000000,4,-73.985435000,40.747117000
179956,2014-03-27 23:53:06+00:00,-73.806217000,40.652249000,15.925920889,-9.160413134,57.330000000,3,-73.975462000,40.765098000
77095,2014-03-28 00:38:00+00:00,-73.986357000,40.767307000,0.548699457,3.420623831,6.000000000,1,-73.977405000,40.776972000
148367,2014-03-28 02:19:21+00:00,-73.950524000,40.779751000,3.556430196,4.837564496,28.000000000,1,-73.875829000,40.754953000
84600,2014-03-28 03:34:00+00:00,-74.002030000,40.739540000,-0.739027855,0.323121021,11.500000000,3,-73.982632000,40.717840000
25888,2014-03-28 07:39:15+00:00,-73.951053000,40.779016000,3.512767342,4.755439651,6.000000000,1,-73.952489000,40.789374000
133178,2014-03-28 08:03:00+00:00,-73.962417000,40.767262000,2.569261724,3.439248093,10.000000000,2,-73.983563000,40.749675000
33630,2014-03-28 13:15:04+00:00,-73.986771000,40.736714000,0.552966491,0.024173906,9.000000000,1,-73.967078000,40.752377000
47735,2014-03-28 14:37:34+00:00,-74.005753000,40.740038000,-1.054000441,0.374835537,5.500000000,1,-74.001326000,40.733873000
39413,2014-03-28 15:22:47+00:00,-73.953826000,40.785037000,3.270798422,5.421024386,6.000000000,1,-73.948253000,40.779623000
179319,2014-03-28 15:26:00+00:00,-73.992487000,40.743152000,0.062120652,0.733282483,9.000000000,1,-73.978220000,40.752577000
16380,2014-03-28 15:34:00+00:00,-73.986083000,40.757497000,0.584408392,2.331907495,8.000000000,1,-73.985003000,40.747587000
129135,2014-03-28 17:01:18+00:00,-73.778720000,40.646730000,18.259159549,-9.741135388,57.330000000,2,-73.978347000,40.765083000
73110,2014-03-28 18:14:23+00:00,-73.986547000,40.751090000,0.553455112,1.620231004,6.500000000,1,-73.982148000,40.762826000
85456,2014-03-28 19:07:54+00:00,-73.963925000,40.774487000,2.432516379,4.239775141,15.000000000,2,-73.972545000,40.740455000
23339,2014-03-28 19:21:00+00:00,-73.963442000,40.761977000,2.489684066,2.851550048,10.000000000,3,-73.982600000,40.735585000
22153,2014-03-28 19:28:34+00:00,-73.994805000,40.740033000,-0.129621272,0.384807715,5.000000000,1,-74.003328000,40.732565000
142563,2014-03-28 20:45:00+00:00,-73.984833000,40.775067000,0.667354742,4.283530503,5.500000000,1,-73.981253000,40.786682000
87239,2014-03-28 21:09:00+00:00,-73.979600000,40.739847000,1.154423828,0.378972276,4.000000000,2,-73.984595000,40.732937000
67393,2014-03-28 21:11:00+00:00,-73.998203000,40.764565000,-0.447610399,3.104757751,9.000000000,1,-73.975505000,40.786970000
121890,2014-03-28 22:08:22+00:00,-73.980288000,40.765308000,1.063493598,3.204655235,6.500000000,3,-73.977950000,40.752268000
106575,2014-03-28 22:17:00+00:00,-73.981593000,40.741462000,0.984068279,0.556294629,13.500000000,5,-73.991160000,40.717490000
42006,2014-03-28 22:20:00+00:00,-73.977095000,40.754050000,1.347554822,1.958069891,8.500000000,1,-73.982313000,40.774330000
95324,2014-03-28 22:20:00+00:00,-73.982625000,40.774777000,0.854058508,4.253496946,8.000000000,1,-73.966365000,40.800745000
51734,2014-03-28 22:53:00+00:00,-73.993792000,40.738597000,-0.042263432,0.226381519,13.000000000,1,-73.962157000,40.767487000
144930,2014-03-28 23:14:00+00:00,-74.003842000,40.726115000,-0.875112704,-1.168883709,16.500000000,3,-73.950335000,40.706605000
87802,2014-03-28 23:22:53+00:00,-74.011488000,40.754008000,-1.555689022,1.920135905,9.500000000,1,-73.983982000,40.763435000
134900,2014-03-29 00:47:37+00:00,-74.003230000,40.732970000,-0.832067589,-0.407345610,6.000000000,4,-74.009047000,40.715684000
49739,2014-03-29 01:11:18+00:00,-73.943034000,40.823264000,4.130225785,9.675464490,6.500000000,1,-73.950961000,40.807636000
19414,2014-03-29 03:08:00+00:00,-73.982027000,40.778887000,0.899228481,4.710324406,26.000000000,5,-73.897037000,40.859655000
52383,2014-03-29 03:35:00+00:00,-73.981168000,40.746760000,1.013125200,1.144827068,5.000000000,1,-73.973255000,40.755025000
154798,2014-03-29 05:50:00+00:00,-73.989010000,40.722570000,0.381990063,-1.548086854,15.000000000,2,-73.999640000,40.685340000
157143,2014-03-29 08:19:00+00:00,-73.988945000,40.730647000,0.377155725,-0.651421618,7.500000000,2,-73.994082000,40.713055000
179733,2014-03-29 09:20:00+00:00,-74.002820000,40.733417000,-0.798009969,-0.357332397,7.000000000,1,-73.979132000,40.756165000
184721,2014-03-29 09:47:00+00:00,-73.975162000,40.792542000,1.460811321,6.232884239,18.000000000,1,-73.991602000,40.739940000
5262,2014-03-29 10:59:00+00:00,-73.988750000,40.748467000,0.370834760,1.326913771,11.000000000,4,-74.007915000,40.717130000
10262,2014-03-29 11:42:00+00:00,-74.004002000,40.722125000,-0.883601059,-1.611953680,23.000000000,1,-73.998562000,40.679907000
112266,2014-03-29 12:06:26+00:00,-73.981382000,40.766362000,0.969800379,3.320584670,5.500000000,1,-73.992748000,40.767604000
73772,2014-03-29 12:21:00+00:00,-73.943363000,40.779285000,4.161319938,4.793089489,14.500000000,1,-73.984647000,40.760210000
113676,2014-03-29 12:41:00+00:00,-73.987820000,40.738512000,0.462090522,0.222742770,10.000000000,2,-73.979725000,40.760750000
9432,2014-03-29 13:43:00+00:00,-74.007065000,40.716027000,-1.134635270,-2.291801317,71.500000000,2,-74.006197000,40.715617000
131567,2014-03-29 14:03:00+00:00,-73.979451000,40.754811000,1.147689768,2.040231011,4.500000000,1,-73.975173000,40.762422000
184696,2014-03-29 14:49:00+00:00,-73.982758000,40.751377000,0.872949848,1.655790650,7.000000000,5,-74.002347000,40.755195000
100096,2014-03-29 16:05:00+00:00,-73.972565000,40.780963000,1.694970061,4.950086243,15.500000000,1,-73.999398000,40.738665000
40288,2014-03-29 21:00:04+00:00,-73.955701000,40.714103000,3.206285820,-2.455061147,23.000000000,1,-73.987884000,40.745696000
76390,2014-03-29 21:28:24+00:00,-74.005638000,40.740663000,-1.045076540,0.444324883,6.000000000,1,-74.004417000,40.730680000
117556,2014-03-29 22:06:37+00:00,-73.991221000,40.750062000,0.160191930,1.501569691,7.000000000,1,-73.982163000,40.740398000
5651,2014-03-30 01:22:00+00:00,-73.997170000,40.725002000,-0.310247033,-1.286020592,18.000000000,2,-73.960547000,40.659897000
91954,2014-03-30 01:42:17+00:00,-73.983096000,40.765255000,0.826563413,3.196021180,5.000000000,1,-73.977946000,40.757351000
40599,2014-03-30 02:07:43+00:00,-74.005390000,40.739782000,-1.023029279,0.346764950,14.000000000,2,-73.963108000,40.757625000
24248,2014-03-30 03:45:00+00:00,-74.005975000,40.735557000,-1.067112220,-0.122798818,3.500000000,1,-74.000052000,40.738712000
19548,2014-03-30 04:15:13+00:00,-73.993615000,40.729332000,-0.015528989,-0.801926345,11.500000000,1,-73.984871000,40.764255000
156425,2014-03-30 05:31:00+00:00,-73.954055000,40.770727000,3.270418309,3.832270118,25.000000000,5,-73.935397000,40.692470000
179408,2014-03-30 12:07:00+00:00,-73.989002000,40.726932000,0.377090775,-1.063867507,9.500000000,1,-73.966765000,40.753232000
55698,2014-03-30 12:29:41+00:00,-73.956985000,40.780283000,3.010529629,4.890117512,8.000000000,1,-73.944519000,40.800495000
53550,2014-03-30 12:43:00+00:00,-73.959007000,40.763692000,2.861763445,3.046359854,5.500000000,6,-73.949980000,40.776270000
125228,2014-03-30 16:51:00+00:00,-73.974947000,40.787527000,1.485457462,5.676390776,9.000000000,5,-73.956637000,40.779960000
54930,2014-03-30 17:31:00+00:00,-73.973027000,40.755887000,1.688570289,2.166001172,23.500000000,1,-73.997382000,40.695680000
116371,2014-03-30 18:02:00+00:00,-73.991305000,40.751657000,0.151065660,1.678544758,15.000000000,1,-73.978895000,40.784222000
85835,2014-03-30 18:12:00+00:00,-73.949827000,40.780330000,3.614475578,4.902542093,14.000000000,1,-73.984887000,40.760995000
132329,2014-03-30 18:41:41+00:00,-73.951333000,40.782402000,3.484645897,5.131030288,10.500000000,1,-73.982166000,40.772295000
108286,2014-03-30 18:53:15+00:00,-73.982139000,40.768404000,0.903279910,3.546520717,5.500000000,1,-73.991587000,40.767869000
142888,2014-03-30 19:19:23+00:00,-73.991068000,40.750778000,0.172194545,1.581199352,4.000000000,1,-73.992503000,40.745331000
127667,2014-03-30 20:03:00+00:00,-73.974628000,40.743407000,1.569610288,0.779049501,11.000000000,5,-74.007797000,40.734247000
9340,2014-03-30 21:01:00+00:00,-73.997117000,40.714430000,-0.292369209,-2.459531699,16.000000000,1,-73.977167000,40.764370000
59446,2014-03-30 23:43:24+00:00,-73.956258000,40.778519000,3.074205691,4.695029201,13.500000000,1,-73.914226000,40.806366000
112706,2014-03-31 01:09:42+00:00,-73.974563000,40.680501000,1.656623463,-6.203868479,12.500000000,1,-73.974881000,40.640102000
31537,2014-03-31 01:27:00+00:00,-73.999283000,40.727797000,-0.492230205,-0.977792504,10.500000000,2,-73.973858000,40.750942000
161447,2014-03-31 06:35:00+00:00,-73.961247000,40.760677000,2.676662357,2.709431158,87.250000000,4,-74.177722000,40.690297000
96729,2014-03-31 06:50:27+00:00,-73.967809000,40.765539000,2.116434006,3.242613929,35.830000000,1,-73.861286000,40.767993000
156645,2014-03-31 07:50:34+00:00,-73.980894000,40.744798000,1.038786311,0.927299468,18.000000000,1,-74.014098000,40.702678000
81137,2014-03-31 08:13:00+00:00,-73.981850000,40.742222000,0.961390889,0.640408339,7.500000000,1,-73.988597000,40.745305000
8836,2014-03-31 08:55:52+00:00,-73.990726000,40.743741000,0.210048556,0.800373714,42.830000000,2,-73.865028000,40.770556000
55805,2014-03-31 09:20:11+00:00,-73.967548000,40.763112000,2.141632912,2.973457603,8.000000000,1,-73.980938000,40.767780000
16952,2014-03-31 09:58:30+00:00,-73.991070000,40.750583000,0.172274551,1.559550997,6.500000000,1,-73.983321000,40.752811000
190392,2014-03-31 12:20:00+00:00,-73.997572000,40.721220000,-0.339404255,-1.706235588,9.500000000,1,-73.985800000,40.744177000
3714,2014-03-31 13:40:00+00:00,-74.014130000,40.709617000,-1.723382071,-3.010074982,9.500000000,3,-73.998890000,40.716715000
81154,2014-03-31 15:18:00+00:00,-73.871167000,40.773612000,10.261592854,4.239236552,38.330000000,1,-73.982342000,40.762540000
170520,2014-03-31 15:23:00+00:00,-73.966953000,40.761047000,2.194552112,2.744818039,38.830000000,1,-73.976328000,40.759242000
93092,2014-03-31 15:26:28+00:00,-73.960830000,40.772243000,2.696653008,3.993763025,9.500000000,1,-73.969105000,40.785497000
125529,2014-03-31 15:27:00+00:00,-73.922675000,40.743442000,5.955901061,0.835472417,25.000000000,5,-73.833387000,40.704225000
162345,2014-03-31 15:59:36+00:00,-73.979972000,40.751686000,1.107741844,1.692821693,7.000000000,1,-73.974759000,40.765613000
114668,2014-03-31 16:15:59+00:00,-73.988192000,40.756930000,0.407111333,2.266911511,7.500000000,1,-73.996920000,40.752509000
23414,2014-03-31 18:17:00+00:00,-73.971062000,40.757767000,1.851994993,2.376638232,5.500000000,1,-73.979320000,40.748690000
166247,2014-03-31 18:42:00+00:00,-73.982432000,40.757277000,0.892876163,2.311053140,11.500000000,2,-73.956017000,40.781725000
55447,2014-03-31 19:03:19+00:00,-73.993575000,40.738500000,-0.023817617,0.215823874,10.000000000,2,-73.971613000,40.746465000
30047,2014-03-31 19:44:00+00:00,-73.970893000,40.751617000,1.874266241,1.694109811,9.500000000,5,-73.985252000,40.724392000
190102,2014-03-31 19:46:19+00:00,-73.978281000,40.752127000,1.249923398,1.743436452,7.500000000,1,-73.973701000,40.747060000
25298,2014-03-31 21:44:46+00:00,-74.006518000,40.736632000,-1.114312846,-0.003985399,14.500000000,2,-73.967870000,40.770292000
138240,2014-04-01 00:03:36+00:00,-73.968995000,40.755753000,2.029098647,2.155117070,8.000000000,1,-73.949746000,40.784533000
185586,2014-04-01 02:10:35+00:00,-73.931625000,40.765213000,5.170839208,3.242983734,4.500000000,1,-73.922845000,40.769795000
152106,2014-04-01 04:27:00+00:00,-73.999553000,40.743482000,-0.534872941,0.763091334,37.000000000,1,-73.865630000,40.770962000
37049,2014-04-01 07:11:00+00:00,-73.952710000,40.772385000,3.381731533,4.017675328,5.000000000,1,-73.963972000,40.770737000
124858,2014-04-01 07:17:00+00:00,-73.977167000,40.753137000,1.342658148,1.856649313,10.000000000,1,-73.981587000,40.768387000
134435,2014-04-01 07:45:00+00:00,-73.986633000,40.767257000,0.525469557,3.414804361,7.500000000,1,-73.978240000,40.763957000
91972,2014-04-01 08:09:00+00:00,-73.952635000,40.786137000,3.369832290,5.544332719,14.000000000,2,-73.952957000,40.786232000
82879,2014-04-01 09:08:12+00:00,-73.977460000,40.749456000,1.322684969,1.447743083,5.500000000,1,-73.984028000,40.746533000
19926,2014-04-01 09:23:00+00:00,-73.990105000,40.734972000,0.273677066,-0.172444035,6.000000000,1,-73.998547000,40.730487000
166576,2014-04-01 09:34:00+00:00,-73.988900000,40.748392000,0.358267310,1.318442335,10.000000000,5,-73.981340000,40.737142000
125396,2014-04-01 09:59:51+00:00,-73.976867000,40.765077000,1.352528932,3.182373867,13.500000000,1,-73.966713000,40.803975000
56608,2014-04-01 10:38:00+00:00,-73.977305000,40.752242000,1.332166433,1.757161960,6.000000000,1,-73.986083000,40.746295000
173466,2014-04-01 11:32:23+00:00,-73.994022000,40.745820000,-0.070872361,1.027963084,4.000000000,1,-73.996505000,40.738773000
85172,2014-04-01 11:44:00+00:00,-73.982687000,40.766190000,0.859880035,3.300213440,14.000000000,1,-73.958977000,40.774797000
159288,2014-04-01 12:35:28+00:00,-73.978190000,40.745633000,1.265998109,1.022644579,11.000000000,1,-73.954062000,40.766390000
126489,2014-04-01 13:23:00+00:00,-73.958425000,40.773897000,2.897436803,4.179777024,15.000000000,1,-73.979207000,40.750487000
111885,2014-04-01 13:31:01+00:00,-73.972609000,40.791143000,1.678018976,6.080104281,5.000000000,1,-73.963324000,40.803704000
195900,2014-04-01 13:34:42+00:00,-73.976284000,40.777266000,1.385945627,4.536020828,21.000000000,1,-73.985092000,40.727514000
98264,2014-04-01 15:51:23+00:00,-73.991004000,40.727867000,0.206829894,-0.962020843,22.000000000,1,-73.928761000,40.756192000
150112,2014-04-01 18:19:02+00:00,-73.964588000,40.755629000,2.401270385,2.145732106,6.500000000,1,-73.967990000,40.762911000
91895,2014-04-01 18:28:21+00:00,-73.987140000,40.740065000,0.517517243,0.395798966,8.500000000,1,-73.993829000,40.751830000
133865,2014-04-01 18:39:00+00:00,-74.009915000,40.720917000,-1.381475503,-1.751696867,6.500000000,1,-74.007830000,40.732767000
167064,2014-04-01 19:14:13+00:00,-74.005073000,40.722304000,-0.974278204,-1.593108841,9.500000000,1,-73.991568000,40.744947000
49710,2014-04-01 19:15:15+00:00,-74.012615000,40.717370000,-1.605082968,-2.148004540,5.000000000,1,-74.011354000,40.728524000
68739,2014-04-01 20:03:00+00:00,-73.970110000,40.756680000,1.933770162,2.256915792,10.000000000,1,-73.987190000,40.744650000
126049,2014-04-01 21:00:03+00:00,-73.977570000,40.725720000,1.344086010,-1.187229097,10.500000000,1,-73.998878000,40.741558000
10239,2014-04-01 21:45:00+00:00,-73.966910000,40.757067000,2.203383129,2.303050785,3.500000000,1,-73.970472000,40.754867000
113662,2014-04-01 22:01:20+00:00,-73.938273000,40.846617000,4.500295646,12.272713249,26.000000000,1,-73.994866000,40.750202000
139922,2014-04-01 22:16:00+00:00,-74.002407000,40.723937000,-0.751179326,-1.409280518,21.500000000,1,-73.972087000,40.796420000
179186,2014-04-01 22:39:19+00:00,-73.991387000,40.750102000,0.146127118,1.505848919,16.500000000,1,-73.989042000,40.695171000
169006,2014-04-01 22:55:19+00:00,-73.981693000,40.778857000,0.927451380,4.707321319,14.000000000,1,-73.993941000,40.735458000
100090,2014-04-01 22:58:48+00:00,-73.939934000,40.707880000,4.546398983,-3.129901737,9.500000000,1,-73.955056000,40.735009000
130816,2014-04-01 23:18:58+00:00,-73.992157000,40.736020000,0.099071740,-0.058099876,17.000000000,3,-73.984567000,40.774755000
57772,2014-04-01 23:32:00+00:00,-73.990150000,40.743955000,0.258406003,0.824688565,5.000000000,1,-73.991435000,40.748742000
3261,2014-04-02 05:48:00+00:00,-73.977410000,40.763642000,1.308555512,3.022543703,9.000000000,1,-73.971820000,40.760032000
42794,2014-04-02 06:58:00+00:00,-73.994210000,40.751140000,-0.093511964,1.618339469,15.000000000,5,-73.952590000,40.789440000
48195,2014-04-02 07:49:34+00:00,-74.008672000,40.714467000,-1.268413292,-2.466504764,10.500000000,4,-73.986362000,40.734548000
55452,2014-04-02 07:51:00+00:00,-73.991417000,40.759897000,0.131098030,2.593136628,16.500000000,1,-74.013432000,40.715445000
87056,2014-04-02 08:06:00+00:00,-73.978207000,40.745662000,1.264525391,1.025847080,5.000000000,1,-73.978267000,40.750685000
147978,2014-04-02 08:25:21+00:00,-73.885375000,40.773123000,9.063254629,4.169621073,36.330000000,2,-73.986224000,40.755797000
192409,2014-04-02 09:49:00+00:00,-73.980935000,40.747322000,1.032071796,1.207441498,14.500000000,1,-73.979155000,40.766707000
176203,2014-04-02 10:02:00+00:00,-73.962250000,40.759085000,2.594092102,2.531705360,9.000000000,3,-73.976842000,40.766062000
118444,2014-04-02 12:13:26+00:00,-73.966993000,40.763968000,2.187358379,3.069031484,8.000000000,1,-73.970043000,40.760005000
53833,2014-04-02 12:36:00+00:00,-73.974127000,40.758432000,1.592413159,2.447429090,13.000000000,1,-73.954605000,40.778367000
108277,2014-04-02 14:12:03+00:00,-73.968540000,40.762583000,2.058594502,2.913749827,5.500000000,1,-73.974298000,40.751590000
84747,2014-04-02 14:21:25+00:00,-73.981648000,40.766260000,0.947481456,3.309001281,16.500000000,1,-73.986348000,40.737755000
144099,2014-04-02 14:48:57+00:00,-74.005780000,40.726446000,-1.039194038,-1.133995411,24.000000000,1,-73.980721000,40.774022000
118844,2014-04-02 15:08:57+00:00,-73.988057000,40.737101000,0.443884946,0.065881151,13.000000000,1,-73.990537000,40.759258000
159685,2014-04-02 15:17:16+00:00,-73.981337000,40.773812000,0.963995673,4.147635873,6.500000000,1,-73.984582000,40.760065000
155762,2014-04-02 16:28:17+00:00,-74.000973000,40.724015000,-0.630171676,-1.399245175,7.000000000,2,-73.997882000,40.735848000
59860,2014-04-02 16:32:00+00:00,-73.961043000,40.771825000,2.679226960,3.947148849,24.000000000,5,-73.972447000,40.761532000
131819,2014-04-02 16:47:00+00:00,-73.974407000,40.763310000,1.562449293,2.988647544,15.500000000,1,-73.994062000,40.727137000
189850,2014-04-02 17:13:00+00:00,-73.942687000,40.790337000,4.203572651,6.020638874,6.000000000,1,-73.954958000,40.779267000
30217,2014-04-02 17:37:20+00:00,-73.980642000,40.765752000,1.033042963,3.253595414,5.000000000,1,-73.988185000,40.769667000
32490,2014-04-02 18:08:00+00:00,-73.986220000,40.755932000,0.574851077,2.158047320,9.000000000,5,-73.980758000,40.779777000
46625,2014-04-02 18:42:00+00:00,-73.981680000,40.745345000,0.971722164,0.987250233,77.500000000,1,-74.177192000,40.695082000
14563,2014-04-02 18:42:18+00:00,-73.793512000,40.656853000,16.993050798,-8.634679089,2.500000000,1,-73.793512000,40.656853000
79412,2014-04-02 19:16:44+00:00,-73.965080000,40.775237000,2.334064171,4.321880448,12.000000000,1,-73.969116000,40.755696000
52128,2014-04-02 19:24:00+00:00,-74.002652000,40.739472000,-0.791459826,0.314975688,5.000000000,1,-73.993105000,40.742522000
94345,2014-04-02 19:38:32+00:00,-74.015710000,40.714048000,-1.862358964,-2.519702396,20.000000000,2,-73.982167000,40.775863000
20095,2014-04-02 20:18:00+00:00,-74.007485000,40.715255000,-1.169141439,-2.377899325,6.500000000,1,-74.002475000,40.733640000
9540,2014-04-02 20:23:58+00:00,-73.977941000,40.788763000,1.231245576,5.810648372,7.500000000,1,-73.958351000,40.783197000
42003,2014-04-02 20:43:29+00:00,-73.958194000,40.768623000,2.923883560,3.594553337,17.500000000,1,-74.000786000,40.736398000
170110,2014-04-02 21:35:51+00:00,-74.004123000,40.740421000,-0.916856961,0.418911259,12.000000000,1,-73.980672000,40.733834000
90911,2014-04-02 21:42:00+00:00,-73.981145000,40.737547000,1.026937553,0.122140787,4.000000000,1,-73.987832000,40.732540000
136695,2014-04-02 21:50:00+00:00,-73.974962000,40.765187000,1.513171028,3.196461387,4.500000000,1,-73.976390000,40.758105000
81351,2014-04-02 23:16:08+00:00,-73.982600000,40.766162000,0.867258879,3.297190371,24.500000000,1,-73.999404000,40.675107000
121697,2014-04-02 23:52:02+00:00,-74.006352000,40.733386000,-1.096218003,-0.364155104,9.500000000,1,-74.017718000,40.709514000
102093,2014-04-03 01:30:14+00:00,-73.994068000,40.751151000,-0.081538460,1.619697938,5.500000000,1,-73.999685000,40.754446000
50442,2014-04-03 02:09:36+00:00,-73.988208000,40.744343000,0.421868933,0.869647475,6.500000000,2,-73.978958000,40.758289000
109072,2014-04-03 02:36:00+00:00,-73.984080000,40.743252000,0.771787936,0.752564232,20.000000000,5,-73.988642000,40.667772000
195399,2014-04-03 03:02:37+00:00,-73.884821000,40.738414000,9.158971644,0.317241417,27.000000000,1,-73.773944000,40.679878000
24041,2014-04-03 04:57:22+00:00,-73.978205000,40.741797000,1.269688677,0.596806260,7.500000000,1,-73.989524000,40.717685000
147963,2014-04-03 07:05:59+00:00,-73.974711000,40.763607000,1.536405314,3.021316919,10.500000000,1,-73.947442000,40.772274000
54921,2014-04-03 07:25:00+00:00,-73.990072000,40.756757000,0.248638347,2.245879169,5.500000000,1,-73.982035000,40.755927000
25561,2014-04-03 07:41:00+00:00,-73.993822000,40.720155000,-0.021336545,-1.820835661,13.000000000,1,-73.938497000,40.712495000
115452,2014-04-03 08:28:00+00:00,-73.970345000,40.789210000,1.871548654,5.867765948,5.000000000,1,-73.970137000,40.794170000
68867,2014-04-03 08:42:00+00:00,-73.985412000,40.747397000,0.654009834,1.211388267,11.500000000,2,-73.979530000,40.765232000
7028,2014-04-03 08:46:14+00:00,-73.998181000,40.755888000,-0.434756509,2.141567785,8.500000000,1,-73.976805000,40.748561000
129253,2014-04-03 09:55:00+00:00,-73.978690000,40.777517000,1.182588466,4.561517043,8.000000000,1,-73.981568000,40.760577000
24410,2014-04-03 11:44:20+00:00,-74.002220000,40.715250000,-0.724430322,-2.373415546,15.000000000,1,-73.993987000,40.757484000
146766,2014-04-03 11:46:00+00:00,-73.974902000,40.756470000,1.529539766,2.228867951,8.500000000,1,-73.975145000,40.753132000
108677,2014-04-03 12:04:17+00:00,-74.006531000,40.750945000,-1.133393253,1.584846018,9.500000000,1,-73.990641000,40.740188000
124370,2014-04-03 12:46:00+00:00,-73.990187000,40.756942000,0.238694656,2.266303820,16.500000000,2,-73.983125000,40.734797000
50953,2014-04-03 12:56:00+00:00,-73.981705000,40.720930000,1.001046180,-1.723009499,5.500000000,1,-73.990707000,40.723605000
145687,2014-04-03 14:07:36+00:00,-73.988110000,40.737317000,0.439133419,0.089807083,8.500000000,2,-73.978659000,40.750530000
158296,2014-04-03 15:51:05+00:00,-73.970546000,40.755759000,1.898165853,2.154246075,8.000000000,1,-73.979500000,40.766417000
84484,2014-04-03 15:58:35+00:00,-73.958683000,40.780907000,2.866426160,4.957684054,10.000000000,2,-73.977028000,40.774854000
168772,2014-04-03 17:30:00+00:00,-73.986227000,40.760855000,0.567946648,2.704530031,10.000000000,2,-74.004547000,40.741600000
185913,2014-04-03 17:59:26+00:00,-73.954436000,40.766352000,3.244051995,3.346227803,6.000000000,1,-73.959216000,40.773370000
78990,2014-04-03 18:43:00+00:00,-73.990042000,40.720142000,0.297932073,-1.818614063,4.000000000,2,-73.993410000,40.715560000
65508,2014-04-03 19:20:00+00:00,-73.982240000,40.732012000,0.941602744,-0.493355443,11.500000000,1,-73.963738000,40.768497000
91494,2014-04-03 19:48:00+00:00,-73.993720000,40.741717000,-0.040154327,0.572793175,7.500000000,1,-73.997915000,40.751692000
193550,2014-04-03 22:41:37+00:00,-73.956137000,40.712539000,3.171522054,-2.629113474,13.000000000,1,-73.988250000,40.701619000
191430,2014-04-03 23:27:00+00:00,-73.782317000,40.644667000,17.958197081,-9.974359005,15.000000000,1,-73.810957000,40.693437000
86907,2014-04-04 02:52:49+00:00,-74.004227000,40.741910000,-0.927512949,0.584101080,17.500000000,3,-73.962628000,40.712887000
193920,2014-04-04 06:04:00+00:00,-74.007232000,40.753870000,-1.196244114,1.908872444,23.000000000,2,-74.014212000,40.708075000
99418,2014-04-04 07:07:56+00:00,-73.974629000,40.751593000,1.558909890,1.687754093,8.000000000,1,-73.958245000,40.764858000
85413,2014-04-04 07:27:38+00:00,-73.958993000,40.780948000,2.840213884,4.961924870,8.500000000,1,-73.976947000,40.759024000
150207,2014-04-04 07:40:00+00:00,-73.976097000,40.745077000,1.443421799,0.962983762,6.500000000,6,-73.976512000,40.755740000
88546,2014-04-04 08:11:00+00:00,-73.999752000,40.730935000,-0.535804852,-0.629904424,11.000000000,1,-74.010592000,40.716040000
102186,2014-04-04 08:23:00+00:00,-73.954747000,40.773717000,3.208062631,4.163487511,8.500000000,1,-73.968090000,40.755432000
20486,2014-04-04 09:09:56+00:00,-73.986151000,40.758090000,0.577907900,2.397668570,18.500000000,2,-73.950159000,40.775630000
168764,2014-04-04 09:15:42+00:00,-73.996621000,40.737355000,-0.279553866,0.085776789,10.000000000,1,-73.979440000,40.761016000
114112,2014-04-04 10:20:00+00:00,-73.984880000,40.756825000,0.686817761,2.258484515,10.500000000,1,-73.962670000,40.776447000
162356,2014-04-04 10:34:00+00:00,-73.992587000,40.763502000,0.027746186,2.992184022,7.000000000,1,-73.979012000,40.781927000
119370,2014-04-04 11:07:39+00:00,-73.781439000,40.644841000,18.032168316,-9.954015646,57.330000000,1,-73.985702000,40.742381000
88412,2014-04-04 11:33:00+00:00,-73.776770000,40.645217000,18.426371805,-9.906796847,57.330000000,1,-73.978772000,40.761777000
40035,2014-04-04 11:38:54+00:00,-73.974704000,40.761787000,1.539356954,2.819290061,7.500000000,1,-73.989201000,40.741697000
118014,2014-04-04 13:22:11+00:00,-74.014605000,40.709811000,-1.763747596,-2.988989980,10.000000000,2,-74.002941000,40.720803000
99298,2014-04-04 13:36:00+00:00,-74.007737000,40.704942000,-1.177493936,-3.522948922,41.830000000,2,-73.870552000,40.773762000
25186,2014-04-04 14:39:28+00:00,-73.981686000,40.689995000,1.042458354,-5.156975606,9.000000000,3,-73.982800000,40.692777000
130958,2014-04-04 14:59:00+00:00,-73.973625000,40.747575000,1.648882125,1.242717405,7.500000000,2,-73.989485000,40.744967000
39916,2014-04-04 15:22:00+00:00,-73.969342000,40.757187000,1.997937633,2.313957709,9.500000000,1,-73.954182000,40.778952000
69519,2014-04-04 16:01:12+00:00,-73.986426000,40.761970000,0.549719958,2.828109324,3.500000000,1,-73.987868000,40.767079000
15597,2014-04-04 16:21:19+00:00,-73.979285000,40.764658000,1.148987359,3.133484663,17.500000000,1,-74.002059000,40.720447000
149374,2014-04-04 16:51:21+00:00,-73.972815000,40.755935000,1.706403494,2.171538979,12.000000000,2,-74.001122000,40.727717000
179178,2014-04-04 17:12:47+00:00,-73.980541000,40.755751000,1.054465854,2.143508501,8.500000000,1,-73.981031000,40.744691000
127814,2014-04-04 17:27:04+00:00,-74.008202000,40.711999000,-1.225620962,-2.740020533,10.500000000,1,-74.001478000,40.718343000
119673,2014-04-04 17:30:00+00:00,-73.997280000,40.741552000,-0.340519193,0.551037442,13.000000000,1,-73.986782000,40.757812000
68079,2014-04-04 17:40:00+00:00,-73.957932000,40.778895000,2.932450156,4.735088641,5.500000000,3,-73.956190000,40.784477000
155389,2014-04-04 18:26:23+00:00,-73.990117000,40.772167000,0.225150556,3.956461264,7.500000000,2,-73.974653000,40.764229000
87294,2014-04-04 18:38:21+00:00,-73.986547000,40.740418000,0.567133644,0.435562339,6.000000000,1,-73.976230000,40.733399000
153711,2014-04-04 19:01:00+00:00,-73.990780000,40.739842000,0.210465574,0.367504657,5.500000000,2,-73.994733000,40.730327000
162476,2014-04-04 19:14:00+00:00,-73.967820000,40.756260000,2.127622261,2.212563823,12.000000000,1,-73.988170000,40.745847000
72487,2014-04-04 21:04:00+00:00,-73.988447000,40.748550000,0.396308562,1.336422143,10.000000000,5,-73.966837000,40.759817000
147539,2014-04-04 21:10:00+00:00,-73.991202000,40.732737000,0.183897755,-0.421609507,12.000000000,1,-74.004142000,40.720937000
29799,2014-04-04 21:16:00+00:00,-73.983798000,40.770600000,0.760441277,3.788670391,8.000000000,1,-73.982320000,40.760857000
542,2014-04-04 21:58:00+00:00,-73.983478000,40.767955000,0.790849549,3.495368059,10.000000000,1,-73.969045000,40.790737000
31932,2014-04-04 22:02:00+00:00,-73.978180000,40.752755000,1.257637919,1.813248336,5.000000000,3,-73.972425000,40.759257000
17358,2014-04-04 22:39:12+00:00,-73.992341000,40.725247000,0.097259905,-1.254155246,28.000000000,1,-73.952748000,40.804817000
1943,2014-04-05 01:14:00+00:00,-73.955475000,40.776685000,3.142703107,4.492227160,4.000000000,4,-73.949255000,40.785497000
104224,2014-04-05 02:07:37+00:00,-73.986115000,40.722413000,0.626689002,-1.562696025,8.000000000,1,-73.973796000,40.743615000
181848,2014-04-05 02:40:00+00:00,-73.914927000,40.763912000,6.581961300,3.115858009,5.500000000,2,-73.931185000,40.770332000
125299,2014-04-05 08:42:00+00:00,-74.007732000,40.732027000,-1.211042175,-0.516331322,7.000000000,1,-74.010370000,40.714117000
142689,2014-04-05 09:06:00+00:00,-73.981182000,40.781815000,0.966757496,5.036183287,6.500000000,5,-73.978918000,40.764255000
52014,2014-04-05 10:04:29+00:00,-73.989144000,40.719000000,0.375234760,-1.944511067,4.000000000,1,-73.991722000,40.717098000
175092,2014-04-05 12:37:00+00:00,-73.954798000,40.773692000,3.203791776,4.160661033,5.500000000,1,-73.961850000,40.763892000
105914,2014-04-05 12:41:00+00:00,-73.996350000,40.732190000,-0.250117022,-0.487312426,6.500000000,1,-73.984460000,40.737692000
59862,2014-04-05 14:34:29+00:00,-73.947306000,40.780136000,3.827461692,4.883556606,7.000000000,1,-73.960456000,40.769070000
91006,2014-04-05 15:37:57+00:00,-73.945197000,40.782821000,4.001839902,5.183751281,7.000000000,3,-73.932294000,40.794992000
128887,2014-04-05 17:28:00+00:00,-74.006490000,40.744519000,-1.121857514,0.871553450,12.500000000,2,-73.987473000,40.728871000
108090,2014-04-05 17:41:00+00:00,-73.966775000,40.794020000,2.166461582,6.405257760,13.000000000,1,-73.949352000,40.832037000
180949,2014-04-05 17:42:14+00:00,-73.969355000,40.754047000,2.000934004,1.965381405,10.000000000,1,-73.985736000,40.748926000
130877,2014-04-05 18:28:00+00:00,-73.986400000,40.756257000,0.559240033,2.193949202,13.500000000,1,-74.000025000,40.723672000
80093,2014-04-05 18:43:00+00:00,-73.994802000,40.750370000,-0.142509032,1.532291330,8.500000000,2,-73.936567000,40.794330000
122420,2014-04-05 18:43:00+00:00,-74.003417000,40.732557000,-0.847337836,-0.453370699,9.000000000,5,-73.995483000,40.739262000
154092,2014-04-05 19:59:00+00:00,-73.978117000,40.749105000,1.267673898,1.408133527,9.000000000,1,-73.955365000,40.768717000
154437,2014-04-05 20:36:31+00:00,-73.982488000,40.731534000,0.921275759,-0.546659494,12.000000000,1,-73.949334000,40.775175000
28812,2014-04-05 21:03:00+00:00,-73.960215000,40.761947000,2.762099835,2.851442537,9.500000000,5,-73.979642000,40.754960000
8580,2014-04-05 21:12:00+00:00,-73.983618000,40.744295000,0.809453501,0.868796255,7.000000000,1,-73.967810000,40.757767000
92415,2014-04-05 22:03:36+00:00,-73.967302000,40.766612000,2.157823268,3.362228695,10.000000000,1,-73.985559000,40.744292000
67043,2014-04-05 22:51:00+00:00,-73.993185000,40.743457000,0.002800782,0.766463468,6.500000000,2,-73.979730000,40.749662000
140468,2014-04-05 23:34:14+00:00,-73.999703000,40.742446000,-0.546226695,0.647943684,8.500000000,1,-73.985388000,40.763204000
105575,2014-04-06 00:13:40+00:00,-73.974097000,40.761599000,1.590835167,2.799019494,7.000000000,2,-73.957661000,40.779571000
166248,2014-04-06 00:33:35+00:00,-74.002634000,40.733791000,-0.782775505,-0.315637420,7.500000000,1,-74.014468000,40.717087000
66195,2014-04-06 00:42:44+00:00,-73.972013000,40.763058000,1.764839476,2.963038255,11.000000000,2,-73.988517000,40.748462000
30887,2014-04-06 01:31:57+00:00,-74.008260000,40.714464000,-1.233609814,-2.466444917,8.000000000,4,-73.993026000,40.734488000
59638,2014-04-06 03:53:00+00:00,-74.006692000,40.744177000,-1.138482216,0.833396023,8.500000000,2,-74.002715000,40.725975000
134703,2014-04-06 04:11:00+00:00,-73.990375000,40.745890000,0.236938958,1.039268873,6.000000000,1,-73.982937000,40.737857000
177944,2014-04-06 10:55:00+00:00,-73.957827000,40.782137000,2.937034316,5.095081788,4.000000000,2,-73.951727000,40.791287000
58151,2014-04-06 11:02:08+00:00,-73.983334000,40.769082000,0.801553074,3.620614477,8.500000000,1,-73.960231000,40.769565000
81046,2014-04-06 11:11:00+00:00,-73.963645000,40.757497000,2.478423350,2.354033766,8.000000000,5,-73.954222000,40.778982000
118519,2014-04-06 11:41:22+00:00,-73.984700000,40.737067000,0.727382931,0.065379730,7.000000000,1,-73.988392000,40.750911000
156490,2014-04-06 12:04:00+00:00,-73.996930000,40.722975000,-0.287408257,-1.510799717,16.500000000,5,-73.945168000,40.715912000
74758,2014-04-06 12:07:00+00:00,-73.974815000,40.790835000,1.492301868,6.043735608,8.500000000,1,-73.963282000,40.774592000
113762,2014-04-06 12:24:00+00:00,-73.965422000,40.791927000,2.283348434,6.174263521,8.500000000,1,-73.954072000,40.787372000
170984,2014-04-06 14:00:37+00:00,-73.960382000,40.768951000,2.738791408,3.628773357,6.500000000,3,-73.958516000,40.779851000
73146,2014-04-06 14:21:42+00:00,-73.976421000,40.731261000,1.433950005,-0.571009297,6.000000000,1,-73.976421000,40.731261000
184122,2014-04-06 14:59:00+00:00,-73.988222000,40.745395000,0.419340828,0.986413381,8.000000000,1,-73.983007000,40.744475000
16914,2014-04-06 15:18:07+00:00,-74.014362000,40.704113000,-1.736123969,-3.621273668,20.000000000,1,-73.981737000,40.758397000
152572,2014-04-06 17:18:00+00:00,-73.961240000,40.801887000,2.623074867,7.284076953,4.500000000,1,-73.968983000,40.790985000
176906,2014-04-06 18:31:00+00:00,-73.970305000,40.784105000,1.881577124,5.301109571,6.000000000,5,-73.963025000,40.775062000
107683,2014-04-06 18:32:00+00:00,-74.007405000,40.715542000,-1.162744350,-2.345964093,3.500000000,5,-74.003237000,40.717387000
47167,2014-04-06 19:38:00+00:00,-73.992237000,40.715202000,0.118838800,-2.369116524,7.500000000,1,-73.987593000,40.728870000
60149,2014-04-06 20:27:19+00:00,-73.987015000,40.750582000,0.514597854,1.563383191,7.500000000,1,-73.968772000,40.764508000
7676,2014-04-06 20:35:00+00:00,-73.983460000,40.754437000,0.809753291,1.994786434,7.500000000,2,-73.988392000,40.737432000
36421,2014-04-06 21:01:00+00:00,-73.988517000,40.733987000,0.409026711,-0.280242213,28.500000000,1,-73.983577000,40.740977000
74701,2014-04-06 21:31:02+00:00,-73.971946000,40.781868000,1.746024587,5.051160445,33.000000000,1,-73.969319000,40.690095000
173140,2014-04-06 23:09:00+00:00,-74.002275000,40.729400000,-0.746922142,-0.802724009,9.500000000,1,-73.987222000,40.761002000
107741,2014-04-06 23:13:15+00:00,-73.956064000,40.772098000,3.099058946,3.982442329,13.500000000,1,-73.923275000,40.739485000
4598,2014-04-06 23:55:00+00:00,-73.955450000,40.777167000,3.144175621,4.545758103,23.000000000,1,-73.902787000,40.850135000
176957,2014-04-06 23:55:30+00:00,-73.865863000,40.771292000,10.712532796,3.987470777,37.500000000,1,-73.983818000,40.693671000
96831,2014-04-07 00:42:35+00:00,-73.983392000,40.769582000,0.796014919,3.676061574,5.000000000,1,-73.985093000,40.760440000
112546,2014-04-07 04:14:52+00:00,-74.003574000,40.713957000,-0.837166695,-2.518245346,21.500000000,1,-73.926622000,40.671274000
28296,2014-04-07 07:14:00+00:00,-73.944890000,40.787382000,4.021653109,5.690370975,29.830000000,2,-73.863890000,40.769257000
35661,2014-04-07 08:33:09+00:00,-73.972316000,40.749690000,1.756643543,1.478791000,9.000000000,1,-73.974531000,40.736551000
61580,2014-04-07 10:35:17+00:00,-73.981194000,40.774159000,0.975616131,4.186295703,7.000000000,1,-73.977434000,40.764420000
113878,2014-04-07 11:33:00+00:00,-73.990240000,40.740482000,0.255242346,0.439073496,8.000000000,1,-73.978607000,40.751092000
40997,2014-04-07 13:24:24+00:00,-73.970736000,40.752649000,1.886176392,1.808824858,5.500000000,1,-73.961566000,40.760242000
99403,2014-04-07 13:32:00+00:00,-73.989167000,40.736232000,0.351270838,-0.031663712,19.500000000,1,-73.944478000,40.751862000
136838,2014-04-07 14:41:00+00:00,-73.966977000,40.766802000,2.185004780,3.383643069,12.000000000,1,-73.965813000,40.790087000
133116,2014-04-07 15:21:06+00:00,-73.971791000,40.788933000,1.749908836,5.835585283,8.500000000,3,-73.983154000,40.775540000
155571,2014-04-07 15:27:39+00:00,-73.991863000,40.739820000,0.119052343,0.364011795,6.500000000,1,-73.981338000,40.730914000
58254,2014-04-07 15:56:00+00:00,-73.979008000,40.782107000,1.149822818,5.070730721,13.500000000,2,-73.964797000,40.760825000
21598,2014-04-07 16:41:00+00:00,-73.960217000,40.775772000,2.743742153,4.386122710,5.000000000,1,-73.966885000,40.766980000
123569,2014-04-07 16:52:19+00:00,-73.973577000,40.748833000,1.651301330,1.382411973,10.000000000,1,-73.965964000,40.764545000
155528,2014-04-07 17:48:02+00:00,-73.971906000,40.755183000,1.784112915,2.088959935,11.500000000,1,-73.986391000,40.746155000
189449,2014-04-07 17:56:38+00:00,-73.982372000,40.771164000,0.880061488,3.852673724,18.000000000,1,-73.926481000,40.771578000
177975,2014-04-07 18:43:13+00:00,-73.972850000,40.755948000,1.703432147,2.172947494,26.500000000,1,-73.987103000,40.678988000
101027,2014-04-07 18:58:00+00:00,-73.990985000,40.774887000,0.148424959,4.257559250,11.500000000,1,-73.911648000,40.775322000
39436,2014-04-07 19:26:00+00:00,-73.776705000,40.645322000,18.431705682,-9.895064718,57.330000000,3,-73.964130000,40.809597000
23781,2014-04-07 19:58:43+00:00,-73.974108000,40.751652000,1.602815376,1.694817521,6.000000000,1,-73.977958000,40.743184000
176545,2014-04-07 20:45:54+00:00,-73.962221000,40.779101000,2.570256544,4.753665354,6.500000000,1,-73.976170000,40.781182000
191303,2014-04-07 21:38:00+00:00,-73.992097000,40.742810000,0.095483932,0.695696067,28.000000000,1,-73.987690000,40.671737000
79712,2014-04-07 23:35:00+00:00,-73.989970000,40.733005000,0.287588420,-0.390663560,6.500000000,2,-73.996007000,40.718865000
175117,2014-04-08 05:24:50+00:00,-73.985690000,40.726867000,0.656871385,-1.067857262,5.000000000,1,-73.992984000,40.728202000
78507,2014-04-08 06:19:40+00:00,-73.980293000,40.730342000,1.108166808,-0.676829339,18.500000000,1,-73.933667000,40.798592000
92074,2014-04-08 08:52:00+00:00,-73.980592000,40.753630000,1.052895788,1.908011833,5.500000000,1,-73.989985000,40.740787000
128296,2014-04-08 09:07:00+00:00,-74.005830000,40.709042000,-1.021546533,-3.066001414,20.000000000,1,-73.984018000,40.739185000
67059,2014-04-08 09:24:00+00:00,-74.003792000,40.737532000,-0.885270428,0.098529233,16.500000000,1,-73.983763000,40.754267000
12922,2014-04-08 09:40:25+00:00,-73.956176000,40.775957000,3.084509600,4.410709226,25.000000000,1,-74.009956000,40.706187000
18516,2014-04-08 10:30:45+00:00,-73.974543000,40.754413000,1.562512062,2.000879733,24.500000000,1,-74.016748000,40.716128000
143750,2014-04-08 10:57:00+00:00,-73.955740000,40.764055000,3.137029345,3.089932342,39.830000000,1,-73.987547000,40.757152000
181538,2014-04-08 11:05:58+00:00,-73.970905000,40.761596000,1.860262579,2.801841450,11.500000000,1,-73.979914000,40.782363000
120168,2014-04-08 11:36:00+00:00,-73.865747000,40.771397000,10.722171799,3.999253221,23.500000000,5,-73.952575000,40.731800000
113144,2014-04-08 12:05:00+00:00,-73.873250000,40.774082000,10.085136095,4.289150457,39.830000000,1,-73.979138000,40.761600000
72435,2014-04-08 13:33:07+00:00,-74.000976000,40.722296000,-0.628254136,-1.590068553,12.000000000,1,-73.986671000,40.743266000
99835,2014-04-08 14:19:00+00:00,-73.975702000,40.760592000,1.456668694,2.685652233,6.000000000,2,-73.985318000,40.747572000
79426,2014-04-08 17:02:39+00:00,-74.000980000,40.747110000,-0.659936461,1.164452903,8.000000000,1,-73.992959000,40.730823000
93641,2014-04-08 18:59:00+00:00,-73.982375000,40.773207000,0.877177548,4.079459517,8.000000000,3,-73.974737000,40.762130000
72264,2014-04-08 19:23:00+00:00,-73.885935000,40.773005000,9.016161671,4.155921763,32.830000000,5,-73.991420000,40.742367000
67039,2014-04-08 19:31:00+00:00,-73.973612000,40.758292000,1.636066017,2.432396382,10.500000000,2,-73.982098000,40.776562000
105155,2014-04-08 19:51:00+00:00,-73.947367000,40.775760000,3.828143898,4.397723868,35.830000000,1,-73.976358000,40.760465000
32554,2014-04-08 21:22:00+00:00,-73.955280000,40.775947000,3.160134250,4.410499284,16.500000000,1,-74.003420000,40.747457000
162375,2014-04-08 21:54:00+00:00,-73.977640000,40.725702000,1.338197689,-1.189296051,12.500000000,2,-73.987122000,40.753235000
82916,2014-04-08 22:08:36+00:00,-73.967823000,40.793968000,2.078115178,6.398444067,5.000000000,1,-73.975282000,40.792575000
149850,2014-04-08 23:14:24+00:00,-73.958866000,40.768295000,2.867600849,3.557469530,9.500000000,1,-73.984595000,40.736679000
149610,2014-04-09 00:07:00+00:00,-73.980662000,40.753152000,1.047602991,1.854881679,19.000000000,5,-73.970042000,40.806522000
124207,2014-04-09 00:54:46+00:00,-73.984136000,40.755017000,0.751943529,2.058509918,5.000000000,1,-73.999194000,40.760950000
76758,2014-04-09 02:21:00+00:00,-74.004850000,40.723030000,-0.956357930,-1.512304603,21.500000000,1,-74.011120000,40.651260000
130439,2014-04-09 02:34:25+00:00,-74.005440000,40.726477000,-1.010519948,-1.130229037,12.000000000,1,-73.982520000,40.766813000
16981,2014-04-09 07:25:00+00:00,-73.976917000,40.775147000,1.335272767,4.300172082,7.000000000,6,-73.974075000,40.761762000
104228,2014-04-09 07:34:00+00:00,-73.977105000,40.745555000,1.357701269,1.015052969,10.500000000,1,-73.971490000,40.763557000
111518,2014-04-09 08:58:42+00:00,-73.985765000,40.735913000,0.638937657,-0.063761832,9.000000000,1,-74.006473000,40.740589000
145874,2014-04-09 09:16:44+00:00,-73.958632000,40.764339000,2.892562230,3.118557408,7.500000000,1,-73.966606000,40.756740000
172891,2014-04-09 11:37:16+00:00,-74.004790000,40.723348000,-0.951690723,-1.476947056,7.500000000,1,-74.001438000,40.737035000
176253,2014-04-09 12:03:17+00:00,-73.862401000,40.771536000,11.004353726,4.018339860,34.830000000,1,-73.967421000,40.756814000
45541,2014-04-09 12:13:00+00:00,-73.973940000,40.761092000,1.604745014,2.742893621,22.000000000,1,-74.013175000,40.702227000
22851,2014-04-09 12:25:41+00:00,-74.011601000,40.715151000,-1.516666715,-2.393364602,7.500000000,1,-74.010132000,40.710435000
179544,2014-04-09 14:15:47+00:00,-73.981544000,40.767824000,0.954243661,3.482719066,12.000000000,1,-74.006714000,40.742533000
177147,2014-04-09 16:32:00+00:00,-73.964432000,40.773232000,2.391375475,4.099955108,4.500000000,1,-73.967627000,40.771390000
126502,2014-04-09 16:40:00+00:00,-73.985467000,40.778400000,0.609573027,4.652900421,4.500000000,1,-73.983875000,40.770252000
194791,2014-04-09 17:42:00+00:00,-73.975307000,40.757787000,1.493645618,2.374665491,11.000000000,1,-73.956227000,40.774822000
144858,2014-04-09 18:04:12+00:00,-74.000312000,40.730514000,-0.582561686,-0.677176884,4.000000000,1,-73.995643000,40.736898000
28209,2014-04-09 18:47:07+00:00,-73.966605000,40.763197000,2.221114723,2.983830242,14.500000000,1,-73.967607000,40.802165000
80490,2014-04-09 18:56:00+00:00,-74.005685000,40.726547000,-1.031298228,-1.122692888,11.000000000,1,-73.981967000,40.711435000
169514,2014-04-09 19:30:00+00:00,-74.009983000,40.720465000,-1.386652943,-1.801936596,15.000000000,1,-73.989607000,40.753195000
62228,2014-04-09 19:43:02+00:00,-73.974624000,40.759808000,1.548676568,2.599685072,8.500000000,1,-73.977037000,40.779261000
23332,2014-04-09 19:44:00+00:00,-73.958635000,40.775722000,2.877309820,4.382155989,15.500000000,1,-73.991788000,40.753817000
191926,2014-04-09 19:49:14+00:00,-73.990310000,40.719320000,0.276346372,-1.910121829,35.000000000,1,-73.831975000,40.708403000
103540,2014-04-09 20:03:00+00:00,-73.981050000,40.774310000,0.987573578,4.203199017,10.500000000,1,-73.953210000,40.775855000
150356,2014-04-09 20:10:00+00:00,-73.991388000,40.750370000,0.145700806,1.535597890,13.000000000,1,-73.967770000,40.760888000
137084,2014-04-09 20:52:15+00:00,-73.988720000,40.758819000,0.360125375,2.476090730,13.500000000,3,-73.956658000,40.780057000
152973,2014-04-09 20:58:11+00:00,-73.972317000,40.759332000,1.744024951,2.549123564,5.500000000,1,-73.975451000,40.752005000
127827,2014-04-09 21:00:20+00:00,-73.985332000,40.758068000,0.647068132,2.396025460,19.500000000,1,-74.008769000,40.710802000
18540,2014-04-09 21:14:00+00:00,-73.981528000,40.759335000,0.966532442,2.540391711,6.500000000,3,-73.978945000,40.766920000
180518,2014-04-09 21:14:00+00:00,-73.950620000,40.779477000,3.548693327,4.807051382,9.000000000,1,-73.980805000,40.778287000
151704,2014-04-09 21:16:00+00:00,-74.007122000,40.728362000,-1.154931208,-0.922588865,7.500000000,1,-73.996877000,40.718070000
173452,2014-04-09 21:51:00+00:00,-73.994448000,40.728202000,-0.084436450,-0.928170002,4.500000000,1,-73.991677000,40.723745000
85366,2014-04-09 22:19:42+00:00,-74.002704000,40.744876000,-0.802665853,0.914807821,5.000000000,1,-74.001275000,40.736775000
81952,2014-04-09 22:28:51+00:00,-73.969225000,40.760924000,2.002940767,2.728908821,9.000000000,1,-73.989389000,40.776200000
93272,2014-04-09 22:49:17+00:00,-73.973021000,40.759795000,1.683999677,2.599824329,12.000000000,2,-73.985821000,40.726857000
136462,2014-04-09 23:39:00+00:00,-73.972770000,40.749020000,1.719186936,1.403967406,11.000000000,3,-73.991687000,40.768132000
163301,2014-04-10 00:33:55+00:00,-73.959553000,40.813549000,2.750016498,8.580345296,9.000000000,1,-73.959705000,40.808957000
8284,2014-04-10 06:53:50+00:00,-74.007894000,40.723953000,-1.214595053,-1.412754355,7.500000000,1,-73.992935000,40.742939000
180658,2014-04-10 08:17:57+00:00,-73.977362000,40.752224000,1.327377908,1.755107757,6.500000000,1,-73.989181000,40.756830000
62668,2014-04-10 08:38:00+00:00,-73.978875000,40.753607000,1.197867622,1.907143731,10.000000000,4,-73.984715000,40.755190000
160111,2014-04-10 08:56:00+00:00,-73.982842000,40.756762000,0.858930187,2.253483085,15.500000000,5,-74.008757000,40.724217000
83683,2014-04-10 09:02:00+00:00,-73.962495000,40.775842000,2.551414458,4.391617083,3.500000000,5,-73.958495000,40.781200000
147558,2014-04-10 09:31:00+00:00,-73.978840000,40.744927000,1.212032954,0.943634839,7.000000000,1,-73.969812000,40.748587000
10016,2014-04-10 11:49:00+00:00,-73.872972000,40.774092000,10.108582384,4.290561923,43.330000000,5,-73.982338000,40.764632000
85913,2014-04-10 13:08:00+00:00,-73.984052000,40.757042000,0.756431894,2.283381966,6.000000000,1,-73.990937000,40.750327000
141042,2014-04-10 15:25:00+00:00,-73.974157000,40.731192000,1.625221232,-0.576437467,4.000000000,6,-73.982592000,40.735057000
27590,2014-04-10 15:30:00+00:00,-73.980960000,40.771222000,0.999150631,3.860495411,8.500000000,1,-73.977450000,40.786362000
53091,2014-04-10 16:25:00+00:00,-73.994857000,40.740055000,-0.134039754,0.387199596,14.000000000,4,-73.968492000,40.758285000
127745,2014-04-10 16:34:00+00:00,-73.982100000,40.748630000,0.932034039,1.351497683,13.500000000,1,-73.957720000,40.760570000
192397,2014-04-10 17:27:00+00:00,-73.976588000,40.788490000,1.345753817,5.781674474,16.500000000,1,-73.965935000,40.759067000
119930,2014-04-10 18:10:00+00:00,-73.978613000,40.745187000,1.230862015,0.972719702,13.500000000,2,-73.986265000,40.716955000
99452,2014-04-10 18:17:00+00:00,-73.975470000,40.764562000,1.471105313,3.126580847,12.000000000,1,-73.983393000,40.750275000
130283,2014-04-10 18:23:47+00:00,-73.975973000,40.748605000,1.449321508,1.354739500,7.500000000,1,-73.983691000,40.735825000
144157,2014-04-10 20:25:44+00:00,-73.969090000,40.790764000,1.975406217,6.041516522,9.500000000,1,-73.976928000,40.764277000
51596,2014-04-10 20:36:00+00:00,-73.982450000,40.769020000,0.876239273,3.614596946,6.000000000,1,-73.988780000,40.778300000
166003,2014-04-10 21:10:00+00:00,-73.970787000,40.761482000,1.870370909,2.789303408,6.000000000,4,-73.970787000,40.761482000
130946,2014-04-10 21:18:36+00:00,-73.955845000,40.775489000,3.113060348,4.359089966,9.000000000,1,-73.979809000,40.771151000
34165,2014-04-10 21:56:07+00:00,-73.834610000,40.765967000,13.357954105,3.430919973,10.000000000,1,-73.834610000,40.765967000
136698,2014-04-10 22:42:00+00:00,-74.003867000,40.741925000,-0.897136812,0.586111047,5.500000000,3,-73.991972000,40.743725000
151754,2014-04-10 22:43:25+00:00,-73.955780000,40.779580000,3.113139332,4.813288732,13.500000000,1,-73.991215000,40.743910000
185314,2014-04-10 23:19:00+00:00,-73.993007000,40.697125000,0.076804490,-4.376525383,3.000000000,1,-73.992962000,40.696987000
139901,2014-04-10 23:54:00+00:00,-73.980285000,40.764510000,1.064776339,3.116074134,7.500000000,1,-73.973068000,40.755570000
59049,2014-04-11 00:15:26+00:00,-73.988553000,40.743905000,0.393301664,0.820690649,6.500000000,1,-73.973144000,40.749706000
94853,2014-04-11 01:56:00+00:00,-73.991392000,40.719502000,0.184729412,-1.890968729,8.000000000,1,-74.003487000,40.732087000
188468,2014-04-11 01:59:41+00:00,-74.001894000,40.733694000,-0.720166808,-0.325694966,11.000000000,2,-73.972934000,40.755040000
117911,2014-04-11 07:28:00+00:00,-74.010552000,40.711335000,-1.423291500,-2.815967574,4.500000000,5,-74.012233000,40.706992000
8857,2014-04-11 07:30:43+00:00,-73.978756000,40.785789000,1.166327250,5.479709504,8.500000000,1,-73.961868000,40.805618000
42258,2014-04-11 07:32:00+00:00,-73.979112000,40.747115000,1.186243828,1.186251525,7.500000000,5,-73.979990000,40.760770000
48905,2014-04-11 07:58:00+00:00,-73.976800000,40.763900000,1.359707511,3.051783885,10.000000000,1,-73.954230000,40.764007000
164787,2014-04-11 08:36:00+00:00,-73.988930000,40.749060000,0.354880406,1.392565986,8.000000000,1,-73.976150000,40.756282000
109129,2014-04-11 09:47:00+00:00,-73.998682000,40.745512000,-0.463906228,0.989274255,4.500000000,1,-73.986128000,40.740287000
46942,2014-04-11 10:11:48+00:00,-73.983922000,40.743357000,0.784992799,0.764374387,9.500000000,1,-73.972545000,40.761943000
187844,2014-04-11 11:38:06+00:00,-73.992101000,40.769605000,0.060983454,3.670134154,11.500000000,1,-73.995235000,40.749913000
129401,2014-04-11 11:48:54+00:00,-73.985627000,40.747928000,0.635177483,1.270123306,16.000000000,1,-73.999885000,40.762844000
73208,2014-04-11 12:19:00+00:00,-73.974927000,40.755692000,1.528438286,2.142479514,8.500000000,1,-73.986168000,40.734695000
163821,2014-04-11 13:50:00+00:00,-74.009890000,40.712532000,-1.368870670,-2.682462747,57.000000000,4,-73.911718000,40.742587000
182856,2014-04-11 14:52:25+00:00,-73.970501000,40.793865000,1.852320220,6.384354232,4.500000000,1,-73.970192000,40.802169000
5033,2014-04-11 15:09:10+00:00,-74.004203000,40.740521000,-0.923737488,0.429935332,3.500000000,1,-73.997926000,40.737942000
112019,2014-04-11 17:17:22+00:00,-73.991569000,40.770143000,0.105195455,3.730372202,6.000000000,1,-73.978928000,40.765199000
145545,2014-04-11 18:56:00+00:00,-73.966055000,40.758347000,2.273880870,2.445990416,12.000000000,1,-73.985460000,40.761352000
150719,2014-04-11 19:02:00+00:00,-73.989507000,40.735170000,0.323918890,-0.149883630,7.000000000,2,-74.006417000,40.731722000
189286,2014-04-11 19:27:00+00:00,-73.984182000,40.755567000,0.747353749,2.119519025,33.830000000,2,-73.849237000,40.722325000
135761,2014-04-11 19:41:00+00:00,-73.976075000,40.744005000,1.446667359,0.844005694,6.500000000,1,-73.974555000,40.756157000
194421,2014-04-11 20:14:00+00:00,-73.973682000,40.760440000,1.627368443,2.670771392,14.500000000,2,-73.991398000,40.727727000
46236,2014-04-11 20:16:10+00:00,-73.971770000,40.765847000,1.781721410,3.272878804,17.500000000,1,-73.989587000,40.721012000
5667,2014-04-12 00:16:00+00:00,-73.987537000,40.728670000,0.498584876,-0.869512093,25.830000000,1,-73.964027000,40.718112000
198126,2014-04-12 01:08:00+00:00,-73.953075000,40.783762000,3.335854515,5.280245234,14.500000000,1,-73.991143000,40.733257000
59541,2014-04-12 03:24:03+00:00,-74.010521000,40.729912000,-1.443908161,-0.753768626,10.000000000,3,-73.988641000,40.759053000
108476,2014-04-12 04:00:06+00:00,-73.988759000,40.731558000,0.391697736,-0.550113447,7.000000000,3,-73.990960000,40.734551000
67481,2014-04-12 04:40:29+00:00,-73.987595000,40.756548000,0.457994344,2.225087910,8.500000000,1,-73.983912000,40.780572000
82520,2014-04-12 04:57:00+00:00,-73.987330000,40.722462000,0.524012998,-1.558440732,10.500000000,1,-74.002815000,40.740882000
165641,2014-04-12 08:36:00+00:00,-73.963282000,40.771592000,2.490576784,3.919048609,3.500000000,1,-73.959893000,40.776222000
141494,2014-04-12 08:44:21+00:00,-73.971870000,40.786843000,1.745963448,5.603500319,20.000000000,1,-74.012480000,40.717243000
152890,2014-04-12 10:23:30+00:00,-73.991226000,40.750230000,0.159555474,1.520214056,6.500000000,1,-73.978359000,40.752637000
118152,2014-04-12 10:35:40+00:00,-73.980492000,40.762755000,1.049568785,2.921052854,12.500000000,1,-74.007475000,40.740958000
22743,2014-04-12 10:52:00+00:00,-73.788685000,40.642647000,17.422842390,-10.206027377,57.330000000,1,-73.988627000,40.763390000
84263,2014-04-12 13:38:52+00:00,-73.979063000,40.736109000,1.204590236,-0.035444996,7.000000000,2,-73.975274000,40.718987000
108095,2014-04-12 13:51:00+00:00,-73.992330000,40.749202000,0.067665802,1.405027971,14.500000000,5,-73.971435000,40.761042000
50349,2014-04-12 13:56:19+00:00,-73.971088000,40.795438000,1.800748998,6.558388840,22.330000000,1,-73.925714000,40.786010000
188673,2014-04-12 14:34:00+00:00,-74.002857000,40.730942000,-0.798013971,-0.632109828,6.000000000,5,-73.993542000,40.725597000
83748,2014-04-12 14:34:48+00:00,-73.987143000,40.724948000,0.536623090,-1.282295764,16.000000000,1,-73.970517000,40.763240000
43345,2014-04-12 14:56:43+00:00,-73.921895000,40.763453000,5.994466214,3.057655466,9.500000000,2,-73.901583000,40.761280000
188290,2014-04-12 15:23:00+00:00,-73.994800000,40.750137000,-0.142043957,1.506428581,11.500000000,1,-73.973195000,40.764372000
156613,2014-04-12 15:51:00+00:00,-73.983517000,40.770755000,0.783956748,3.806151316,10.000000000,6,-73.961752000,40.779602000
125258,2014-04-12 16:14:00+00:00,-73.967792000,40.765825000,2.117495312,3.274378998,11.000000000,2,-73.989445000,40.742452000
71330,2014-04-12 16:42:00+00:00,-73.962432000,40.778942000,2.552660359,4.735804455,9.000000000,6,-73.979795000,40.771082000
114926,2014-04-12 16:57:00+00:00,-73.982313000,40.725547000,0.943756458,-1.211086432,57.330000000,1,-73.980250000,40.755787000
154063,2014-04-12 17:14:00+00:00,-73.974878000,40.753502000,1.535414350,1.899421604,12.000000000,5,-74.001403000,40.731147000
162271,2014-04-12 18:54:00+00:00,-73.992787000,40.753710000,0.023342107,1.905005841,7.500000000,1,-73.985847000,40.766352000
109548,2014-04-12 19:05:00+00:00,-73.976487000,40.788127000,1.354745662,5.741478009,7.000000000,2,-73.965052000,40.806257000
163412,2014-04-12 19:52:00+00:00,-74.011080000,40.711057000,-1.467543836,-2.847329634,21.500000000,1,-73.974442000,40.763822000
122063,2014-04-12 21:18:03+00:00,-73.976408000,40.759508000,1.398480966,2.564624706,7.000000000,1,-73.992734000,40.768399000
70699,2014-04-12 21:59:00+00:00,-73.972972000,40.748832000,1.702377945,1.382898459,13.500000000,1,-73.999593000,40.717042000
7565,2014-04-12 23:26:03+00:00,-74.004950000,40.740693000,-0.987024922,0.448313332,4.500000000,2,-73.996798000,40.747719000
63507,2014-04-12 23:56:10+00:00,-73.992529000,40.753348000,0.045582691,1.865071192,7.500000000,2,-73.983576000,40.744270000
41293,2014-04-13 00:24:00+00:00,-73.911083000,40.775927000,6.889852016,4.453639088,4.000000000,2,-73.912362000,40.781542000
45025,2014-04-13 00:59:00+00:00,-74.004807000,40.680090000,-0.898729955,-6.278872412,54.770000000,6,-73.913710000,40.885752000
104680,2014-04-13 01:27:40+00:00,-73.983467000,40.760198000,0.801754194,2.634293312,3.500000000,1,-73.991160000,40.763875000
97496,2014-04-13 05:27:58+00:00,-73.989829000,40.734795000,0.297208441,-0.191824145,4.000000000,1,-73.986298000,40.739532000
166210,2014-04-13 05:53:27+00:00,-73.958029000,40.800949000,2.895175974,7.183165290,17.000000000,2,-74.003345000,40.756303000
160742,2014-04-13 08:41:23+00:00,-73.988317000,40.779294000,0.367932459,4.749363662,6.000000000,1,-73.984413000,40.769627000
115900,2014-04-13 10:11:59+00:00,-73.969025000,40.760875000,2.019886023,2.723667780,15.000000000,2,-73.997398000,40.714278000
18120,2014-04-13 10:46:57+00:00,-73.955681000,40.781929000,3.118388563,5.074145978,5.000000000,2,-73.943590000,40.777812000
7930,2014-04-13 10:48:00+00:00,-73.963725000,40.757407000,2.471788445,2.343963340,10.500000000,6,-73.932257000,40.795205000
96022,2014-04-13 11:31:00+00:00,-73.996503000,40.729967000,-0.260216373,-0.734228352,8.500000000,4,-73.980637000,40.748582000
143162,2014-04-13 12:12:28+00:00,-73.974019000,40.752905000,1.608702546,1.833997586,6.500000000,2,-73.968967000,40.767629000
143261,2014-04-13 13:10:13+00:00,-73.966394000,40.757966000,2.245764055,2.403359442,11.500000000,1,-73.991411000,40.737630000
37142,2014-04-13 13:22:34+00:00,-73.956505000,40.803082000,3.020916468,7.421475165,13.000000000,1,-73.983599000,40.762099000
158059,2014-04-13 13:55:00+00:00,-73.988517000,40.718750000,0.428510610,-1.971652996,13.500000000,5,-74.017487000,40.704877000
117113,2014-04-13 15:37:06+00:00,-73.985778000,40.744028000,0.627432124,0.837047937,7.000000000,1,-73.971542000,40.748599000
60873,2014-04-13 15:39:51+00:00,-73.965880000,40.754413000,2.293798882,2.009461020,10.500000000,2,-73.992561000,40.749603000
157838,2014-04-13 15:42:00+00:00,-73.989077000,40.741507000,0.352126998,0.553985941,14.000000000,6,-73.974608000,40.778275000
81745,2014-04-13 16:57:46+00:00,-73.990432000,40.771684000,0.199183972,3.902538591,6.000000000,1,-73.976192000,40.776373000
50238,2014-04-13 17:27:00+00:00,-74.005047000,40.725583000,-0.976206551,-1.229093054,11.500000000,1,-73.997814000,40.756550000
147862,2014-04-13 18:19:00+00:00,-73.983665000,40.726072000,0.828903590,-1.154130272,24.500000000,6,-73.959047000,40.809405000
163390,2014-04-13 19:31:00+00:00,-73.989282000,40.743652000,0.332076906,0.791896881,4.000000000,1,-73.988273000,40.749222000
67764,2014-04-13 21:11:00+00:00,-74.003957000,40.737517000,-0.899183506,0.096706043,3.500000000,1,-74.007910000,40.739395000
77820,2014-04-13 21:14:28+00:00,-73.990670000,40.755869000,0.199293802,2.146723866,12.000000000,1,-73.954376000,40.773975000
85230,2014-04-13 21:22:00+00:00,-73.975325000,40.749447000,1.502935916,1.448846127,5.500000000,1,-73.976917000,40.759182000
95526,2014-04-13 22:02:00+00:00,-73.951040000,40.782690000,3.508986765,5.163296251,8.000000000,5,-73.973260000,40.795290000
195476,2014-04-13 22:12:15+00:00,-73.990056000,40.729341000,0.285004980,-0.797476358,11.000000000,1,-73.982594000,40.754615000
177478,2014-04-14 00:55:44+00:00,-73.988900000,40.742206000,0.366177552,0.631752024,5.500000000,1,-73.978147000,40.742549000
38889,2014-04-14 07:21:23+00:00,-74.000025000,40.742708000,-0.573744473,0.676717776,12.000000000,1,-73.969757000,40.760785000
155846,2014-04-14 09:09:08+00:00,-73.989386000,40.756298000,0.307131715,2.195593441,11.000000000,1,-73.967727000,40.764477000
23942,2014-04-14 10:30:00+00:00,-73.979090000,40.744407000,1.191597608,0.885665570,5.000000000,2,-73.972360000,40.753637000
170763,2014-04-14 12:02:00+00:00,-73.964072000,40.770823000,2.424914150,3.832896043,6.000000000,1,-73.971413000,40.760503000
63430,2014-04-14 13:07:30+00:00,-73.999069000,40.717351000,-0.460941093,-2.137162359,10.000000000,3,-74.015010000,40.704761000
79413,2014-04-14 13:31:44+00:00,-73.958757000,40.764819000,2.881379580,3.171715882,15.000000000,2,-73.988627000,40.752465000
135697,2014-04-14 14:51:11+00:00,-73.970416000,40.764046000,1.898345725,3.074294231,17.000000000,1,-73.973054000,40.764662000
117234,2014-04-14 16:27:00+00:00,-73.964442000,40.791582000,2.366480850,6.136941633,10.500000000,1,-73.946817000,40.772402000
179521,2014-04-14 17:50:00+00:00,-73.984743000,40.748335000,0.709284895,1.316166148,9.000000000,2,-73.993695000,40.749877000
178851,2014-04-14 17:54:32+00:00,-73.973871000,40.763170000,1.607871421,2.973635427,5.000000000,2,-73.979817000,40.754812000
181939,2014-04-14 18:56:17+00:00,-73.976868000,40.752304000,1.368976723,1.764474399,9.500000000,2,-73.984948000,40.761214000
16199,2014-04-14 19:52:00+00:00,-73.991910000,40.750337000,0.101675647,1.531428352,20.500000000,1,-73.981828000,40.682587000
148179,2014-04-14 20:12:31+00:00,-73.976588000,40.744005000,1.403355741,0.843500581,7.500000000,1,-73.994320000,40.734705000
95595,2014-04-14 20:21:00+00:00,-73.979095000,40.776955000,1.149138354,4.498732808,11.000000000,1,-73.973597000,40.753722000
197320,2014-04-14 20:35:00+00:00,-73.983617000,40.746477000,0.806733146,1.111014925,4.500000000,1,-73.983603000,40.746492000
92476,2014-04-14 21:42:00+00:00,-73.991257000,40.749367000,0.158039524,1.424384732,12.000000000,2,-73.959205000,40.772560000
3414,2014-04-14 21:48:44+00:00,-73.988115000,40.759293000,0.410586250,2.529296958,5.500000000,1,-73.985937000,40.769812000
73454,2014-04-14 21:49:00+00:00,-73.989440000,40.730117000,0.336032635,-0.710736496,13.500000000,1,-73.980550000,40.764367000
71403,2014-04-15 05:34:28+00:00,-73.990551000,40.746168000,0.221725129,1.069957963,6.000000000,1,-73.989549000,40.758199000
148485,2014-04-15 06:34:45+00:00,-73.959036000,40.763984000,2.858931183,3.078745052,6.000000000,1,-73.972431000,40.762280000
11756,2014-04-15 08:04:31+00:00,-73.957016000,40.775064000,3.014802543,4.310736001,24.500000000,1,-74.007383000,40.718176000
24057,2014-04-15 08:48:00+00:00,-73.952265000,40.766175000,3.427518864,3.328765312,12.500000000,6,-73.979927000,40.782232000
76346,2014-04-15 09:01:00+00:00,-74.004827000,40.746650000,-0.984136906,1.109700067,14.500000000,1,-73.970948000,40.764177000
76,2014-04-15 09:19:00+00:00,-74.010142000,40.719717000,-1.399145814,-1.885120897,12.000000000,1,-74.013625000,40.702315000
13532,2014-04-15 10:39:42+00:00,-73.952960000,40.772281000,3.360771254,4.005878666,5.000000000,1,-73.962094000,40.773604000
62700,2014-04-15 12:08:00+00:00,-73.981950000,40.768627000,0.918943728,3.571460498,13.500000000,1,-73.985152000,40.747877000
111265,2014-04-15 12:33:47+00:00,-73.996336000,40.763253000,-0.288365856,2.960916826,11.500000000,1,-73.978368000,40.747905000
768,2014-04-15 13:15:46+00:00,-73.973263000,40.760977000,1.662037590,2.730796183,8.500000000,4,-73.964753000,40.775518000
81329,2014-04-15 13:42:08+00:00,-73.949463000,40.781251000,3.643966167,5.005148310,10.500000000,1,-73.961046000,40.761255000
45296,2014-04-15 14:25:57+00:00,-73.988327000,40.750196000,0.404333076,1.519256830,10.500000000,1,-73.984192000,40.727261000
62783,2014-04-15 15:10:00+00:00,-73.960435000,40.817837000,2.669982783,9.055467657,6.500000000,1,-73.949670000,40.825862000
22901,2014-04-15 15:24:00+00:00,-73.999082000,40.722265000,-0.468256256,-1.591688272,5.500000000,1,-73.989157000,40.718707000
72578,2014-04-15 16:03:00+00:00,-73.989080000,40.762962000,0.324439487,2.935644472,7.000000000,6,-73.995477000,40.754335000
20156,2014-04-15 17:11:13+00:00,-74.004222000,40.738039000,-0.922216380,0.154397828,5.000000000,1,-73.992899000,40.745379000
45852,2014-04-15 18:07:10+00:00,-73.957670000,40.761385000,2.977652864,2.791604939,19.500000000,1,-74.015925000,40.710015000
154348,2014-04-15 18:45:00+00:00,-73.969793000,40.758467000,1.958199923,2.455600272,10.500000000,1,-73.988640000,40.745367000
197333,2014-04-15 20:19:08+00:00,-73.979352000,40.751145000,1.160779653,1.633375235,9.000000000,1,-73.984406000,40.758171000
118769,2014-04-15 21:09:54+00:00,-73.994572000,40.736418000,-0.105352352,-0.016257299,20.000000000,1,-73.950937000,40.799253000
3873,2014-04-15 21:36:00+00:00,-73.975887000,40.740527000,1.467044252,0.458107917,8.000000000,6,-74.003822000,40.741997000
54756,2014-04-15 21:51:12+00:00,-73.988334000,40.739449000,0.417492239,0.326256100,5.000000000,1,-73.989561000,40.745114000
147821,2014-04-15 23:12:25+00:00,-73.990110000,40.761889000,0.238874214,2.815532329,11.000000000,1,-73.964645000,40.802535000
183430,2014-04-16 00:12:00+00:00,-73.992268000,40.729117000,0.098494501,-0.824488153,27.330000000,1,-73.988787000,40.665932000
91924,2014-04-16 03:29:07+00:00,-73.977350000,40.764087000,1.313043951,3.072001094,13.000000000,1,-73.938095000,40.796286000
95642,2014-04-16 07:01:42+00:00,-73.981028000,40.737580000,1.036774074,0.125918682,11.500000000,1,-74.010957000,40.713317000
158205,2014-04-16 07:04:10+00:00,-73.948337000,40.804075000,3.708592916,7.539939437,10.500000000,1,-73.944355000,40.779816000
179548,2014-04-16 07:17:43+00:00,-73.965879000,40.758480000,2.288563038,2.460929480,3.500000000,1,-73.972339000,40.758965000
115746,2014-04-16 07:55:00+00:00,-73.953697000,40.790897000,3.273921865,6.071661950,12.500000000,6,-73.975850000,40.760637000
12212,2014-04-16 07:57:00+00:00,-73.980038000,40.748595000,1.106157841,1.349633376,18.500000000,2,-73.958035000,40.781785000
81163,2014-04-16 08:50:08+00:00,-73.992556000,40.768700000,0.023737063,3.569231224,11.000000000,1,-73.975510000,40.760966000
93796,2014-04-16 09:37:13+00:00,-74.004958000,40.746594000,-0.995126062,1.103358281,10.000000000,1,-73.991179000,40.735021000
52030,2014-04-16 11:10:39+00:00,-73.992200000,40.750137000,0.077448774,1.508945741,10.000000000,3,-73.991197000,40.755573000
43069,2014-04-16 11:36:45+00:00,-73.966198000,40.789660000,2.220846004,5.921835971,3.500000000,1,-73.969140000,40.794380000
170943,2014-04-16 12:15:16+00:00,-73.973341000,40.747899000,1.672437720,1.278964184,10.500000000,2,-73.978266000,40.764116000
128952,2014-04-16 13:06:00+00:00,-73.998497000,40.737252000,-0.437826179,0.072534292,5.000000000,1,-74.005337000,40.739922000
114785,2014-04-16 15:20:00+00:00,-73.999257000,40.739002000,-0.504212494,0.266064697,19.000000000,1,-74.013467000,40.717512000
115499,2014-04-16 15:49:42+00:00,-73.973560000,40.763445000,1.633763904,3.004469543,15.000000000,1,-74.006786000,40.751387000
7824,2014-04-16 16:08:00+00:00,-74.013017000,40.706692000,-1.625717065,-3.333712727,24.500000000,1,-73.986165000,40.751722000
48566,2014-04-16 16:33:00+00:00,-73.966890000,40.793932000,2.156874719,6.395374727,19.000000000,1,-73.991900000,40.744225000
173489,2014-04-16 20:09:00+00:00,-73.990000000,40.762122000,0.247861089,2.841503936,7.000000000,1,-73.991055000,40.750447000
23239,2014-04-16 20:12:12+00:00,-73.989491000,40.741725000,0.316893896,0.577783016,9.500000000,1,-73.979141000,40.727955000
81521,2014-04-16 20:16:51+00:00,-73.988281000,40.749285000,0.409382151,1.418173990,5.000000000,1,-73.994249000,40.756031000
150266,2014-04-16 21:14:00+00:00,-73.986765000,40.732225000,0.559224199,-0.474130543,7.000000000,1,-74.004362000,40.738157000
25500,2014-04-16 22:16:00+00:00,-73.993782000,40.745787000,-0.050568189,1.024532103,8.500000000,1,-73.972908000,40.755652000
131110,2014-04-16 23:08:15+00:00,-73.863084000,40.769682000,10.949380047,3.811783186,20.000000000,2,-73.863084000,40.769682000
183590,2014-04-16 23:27:32+00:00,-74.004152000,40.738111000,-0.916396559,0.162457374,6.500000000,1,-73.987675000,40.738688000
109125,2014-04-17 00:48:16+00:00,-74.007737000,40.726042000,-1.203956286,-1.180711571,13.000000000,1,-73.971640000,40.751871000
121450,2014-04-17 01:39:00+00:00,-73.967105000,40.756722000,2.187373646,2.264559435,73.500000000,5,-73.768302000,41.035317000
176046,2014-04-17 10:45:54+00:00,-73.982975000,40.773189000,0.826566036,4.076874175,11.500000000,1,-73.968040000,40.761351000
78043,2014-04-17 11:29:42+00:00,-73.981780000,40.778925000,0.920022348,4.714784626,9.500000000,1,-73.969485000,40.785492000
81911,2014-04-17 11:31:35+00:00,-74.002586000,40.708799000,-0.747212392,-3.089869428,12.000000000,1,-73.984271000,40.729489000
7529,2014-04-17 12:12:00+00:00,-73.969312000,40.761597000,1.994719832,2.803530649,20.000000000,5,-73.996572000,40.733322000
134862,2014-04-17 12:39:33+00:00,-73.985807000,40.755905000,0.609748276,2.155452949,10.500000000,1,-73.974629000,40.742136000
118328,2014-04-17 13:14:37+00:00,-73.978152000,40.763520000,1.246086020,3.008271148,10.000000000,1,-73.959242000,40.759607000
54323,2014-04-17 13:19:00+00:00,-73.986907000,40.748417000,0.526489340,1.323157729,6.000000000,6,-73.976598000,40.755562000
137193,2014-04-17 14:16:03+00:00,-73.995626000,40.744081000,-0.204082339,0.833370883,7.500000000,1,-73.982592000,40.738690000
62312,2014-04-17 16:07:00+00:00,-73.974268000,40.763690000,1.573688270,3.030967567,11.500000000,2,-73.982043000,40.775167000
148198,2014-04-17 18:06:00+00:00,-73.984683000,40.754150000,0.706882491,1.961732169,13.500000000,1,-73.985782000,40.726897000
126765,2014-04-17 18:37:00+00:00,-73.959132000,40.781020000,2.828390017,4.969778245,20.500000000,2,-73.998032000,40.750990000
163915,2014-04-17 18:37:00+00:00,-73.992950000,40.767690000,-0.008228327,3.456731810,7.500000000,1,-73.984280000,40.762867000
122292,2014-04-17 19:28:29+00:00,-73.961631000,40.811383000,2.577606059,8.337822483,6.000000000,1,-73.968173000,40.797226000
144032,2014-04-17 19:59:00+00:00,-73.971332000,40.760545000,1.825589019,2.684749901,13.500000000,1,-73.974455000,40.793170000
93082,2014-04-17 20:02:00+00:00,-73.987595000,40.750012000,0.466364297,1.499544072,7.500000000,6,-73.995525000,40.739280000
141393,2014-04-17 20:02:17+00:00,-73.955974000,40.772159000,3.106573696,3.989304196,17.000000000,1,-73.989903000,40.756562000
132928,2014-04-17 21:40:00+00:00,-73.988858000,40.763560000,0.342412196,3.002242866,8.500000000,1,-73.995777000,40.744172000
67821,2014-04-17 21:52:05+00:00,-73.979882000,40.743170000,1.126326816,0.747572266,5.000000000,1,-73.988525000,40.747893000
88607,2014-04-17 21:54:00+00:00,-73.989437000,40.748057000,0.313360598,1.280732794,19.500000000,4,-74.014400000,40.703267000
47477,2014-04-17 22:32:00+00:00,-73.966415000,40.767807000,2.231122883,3.495764435,27.500000000,5,-73.997192000,40.696640000
16553,2014-04-18 04:36:00+00:00,-73.999793000,40.733347000,-0.542317325,-0.362195316,36.000000000,2,-74.010742000,40.611440000
44370,2014-04-18 06:49:11+00:00,-73.966430000,40.764634000,2.234006298,3.143522182,6.500000000,1,-73.974614000,40.749061000
167052,2014-04-18 09:37:52+00:00,-74.003562000,40.726927000,-0.852489407,-1.078477942,6.000000000,1,-74.010880000,40.716415000
8324,2014-04-18 09:56:00+00:00,-73.955822000,40.785040000,3.102379435,5.419350364,19.000000000,1,-73.993548000,40.751492000
69460,2014-04-18 11:47:24+00:00,-73.968282000,40.767787000,2.073577880,3.491689618,5.000000000,1,-73.958992000,40.771848000
99889,2014-04-18 12:42:44+00:00,-73.961181000,40.777387000,2.660269010,4.564436616,3.000000000,1,-73.959098000,40.781735000
111658,2014-04-18 13:01:32+00:00,-73.978318000,40.763122000,1.232589508,2.963926981,14.000000000,1,-74.004579000,40.730143000
162510,2014-04-18 13:34:18+00:00,-73.985677000,40.757712000,0.618403384,2.356170144,15.000000000,1,-74.009322000,40.710985000
70243,2014-04-18 13:43:00+00:00,-73.966662000,40.753402000,2.229107842,1.896454910,6.500000000,1,-73.954743000,40.765042000
179505,2014-04-18 14:51:08+00:00,-73.989651000,40.738967000,0.306908714,0.271470026,6.000000000,1,-73.987063000,40.729298000
10535,2014-04-18 15:12:49+00:00,-73.974371000,40.762595000,1.566415596,2.909312650,9.500000000,4,-73.983752000,40.755302000
113608,2014-04-18 15:25:55+00:00,-73.972106000,40.786512000,1.726481861,5.566523254,11.500000000,1,-73.939890000,40.805427000
36800,2014-04-18 15:30:00+00:00,-73.989622000,40.730099000,0.320686525,-0.712911497,5.500000000,2,-74.000884000,40.731007000
110144,2014-04-18 15:58:00+00:00,-73.963217000,40.793812000,2.466904721,6.385711083,13.500000000,1,-73.973355000,40.764972000
23395,2014-04-18 17:20:00+00:00,-73.970472000,40.754955000,1.905459494,2.065069370,8.000000000,1,-73.983837000,40.759810000
141087,2014-04-18 21:23:35+00:00,-73.988992000,40.736478000,0.365732986,-0.004185835,23.500000000,1,-73.991425000,40.670018000
20746,2014-04-18 21:30:31+00:00,-73.980879000,40.742104000,1.043524828,0.628260856,3.500000000,2,-73.978551000,40.745714000
139014,2014-04-18 21:59:00+00:00,-73.993975000,40.681537000,0.014830904,-6.107825227,15.000000000,5,-73.967152000,40.640835000
160086,2014-04-18 22:02:06+00:00,-73.970280000,40.756230000,1.920006269,2.206794030,12.000000000,1,-73.979158000,40.786750000
71992,2014-04-18 22:09:49+00:00,-73.954973000,40.782682000,3.177133786,5.158446589,9.000000000,1,-73.964700000,40.803644000
128257,2014-04-18 23:40:00+00:00,-73.971092000,40.794297000,1.801897787,6.431724546,5.500000000,5,-73.971092000,40.794297000
55099,2014-04-18 23:58:00+00:00,-73.978427000,40.729002000,1.267472581,-0.823746877,16.000000000,6,-73.947457000,40.784012000
32434,2014-04-19 01:08:00+00:00,-74.003390000,40.740210000,-0.854701997,0.396191159,12.000000000,5,-74.005360000,40.711270000
148327,2014-04-19 02:35:24+00:00,-73.980314000,40.745866000,1.086376733,1.046423867,6.500000000,2,-73.983293000,40.730619000
183405,2014-04-19 04:52:57+00:00,-73.983738000,40.749714000,0.792357093,1.470227082,14.500000000,2,-74.017203000,40.710902000
85968,2014-04-19 05:36:34+00:00,-73.976074000,40.751552000,1.436978243,1.681778589,11.000000000,1,-73.953121000,40.788695000
55343,2014-04-19 07:44:26+00:00,-73.999067000,40.754950000,-0.508358781,2.036589509,4.500000000,1,-73.990240000,40.757439000
81072,2014-04-19 08:44:00+00:00,-73.999630000,40.742532000,-0.540172104,0.657560529,6.000000000,1,-73.990000000,40.752462000
37630,2014-04-19 09:53:51+00:00,-73.782327000,40.644506000,17.957598977,-9.992242754,52.000000000,1,-74.003200000,40.726962000
113059,2014-04-19 12:16:00+00:00,-74.006097000,40.739725000,-1.082652006,0.339761444,7.500000000,1,-74.001112000,40.756285000
164578,2014-04-19 12:44:00+00:00,-73.984715000,40.744750000,0.716252082,0.918232651,57.330000000,6,-73.782735000,40.648807000
61015,2014-04-19 13:07:14+00:00,-73.994455000,40.739813000,-0.099789957,0.360724617,8.000000000,1,-73.979576000,40.739441000
90658,2014-04-19 14:16:00+00:00,-73.975467000,40.750807000,1.489185741,1.599676138,27.500000000,1,-74.011545000,40.708090000
119056,2014-04-19 14:53:00+00:00,-74.002515000,40.738787000,-0.779028379,0.239067338,13.500000000,2,-73.991263000,40.765385000
122416,2014-04-19 15:24:00+00:00,-73.975020000,40.761865000,1.512583636,2.827637032,6.500000000,1,-73.984537000,40.758417000
33706,2014-04-19 15:58:29+00:00,-73.989387000,40.745288000,0.321120949,0.973402498,4.500000000,3,-73.992625000,40.749398000
73799,2014-04-19 16:18:00+00:00,-74.014037000,40.709637000,-1.715551147,-3.007766679,19.000000000,2,-73.973527000,40.764422000
74672,2014-04-19 18:05:54+00:00,-73.970082000,40.784127000,1.900364602,5.303772682,6.500000000,1,-73.982061000,40.775077000
86241,2014-04-19 19:47:00+00:00,-74.004912000,40.729857000,-0.970182428,-0.754521002,20.500000000,1,-73.967055000,40.760057000
90524,2014-04-19 21:49:00+00:00,-74.005467000,40.740532000,-1.030473878,0.429946528,10.000000000,5,-73.990345000,40.726450000
173791,2014-04-19 21:51:15+00:00,-74.000976000,40.757455000,-0.672671089,2.312826564,6.500000000,3,-73.987765000,40.770412000
91567,2014-04-19 22:50:10+00:00,-73.979322000,40.744228000,1.172241465,0.865567490,5.500000000,4,-73.984623000,40.752444000
92668,2014-04-20 01:01:36+00:00,-73.999209000,40.719966000,-0.476073718,-1.847014825,12.000000000,2,-73.997602000,40.691240000
130976,2014-04-20 02:27:04+00:00,-74.005513000,40.739080000,-1.032531767,0.268720398,8.500000000,1,-73.979765000,40.748875000
135174,2014-04-20 02:50:20+00:00,-73.987057000,40.733508000,0.532923665,-0.331993159,12.500000000,1,-73.979636000,40.771296000
136805,2014-04-20 03:10:00+00:00,-73.995012000,40.764425000,-0.178105565,3.092296725,14.000000000,6,-73.939157000,40.752187000
53613,2014-04-20 11:58:00+00:00,-73.984195000,40.761297000,0.738893155,2.755578913,12.500000000,1,-73.952408000,40.769160000
88091,2014-04-20 12:44:32+00:00,-73.997045000,40.762583000,-0.347357907,2.885857553,9.500000000,1,-74.001945000,40.737695000
186584,2014-04-20 13:52:00+00:00,-73.999555000,40.724712000,-0.511298410,-1.320510089,6.000000000,1,-73.997335000,40.738547000
159552,2014-04-20 14:41:00+00:00,-74.000565000,40.719747000,-0.590322661,-1.872629531,14.000000000,1,-73.986380000,40.745405000
131356,2014-04-20 14:48:34+00:00,-73.978103000,40.753308000,1.263423225,1.874711093,5.500000000,1,-73.966169000,40.754421000
94090,2014-04-20 16:04:00+00:00,-73.776692000,40.645482000,18.432557833,-9.877288385,32.500000000,1,-73.786663000,40.740617000
16972,2014-04-20 16:14:00+00:00,-73.972877000,40.780497000,1.669248852,4.898048212,8.500000000,5,-73.973265000,40.764132000
38965,2014-04-20 18:02:00+00:00,-73.982985000,40.756332000,0.847412479,2.205609996,9.000000000,6,-73.961922000,40.767842000
36848,2014-04-20 18:28:32+00:00,-73.989536000,40.746747000,0.306676886,1.135217136,7.500000000,1,-73.973915000,40.757076000
3567,2014-04-20 21:37:00+00:00,-73.975620000,40.749770000,1.477613161,1.484410773,10.000000000,1,-73.997350000,40.761620000
132055,2014-04-20 23:32:00+00:00,-73.992082000,40.764237000,0.069432625,3.074264041,17.000000000,1,-74.015730000,40.707672000
145992,2014-04-20 23:39:00+00:00,-73.949973000,40.780767000,3.601575027,4.950905104,5.000000000,1,-73.942555000,40.785462000
3990,2014-04-21 00:46:00+00:00,-73.987443000,40.770107000,0.453455271,3.730386744,25.500000000,2,-73.888045000,40.716047000
50720,2014-04-21 01:17:30+00:00,-74.007509000,40.740755000,-1.203164682,0.452749762,22.000000000,1,-73.952939000,40.729602000
74260,2014-04-21 01:41:00+00:00,-73.916070000,40.757542000,6.494223657,2.407545635,19.000000000,1,-73.916107000,40.757560000
75351,2014-04-21 07:22:18+00:00,-74.014218000,40.717015000,-1.740032659,-2.188932796,3.500000000,1,-74.011411000,40.719023000
166460,2014-04-21 07:59:31+00:00,-73.978476000,40.752124000,1.233465799,1.742911804,8.000000000,1,-74.000399000,40.747945000
17939,2014-04-21 08:57:39+00:00,-73.991315000,40.746789000,0.156431975,1.138151888,14.000000000,1,-74.014583000,40.709761000
182699,2014-04-21 09:11:00+00:00,-74.009908000,40.705642000,-1.361770107,-3.447313835,24.000000000,6,-73.975930000,40.755712000
99222,2014-04-21 10:34:00+00:00,-73.989870000,40.767137000,0.252424534,3.398332959,9.500000000,1,-73.967557000,40.770327000
23583,2014-04-21 11:56:14+00:00,-73.981039000,40.733153000,1.041549093,-0.365520168,10.500000000,1,-73.970349000,40.761456000
189656,2014-04-21 12:11:00+00:00,-73.982497000,40.745440000,0.902623556,0.996995998,16.000000000,1,-74.010480000,40.701952000
10556,2014-04-21 12:13:44+00:00,-73.991975000,40.726080000,0.127107734,-1.161331833,11.000000000,1,-73.980257000,40.750493000
171504,2014-04-21 12:25:00+00:00,-73.988942000,40.743037000,0.361568953,0.723958089,6.500000000,1,-73.983450000,40.756082000
159459,2014-04-21 12:27:31+00:00,-73.942839000,40.840589000,4.123465201,11.598894112,27.000000000,1,-73.976953000,40.758615000
47104,2014-04-21 12:58:00+00:00,-73.961185000,40.774672000,2.663500654,4.263046222,8.500000000,6,-73.972225000,40.759687000
60223,2014-04-21 13:08:00+00:00,-73.978500000,40.751505000,1.232239557,1.674174679,13.000000000,3,-74.006453000,40.727052000
15812,2014-04-21 13:33:30+00:00,-73.971632000,40.746309000,1.818784955,1.104151680,8.500000000,1,-73.995129000,40.736705000
84628,2014-04-21 13:53:00+00:00,-73.988552000,40.722682000,0.420527327,-1.535208677,10.500000000,3,-74.006845000,40.741595000
64993,2014-04-21 13:58:20+00:00,-73.953299000,40.782529000,3.318587338,5.143146711,9.500000000,1,-73.968511000,40.759696000
15154,2014-04-21 15:32:00+00:00,-73.958037000,40.782202000,2.919228812,5.102086778,11.500000000,1,-73.960867000,40.806885000
151924,2014-04-21 15:39:00+00:00,-73.991808000,40.750217000,0.110439512,1.518206394,8.000000000,1,-73.980028000,40.735375000
122325,2014-04-21 15:45:00+00:00,-73.968755000,40.764542000,2.037891592,3.131000428,7.500000000,5,-73.982587000,40.773985000
184334,2014-04-21 17:03:00+00:00,-73.981407000,40.763892000,0.970873556,3.046371470,10.500000000,1,-73.980107000,40.787322000
93912,2014-04-21 18:02:00+00:00,-73.971035000,40.758627000,1.853154642,2.472131403,10.000000000,1,-73.991110000,40.740590000
58389,2014-04-21 18:29:36+00:00,-73.977192000,40.753826000,1.339656333,1.933108799,9.500000000,1,-73.952541000,40.766179000
151071,2014-04-21 19:55:39+00:00,-73.993231000,40.736360000,0.007952350,-0.021398042,8.500000000,1,-74.004168000,40.717069000
113829,2014-04-21 20:22:00+00:00,-73.952448000,40.780872000,3.392591149,4.960063697,20.500000000,1,-73.936440000,40.857290000
140,2014-04-21 20:40:00+00:00,-73.976543000,40.788207000,1.349917175,5.750303509,7.500000000,1,-73.954575000,40.777842000
34786,2014-04-21 21:41:00+00:00,-73.970400000,40.762010000,1.902348278,2.848298624,14.000000000,1,-73.998287000,40.727812000
71321,2014-04-21 22:51:00+00:00,-73.994392000,40.735040000,-0.088401400,-0.169050802,9.000000000,1,-74.005515000,40.711232000
108551,2014-04-21 23:13:37+00:00,-73.988298000,40.734572000,0.426770895,-0.215090064,9.500000000,2,-73.967730000,40.760100000
162110,2014-04-22 00:23:00+00:00,-73.971542000,40.763122000,1.804510494,2.970608609,11.500000000,1,-73.949247000,40.777207000
124694,2014-04-22 07:30:00+00:00,-73.984805000,40.728227000,0.729863921,-0.916024220,9.000000000,5,-73.973642000,40.754892000
135508,2014-04-22 07:30:00+00:00,-73.974890000,40.753447000,1.534472674,1.893304365,6.000000000,1,-73.980112000,40.749007000
42005,2014-04-22 08:04:11+00:00,-73.875408000,40.774106000,9.902987312,4.289477676,38.330000000,1,-73.983986000,40.743983000
30378,2014-04-22 08:35:00+00:00,-73.947910000,40.774955000,3.783392974,4.307812745,13.500000000,1,-73.971437000,40.761767000
161713,2014-04-22 08:56:38+00:00,-74.001162000,40.746712000,-0.674798865,1.120097192,18.500000000,1,-73.964907000,40.772730000
69347,2014-04-22 09:21:00+00:00,-73.951808000,40.769390000,3.461825793,3.686116023,32.330000000,1,-73.864815000,40.770262000
61462,2014-04-22 10:33:00+00:00,-73.971092000,40.751400000,1.857749370,1.669824241,5.500000000,1,-73.961625000,40.760072000
159678,2014-04-22 10:43:10+00:00,-73.988221000,40.756307000,0.405460763,2.197725689,11.000000000,2,-73.977879000,40.754996000
27881,2014-04-22 11:04:18+00:00,-73.971087000,40.798858000,1.796378316,6.938037956,8.500000000,1,-73.987249000,40.778867000
104284,2014-04-22 13:50:03+00:00,-74.006862000,40.730655000,-1.135853892,-0.667802014,10.000000000,1,-73.999995000,40.754188000
136809,2014-04-22 14:27:00+00:00,-73.954880000,40.764150000,3.209490154,3.101342335,10.000000000,5,-73.974070000,40.756370000
79069,2014-04-22 14:32:00+00:00,-73.973472000,40.792292000,1.603715891,6.206799925,4.500000000,1,-73.965947000,40.795010000
68904,2014-04-22 14:47:40+00:00,-74.005333000,40.721004000,-0.994602079,-1.737666221,13.500000000,1,-73.986953000,40.759533000
191484,2014-04-22 16:04:18+00:00,-73.962284000,40.779165000,2.564856316,4.760706965,8.000000000,1,-73.971137000,40.766931000
64887,2014-04-22 16:27:02+00:00,-73.984513000,40.728710000,0.753902650,-0.862122754,12.000000000,1,-73.954462000,40.765775000
131012,2014-04-22 16:52:00+00:00,-73.973122000,40.793062000,1.632243382,6.292621913,9.000000000,1,-73.962340000,40.777360000
44059,2014-04-22 17:44:46+00:00,-73.989346000,40.747781000,0.321395878,1.250183264,7.000000000,1,-73.978144000,40.741649000
59505,2014-04-22 18:13:00+00:00,-73.983912000,40.761110000,0.763020490,2.735097085,10.000000000,2,-73.979228000,40.752077000
156668,2014-04-22 19:37:00+00:00,-73.943732000,40.777822000,4.132138102,4.630309720,7.500000000,1,-73.958762000,40.767857000
20134,2014-04-22 20:20:00+00:00,-73.980870000,40.742047000,1.044358165,0.621942271,7.000000000,2,-73.988842000,40.748410000
84645,2014-04-22 20:55:57+00:00,-73.903097000,40.725005000,7.634424996,-1.190699282,11.000000000,1,-73.869054000,40.708772000
33560,2014-04-22 21:12:59+00:00,-73.979162000,40.744377000,1.185557552,0.882264655,11.500000000,1,-73.969455000,40.765803000
6394,2014-04-22 21:37:45+00:00,-74.000222000,40.728805000,-0.572801442,-0.866800989,12.500000000,1,-73.961153000,40.711296000
134982,2014-04-22 21:48:27+00:00,-73.975898000,40.755075000,1.447272240,2.073030948,5.000000000,1,-73.980295000,40.746666000
129729,2014-04-22 22:05:34+00:00,-73.975391000,40.755953000,1.488932221,2.170995035,18.000000000,1,-74.010325000,40.704915000
167472,2014-04-22 22:18:00+00:00,-73.969807000,40.754607000,1.962048480,2.027097556,7.000000000,1,-73.964522000,40.759042000
189139,2014-04-22 23:13:00+00:00,-73.866485000,40.771140000,10.660257730,3.969919055,36.330000000,1,-73.976733000,40.751832000
122356,2014-04-22 23:16:45+00:00,-73.975092000,40.782577000,1.479644773,5.126758302,17.500000000,1,-73.976026000,40.760561000
104955,2014-04-23 02:09:01+00:00,-74.001842000,40.732580000,-0.714369953,-0.449306698,8.000000000,1,-73.992457000,40.719744000
127739,2014-04-23 02:17:15+00:00,-73.974333000,40.756708000,1.577261593,2.255848951,15.500000000,1,-73.959814000,40.808026000
39911,2014-04-23 08:08:00+00:00,-73.956030000,40.778680000,3.093232644,4.713130446,21.500000000,1,-74.000045000,40.734860000
191131,2014-04-23 08:09:00+00:00,-73.988065000,40.758987000,0.415198412,2.495377356,96.800000000,1,-74.172375000,40.711397000
132089,2014-04-23 08:57:01+00:00,-73.959027000,40.763825000,2.859900216,3.061103845,24.500000000,1,-74.013533000,40.714328000
90495,2014-04-23 09:27:45+00:00,-73.960887000,40.796927000,2.659377634,6.733828557,5.500000000,1,-73.967727000,40.802101000
39712,2014-04-23 09:29:00+00:00,-73.947363000,40.775980000,3.828188386,4.422149668,13.500000000,6,-73.984255000,40.770172000
15666,2014-04-23 10:52:28+00:00,-73.989802000,40.720257000,0.318055201,-1.805615152,5.500000000,1,-73.989424000,40.729273000
191614,2014-04-23 11:29:26+00:00,-74.004843000,40.742437000,-0.980185448,0.642011974,9.500000000,1,-73.990994000,40.745665000
25615,2014-04-23 12:51:14+00:00,-74.002105000,40.750645000,-0.759375147,1.555782790,13.000000000,2,-73.983265000,40.771180000
35359,2014-04-23 13:19:19+00:00,-73.978520000,40.764154000,1.214206215,3.078288273,10.500000000,3,-73.975347000,40.751961000
17576,2014-04-23 15:43:08+00:00,-73.990180000,40.756380000,0.240003442,2.203924478,15.500000000,1,-74.013859000,40.714410000
173644,2014-04-23 16:08:18+00:00,-73.781483000,40.644890000,18.028372567,-9.948627875,60.830000000,1,-73.868231000,40.816710000
176294,2014-04-23 19:02:00+00:00,-73.974412000,40.791235000,1.525783203,6.088536413,6.500000000,3,-73.989235000,40.776890000
63342,2014-04-23 19:06:00+00:00,-73.971250000,40.750922000,1.845033185,1.616606359,10.500000000,1,-73.994580000,40.724942000
41165,2014-04-23 19:15:00+00:00,-73.979917000,40.748597000,1.116370357,1.349974109,7.500000000,1,-73.965345000,40.758572000
33297,2014-04-23 21:47:12+00:00,-73.994522000,40.734449000,-0.098627153,-0.234781630,4.500000000,1,-73.986705000,40.728175000
104800,2014-04-23 23:00:00+00:00,-73.971735000,40.762880000,1.788535356,2.943553851,8.500000000,1,-73.989447000,40.757665000
42156,2014-04-23 23:15:45+00:00,-73.941117000,40.716318000,4.435173981,-2.194431733,12.000000000,1,-73.969938000,40.693270000
170353,2014-04-23 23:16:53+00:00,-73.989640000,40.673278000,0.391707498,-7.020420466,17.500000000,2,-73.985216000,40.717812000
94097,2014-04-24 00:39:11+00:00,-73.972276000,40.755964000,1.751864414,2.175290905,19.000000000,1,-73.968510000,40.709027000
145697,2014-04-24 03:52:00+00:00,-74.004117000,40.752077000,-0.931031188,1.712815804,5.500000000,1,-73.990365000,40.755787000
81089,2014-04-24 05:06:11+00:00,-73.948221000,40.789621000,3.737624624,5.935542312,14.500000000,1,-73.975807000,40.737397000
179775,2014-04-24 06:26:24+00:00,-73.991637000,40.764747000,0.106341070,3.131309426,7.000000000,1,-73.971995000,40.758732000
59018,2014-04-24 08:31:00+00:00,-73.979492000,40.784497000,1.105895947,5.335564359,13.000000000,2,-73.974788000,40.756142000
102391,2014-04-24 09:49:23+00:00,-74.016560000,40.715369000,-1.935796881,-2.373867129,11.500000000,1,-74.014946000,40.708495000
4546,2014-04-24 10:33:00+00:00,-73.968917000,40.788207000,1.993339414,5.757840433,15.000000000,1,-73.981987000,40.752477000
139564,2014-04-24 11:06:07+00:00,-73.994960000,40.750162000,-0.155582981,1.509049072,9.000000000,1,-73.980593000,40.754908000
100325,2014-04-24 12:05:46+00:00,-73.951318000,40.778749000,3.490759967,4.725533133,5.000000000,1,-73.950886000,40.769947000
101044,2014-04-24 13:19:00+00:00,-73.986052000,40.755800000,0.589201762,2.143558189,9.000000000,1,-73.976332000,40.765887000
116615,2014-04-24 13:21:00+00:00,-73.978865000,40.762122000,1.187712454,2.852381987,16.500000000,1,-73.975007000,40.735442000
127478,2014-04-24 14:50:00+00:00,-73.991797000,40.695872000,0.180630211,-4.514443800,17.500000000,5,-73.994412000,40.727832000
19192,2014-04-24 14:52:00+00:00,-73.776847000,40.645990000,18.418667760,-9.821079350,46.500000000,4,-73.938727000,40.713247000
109169,2014-04-24 15:14:00+00:00,-73.980242000,40.734507000,1.107103394,-0.214435301,6.500000000,5,-73.992057000,40.743022000
111797,2014-04-24 17:01:00+00:00,-73.985630000,40.736672000,0.649363309,0.020624192,19.500000000,1,-73.981763000,40.766157000
103911,2014-04-24 17:48:00+00:00,-73.871177000,40.773950000,10.260266113,4.276746508,44.830000000,1,-73.985337000,40.768607000
164107,2014-04-24 18:10:31+00:00,-73.966778000,40.793752000,2.166559036,6.375504585,8.500000000,1,-73.952818000,40.800850000
11431,2014-04-24 18:27:00+00:00,-73.989250000,40.741562000,0.337450098,0.559923128,11.000000000,2,-73.974422000,40.755670000
154643,2014-04-24 18:49:00+00:00,-73.972537000,40.758765000,1.726192016,2.485964848,9.500000000,5,-73.984505000,40.742910000
116950,2014-04-24 18:59:26+00:00,-73.974151000,40.782998000,1.558499074,5.174420913,7.500000000,1,-73.952427000,40.772797000
152953,2014-04-24 19:46:33+00:00,-73.988930000,40.740947000,0.365254397,0.491964918,7.500000000,3,-74.005788000,40.740173000
10747,2014-04-24 19:50:20+00:00,-73.959185000,40.780275000,2.824899175,4.887024231,10.000000000,1,-73.982468000,40.768107000
4891,2014-04-24 20:25:00+00:00,-73.952222000,40.777242000,3.416474924,4.557332500,10.000000000,6,-73.973422000,40.795382000
152912,2014-04-24 20:32:36+00:00,-73.986021000,40.752144000,0.596507763,1.737745590,6.000000000,2,-73.973556000,40.754602000
68905,2014-04-24 20:41:35+00:00,-73.959000000,40.815097000,2.794615691,8.752740394,19.500000000,1,-73.964493000,40.757975000
102739,2014-04-24 20:45:00+00:00,-73.992078000,40.717845000,0.128901565,-2.075571946,5.500000000,1,-73.986272000,40.726160000
14857,2014-04-24 20:54:00+00:00,-73.950957000,40.774680000,3.526624614,4.274206061,13.500000000,1,-73.988315000,40.774807000
50776,2014-04-24 21:18:20+00:00,-74.004102000,40.723978000,-0.894379423,-1.406354106,4.500000000,1,-73.999653000,40.733360000
77518,2014-04-24 22:05:00+00:00,-73.958997000,40.774682000,2.848131409,4.266345201,11.500000000,1,-73.973677000,40.752032000
49055,2014-04-24 22:34:14+00:00,-73.993024000,40.762940000,-0.008422110,2.929374422,13.500000000,1,-73.949560000,40.796709000
62156,2014-04-24 23:46:00+00:00,-73.976285000,40.759257000,1.409188271,2.536882943,11.500000000,1,-73.993528000,40.738495000
164385,2014-04-24 23:54:01+00:00,-74.008816000,40.718782000,-1.285982152,-1.987648881,18.500000000,1,-73.954446000,40.730235000
13017,2014-04-25 00:12:00+00:00,-73.967977000,40.765427000,2.102400899,3.230014273,13.500000000,6,-73.998167000,40.726140000
108242,2014-04-25 00:20:16+00:00,-73.982066000,40.766016000,0.912516541,3.281506031,18.500000000,1,-73.950456000,40.821298000
82801,2014-04-25 06:02:00+00:00,-73.980235000,40.730623000,1.112702345,-0.645579506,17.000000000,1,-74.012852000,40.707547000
2007,2014-04-25 06:51:00+00:00,-74.007452000,40.732390000,-1.187853637,-0.475768588,8.000000000,1,-73.991722000,40.754365000
60720,2014-04-25 07:14:00+00:00,-73.983970000,40.765710000,0.752211870,3.245675020,28.000000000,2,-73.986010000,40.693290000
19990,2014-04-25 07:39:00+00:00,-73.959067000,40.771637000,2.846235095,3.928256233,17.500000000,1,-73.982047000,40.732047000
158542,2014-04-25 08:00:33+00:00,-73.943233000,40.789417000,4.158737552,5.917956027,10.500000000,1,-73.970737000,40.795088000
110443,2014-04-25 08:38:59+00:00,-73.975369000,40.752030000,1.495873829,1.735534706,11.500000000,1,-74.005544000,40.739656000
84545,2014-04-25 09:00:25+00:00,-74.000623000,40.750351000,-0.633893661,1.524570245,10.000000000,1,-73.989391000,40.771286000
61065,2014-04-25 09:21:00+00:00,-73.965825000,40.762805000,2.287462627,2.941090936,7.000000000,2,-73.953922000,40.765100000
199599,2014-04-25 11:12:32+00:00,-73.994615000,40.755844000,-0.133683816,2.140126006,9.500000000,1,-73.994844000,40.745232000
52829,2014-04-25 12:00:09+00:00,-73.959045000,40.783427000,2.832559986,5.237061643,19.500000000,1,-73.983700000,40.749362000
142895,2014-04-25 12:11:32+00:00,-73.975868000,40.751795000,1.454053687,1.708956287,6.500000000,1,-73.977864000,40.762549000
159345,2014-04-25 12:23:00+00:00,-73.966390000,40.758130000,2.245887259,2.421568652,22.000000000,1,-73.990752000,40.751115000
77620,2014-04-25 13:27:34+00:00,-73.944698000,40.779327000,4.048611753,4.796395611,27.330000000,1,-73.870285000,40.773595000
112098,2014-04-25 15:39:00+00:00,-73.961860000,40.776692000,2.603884054,4.486607773,14.500000000,6,-73.978262000,40.757267000
5549,2014-04-25 16:49:00+00:00,-73.986507000,40.750127000,0.558066345,1.513369993,15.000000000,1,-74.002207000,40.755562000
77866,2014-04-25 19:04:20+00:00,-73.980768000,40.753044000,1.038794077,1.842788957,4.000000000,2,-73.985403000,40.747422000
55007,2014-04-25 19:36:00+00:00,-73.971630000,40.766262000,1.792997509,3.319085462,6.000000000,1,-73.959025000,40.763712000
32865,2014-04-25 21:16:00+00:00,-73.985867000,40.774592000,0.580706347,4.229792536,6.000000000,1,-73.972513000,40.764865000
37490,2014-04-25 22:34:00+00:00,-73.981370000,40.781142000,0.951761650,4.961290733,8.500000000,1,-73.984068000,40.760217000
166558,2014-04-25 22:46:00+00:00,-73.981735000,40.768380000,0.937407305,3.544252194,4.500000000,1,-73.991182000,40.770277000
70515,2014-04-25 22:51:00+00:00,-73.993877000,40.697935000,0.002270860,-4.287452417,13.000000000,3,-74.001600000,40.729542000
183224,2014-04-26 00:04:00+00:00,-73.998312000,40.733310000,-0.417212606,-0.364876796,12.000000000,2,-73.982017000,40.768862000
34201,2014-04-26 00:22:05+00:00,-73.996625000,40.720950000,-0.259081177,-1.735293981,18.500000000,1,-73.954237000,40.673325000
58016,2014-04-26 00:32:32+00:00,-73.985664000,40.751960000,0.626880980,1.717668505,3.500000000,1,-73.989941000,40.756304000
23348,2014-04-26 00:54:00+00:00,-73.982395000,40.742780000,0.914658271,0.701816746,7.000000000,5,-73.967967000,40.759435000
4964,2014-04-26 01:23:27+00:00,-73.990356000,40.757370000,0.223882440,2.313650831,21.500000000,1,-73.991518000,40.698301000
87910,2014-04-26 02:03:00+00:00,-73.988067000,40.723715000,0.460166592,-1.420066799,7.500000000,1,-73.996087000,40.737220000
54717,2014-04-26 07:42:21+00:00,-73.962416000,40.805032000,2.519741622,7.632023644,10.000000000,1,-73.987187000,40.770234000
44209,2014-04-26 09:31:27+00:00,-73.982921000,40.781978000,0.819810443,5.052574540,11.000000000,1,-73.968292000,40.759665000
176505,2014-04-26 10:32:25+00:00,-73.997987000,40.745188000,-0.404819494,0.953977556,4.500000000,1,-73.993684000,40.751955000
101482,2014-04-26 12:54:00+00:00,-73.952133000,40.772870000,3.429782782,4.072095632,9.000000000,1,-73.951682000,40.793565000
33997,2014-04-26 13:21:00+00:00,-73.978620000,40.750605000,1.223272024,1.574150185,9.500000000,1,-73.986210000,40.752550000
123821,2014-04-26 13:48:50+00:00,-73.987563000,40.775299000,0.436676183,4.306621750,11.500000000,1,-73.956432000,40.778215000
79450,2014-04-26 15:14:16+00:00,-73.982716000,40.742439000,0.887995051,0.663649169,5.500000000,1,-73.982716000,40.742439000
51065,2014-04-26 15:20:00+00:00,-73.992220000,40.728972000,0.102732697,-0.840537622,13.000000000,6,-73.971402000,40.760852000
73121,2014-04-26 17:51:00+00:00,-73.984037000,40.761642000,0.751785902,2.794030899,11.000000000,5,-73.990340000,40.751545000
47414,2014-04-26 18:04:00+00:00,-73.984198000,40.780347000,0.714154003,4.870271989,5.000000000,1,-73.989715000,40.774850000
90411,2014-04-26 20:51:00+00:00,-73.964675000,40.769605000,2.375620070,3.697087848,5.500000000,1,-73.955462000,40.776017000
142882,2014-04-26 21:44:40+00:00,-73.999310000,40.733973000,-0.502324138,-0.292240244,11.500000000,2,-73.985122000,40.762652000
64509,2014-04-26 22:09:00+00:00,-73.987770000,40.735450000,0.470231464,-0.117112027,11.500000000,1,-74.007685000,40.708987000
34920,2014-04-26 22:09:49+00:00,-73.995708000,40.744148000,-0.211090526,0.840729145,12.000000000,1,-74.011451000,40.707903000
17811,2014-04-26 22:57:00+00:00,-73.988595000,40.743052000,0.390846728,0.725960707,23.500000000,2,-73.979530000,40.674442000
54028,2014-04-26 23:07:07+00:00,-74.005960000,40.740008000,-1.071440364,0.371307394,11.000000000,2,-73.985783000,40.772787000
2092,2014-04-26 23:31:00+00:00,-73.987913000,40.737197000,0.455920986,0.076677991,15.500000000,1,-73.973572000,40.782947000
100378,2014-04-26 23:36:00+00:00,-73.958347000,40.800807000,2.868538015,7.167083346,4.000000000,5,-73.965090000,40.801177000
17584,2014-04-26 23:41:30+00:00,-73.972950000,40.791072000,1.649341639,6.071885700,17.500000000,1,-73.934436000,40.854460000
111832,2014-04-27 02:01:52+00:00,-74.012358000,40.706793000,-1.570174000,-3.321875394,14.000000000,2,-73.998548000,40.752041000
62139,2014-04-27 02:49:41+00:00,-73.981602000,40.769068000,0.947745594,3.620755739,4.500000000,1,-73.978642000,40.763349000
161475,2014-04-27 04:02:00+00:00,-73.989282000,40.758687000,0.312856116,2.460891200,6.000000000,1,-73.975837000,40.756585000
189541,2014-04-27 04:22:37+00:00,-73.975648000,40.759095000,1.463166614,2.519527209,57.330000000,1,-73.787433000,40.646150000
152350,2014-04-27 08:39:00+00:00,-73.962780000,40.761062000,2.546761126,2.750638397,6.500000000,1,-73.956267000,40.775635000
94,2014-04-27 13:02:13+00:00,-73.950582000,40.786452000,3.542635506,5.581371006,4.000000000,1,-73.957500000,40.776686000
195204,2014-04-27 15:28:00+00:00,-73.966790000,40.760417000,2.209133867,2.675045264,32.500000000,5,-73.815922000,40.746057000
16978,2014-04-27 16:12:00+00:00,-73.986390000,40.766602000,0.546818449,3.342331309,41.830000000,5,-73.861555000,40.768162000
7201,2014-04-27 16:42:00+00:00,-73.944175000,40.775800000,4.097457090,4.405401505,7.000000000,1,-73.951712000,40.784922000
2646,2014-04-27 17:38:45+00:00,-73.879918000,40.770143000,9.528003583,3.844682399,57.330000000,1,-73.943579000,40.783569000
86982,2014-04-27 18:22:00+00:00,-73.885325000,40.773085000,9.067527812,4.165456377,29.330000000,1,-73.950032000,40.772900000
81948,2014-04-27 18:56:00+00:00,-73.997662000,40.744942000,-0.377069033,0.926983090,4.000000000,6,-73.997813000,40.741240000
195273,2014-04-27 19:32:05+00:00,-73.972317000,40.762663000,1.739694226,2.918889687,5.000000000,2,-73.983967000,40.763985000
149444,2014-04-27 21:06:00+00:00,-73.980557000,40.779967000,1.021879480,4.831653525,6.000000000,1,-73.973377000,40.789832000
90498,2014-04-27 21:54:00+00:00,-73.976110000,40.744962000,1.442473165,0.950205128,9.500000000,1,-73.982347000,40.763347000
81436,2014-04-27 23:09:00+00:00,-73.971550000,40.757637000,1.810971696,2.361724367,15.500000000,1,-73.948205000,40.813910000
156452,2014-04-28 03:38:16+00:00,-73.962176000,40.800130000,2.546427437,7.088100234,8.500000000,1,-73.944522000,40.808948000
99931,2014-04-28 04:46:00+00:00,-73.960587000,40.772762000,2.716477740,4.051619035,11.500000000,1,-73.998910000,40.742302000
143589,2014-04-28 08:33:00+00:00,-73.983710000,40.743587000,0.802596118,0.790113246,9.000000000,4,-73.998128000,40.722815000
93718,2014-04-28 09:21:00+00:00,-73.986065000,40.743462000,0.603927047,0.773937952,19.000000000,1,-74.011237000,40.702272000
61407,2014-04-28 09:55:00+00:00,-73.977597000,40.752425000,1.307279811,1.777189097,6.000000000,2,-73.984888000,40.742827000
135094,2014-04-28 09:55:00+00:00,-73.939918000,40.751107000,4.489814957,1.668619610,26.500000000,1,-73.887145000,40.768397000
108098,2014-04-28 10:29:07+00:00,-74.001960000,40.741205000,-0.735218871,0.508014877,4.000000000,1,-73.995178000,40.739670000
112247,2014-04-28 11:36:00+00:00,-73.966900000,40.792635000,2.157727343,6.251387187,7.000000000,2,-73.952910000,40.791795000
194073,2014-04-28 12:07:00+00:00,-73.985665000,40.727130000,0.658645371,-1.038638075,3.500000000,2,-73.983382000,40.731732000
187384,2014-04-28 12:45:15+00:00,-73.976213000,40.755283000,1.420412429,2.095810231,18.500000000,1,-73.949940000,40.761732000
73307,2014-04-28 12:58:00+00:00,-73.987518000,40.738812000,0.487205803,0.256338938,10.500000000,4,-74.006560000,40.717242000
18835,2014-04-28 13:14:00+00:00,-73.869432000,40.771210000,10.411447824,3.974480199,31.500000000,1,-73.960963000,40.769110000
173435,2014-04-28 14:02:17+00:00,-73.982571000,40.750931000,0.889310110,1.606464384,20.000000000,1,-74.014605000,40.709819000
148465,2014-04-28 14:38:00+00:00,-73.956843000,40.780035000,3.022839328,4.862730029,8.000000000,5,-73.966317000,40.789850000
96996,2014-04-28 14:53:20+00:00,-74.005300000,40.708913000,-0.976614106,-3.079814388,19.500000000,1,-73.969483000,40.764343000
69614,2014-04-28 15:38:55+00:00,-73.998705000,40.739901000,-0.458743030,0.366391464,6.500000000,1,-73.986879000,40.739637000
42470,2014-04-28 15:43:00+00:00,-73.969337000,40.761400000,1.992866556,2.781637372,6.500000000,1,-73.956725000,40.775137000
146271,2014-04-28 16:35:32+00:00,-73.989231000,40.753069000,0.324344121,1.837301441,9.000000000,1,-73.992988000,40.768107000
53031,2014-04-28 16:56:00+00:00,-73.970317000,40.763900000,1.906891799,3.058185176,10.000000000,5,-73.972603000,40.780767000
19046,2014-04-28 17:24:00+00:00,-73.982212000,40.776515000,0.886672696,4.446832738,8.500000000,1,-73.971897000,40.763815000
10240,2014-04-28 18:26:13+00:00,-73.994071000,40.751177000,-0.081824798,1.622581224,60.500000000,1,-73.840279000,40.916956000
158470,2014-04-28 19:08:00+00:00,-73.983483000,40.734197000,0.833831480,-0.252021231,5.000000000,2,-73.990520000,40.731015000
115793,2014-04-28 19:23:00+00:00,-73.862740000,40.768972000,10.979434020,3.733343598,34.330000000,1,-73.990728000,40.756117000
193686,2014-04-28 19:33:06+00:00,-74.010045000,40.720634000,-1.392100802,-1.783235512,4.500000000,1,-74.008967000,40.714162000
165929,2014-04-28 20:32:17+00:00,-73.987198000,40.739062000,0.513904705,0.284402378,12.000000000,2,-73.967353000,40.771742000
123862,2014-04-28 20:43:03+00:00,-73.996428000,40.722174000,-0.243995872,-1.599231683,10.500000000,1,-74.014550000,40.714137000
169603,2014-04-28 22:10:34+00:00,-73.988459000,40.758207000,0.382939343,2.408408122,5.000000000,1,-73.985721000,40.760226000
8526,2014-04-29 02:07:00+00:00,-73.963653000,40.761500000,2.472499923,2.798389051,36.000000000,1,-73.768242000,40.723492000
14653,2014-04-29 03:17:46+00:00,-73.999743000,40.733379000,-0.538135721,-0.358594995,20.000000000,1,-73.969996000,40.801307000
129504,2014-04-29 06:42:49+00:00,-74.008721000,40.719109000,-1.278368190,-1.951259170,4.000000000,1,-74.004836000,40.725562000
160464,2014-04-29 07:49:50+00:00,-73.983359000,40.766840000,0.802327134,3.371710953,11.500000000,2,-73.970480000,40.793796000
24015,2014-04-29 09:46:17+00:00,-73.962636000,40.767135000,2.550945094,3.424931545,16.000000000,1,-73.989525000,40.738478000
73559,2014-04-29 11:45:33+00:00,-73.983252000,40.767954000,0.809924732,3.495478075,7.000000000,1,-73.978211000,40.757569000
99860,2014-04-29 12:08:00+00:00,-73.971425000,40.760542000,1.817743053,2.684324857,6.000000000,1,-73.983713000,40.752496000
99525,2014-04-29 12:08:44+00:00,-73.969646000,40.753613000,1.976934754,1.916915730,9.500000000,1,-73.985103000,40.747810000
46391,2014-04-29 13:02:00+00:00,-73.972385000,40.754915000,1.744026987,2.058736352,32.830000000,1,-73.870300000,40.773342000
196883,2014-04-29 16:54:00+00:00,-73.973842000,40.755937000,1.619708722,2.170746753,7.500000000,1,-73.978150000,40.755072000
21642,2014-04-29 17:03:32+00:00,-73.970363000,40.788932000,1.870392308,5.836887872,19.000000000,1,-73.981800000,40.746459000
125383,2014-04-29 17:49:52+00:00,-73.971447000,40.786202000,1.782488134,5.532762669,8.500000000,2,-73.961560000,40.772647000
110943,2014-04-29 18:03:00+00:00,-73.974570000,40.742032000,1.576290252,0.626471821,19.000000000,1,-74.000707000,40.752432000
35583,2014-04-29 18:26:46+00:00,-73.982281000,40.772469000,0.886060733,3.997627852,13.500000000,1,-73.985208000,40.758255000
45890,2014-04-29 18:36:28+00:00,-73.987348000,40.721105000,0.524229873,-1.709094398,12.500000000,1,-73.958228000,40.717355000
122719,2014-04-29 20:31:00+00:00,-73.956605000,40.766895000,3.060271735,3.404325663,4.000000000,1,-73.952312000,40.768652000
19361,2014-04-29 21:16:00+00:00,-73.970865000,40.757422000,1.869073051,2.338535652,18.000000000,1,-74.005907000,40.709047000
135041,2014-04-29 22:18:04+00:00,-73.985481000,40.763077000,0.628062158,2.951916439,15.000000000,1,-73.943398000,40.801110000
26756,2014-04-29 22:20:00+00:00,-74.007547000,40.725962000,-1.187810280,-1.189410769,16.500000000,5,-73.989188000,40.778215000
166998,2014-04-29 22:32:00+00:00,-73.990252000,40.719330000,0.281232246,-1.908955440,17.000000000,1,-73.991300000,40.696042000
119647,2014-04-29 22:49:24+00:00,-73.977789000,40.762911000,1.277512054,2.941024430,13.500000000,2,-74.002222000,40.726523000
79926,2014-04-29 22:53:00+00:00,-74.002867000,40.730995000,-0.798925233,-0.626236057,7.500000000,1,-73.979648000,40.727287000
176695,2014-04-30 00:24:37+00:00,-73.978967000,40.763595000,1.177200361,3.015795910,22.000000000,2,-73.950617000,40.805690000
172115,2014-04-30 00:39:04+00:00,-74.014127000,40.714089000,-1.728700628,-2.513651476,5.000000000,1,-74.003715000,40.716034000
11192,2014-04-30 01:19:47+00:00,-73.957983000,40.800926000,2.899086700,7.180658215,7.000000000,1,-73.942059000,40.795495000
181866,2014-04-30 04:04:46+00:00,-73.966333000,40.764852000,2.241908196,3.167818296,4.000000000,2,-73.972372000,40.756754000
81064,2014-04-30 07:22:00+00:00,-73.966210000,40.789560000,2.219964422,5.910723225,11.000000000,3,-73.968018000,40.759540000
181640,2014-04-30 08:15:30+00:00,-73.959858000,40.774400000,2.775843360,4.234179081,33.500000000,1,-74.013757000,40.715064000
68657,2014-04-30 08:28:43+00:00,-73.974117000,40.755561000,1.596983081,2.128736546,6.500000000,1,-73.980870000,40.760705000
75314,2014-04-30 08:44:00+00:00,-73.979208000,40.682888000,1.261004424,-5.943466663,19.000000000,1,-74.007860000,40.724698000
141030,2014-04-30 08:51:45+00:00,-73.976230000,40.755458000,1.418750764,2.115219788,6.000000000,1,-73.973109000,40.762000000
135753,2014-04-30 10:30:00+00:00,-73.955955000,40.784557000,3.091795665,5.365599865,13.000000000,1,-73.963717000,40.765570000
82228,2014-04-30 14:25:35+00:00,-74.011500000,40.702871000,-1.492795421,-3.756426805,44.330000000,1,-73.865542000,40.770912000
65397,2014-04-30 18:02:25+00:00,-73.963058000,40.769055000,2.512809655,3.637645336,18.000000000,1,-73.993272000,40.757465000
92798,2014-04-30 18:04:07+00:00,-73.989219000,40.748155000,0.331639513,1.291823428,11.000000000,1,-73.975862000,40.761702000
50336,2014-04-30 18:52:19+00:00,-73.955888000,40.776180000,3.108518618,4.435753235,10.500000000,1,-73.971378000,40.760747000
36879,2014-04-30 20:51:59+00:00,-74.006394000,40.733553000,-1.099974345,-0.345657097,18.500000000,1,-73.954474000,40.773864000
199227,2014-04-30 21:02:00+00:00,-73.963342000,40.762020000,2.498068213,2.856423092,14.000000000,1,-73.954757000,40.754232000
120865,2014-04-30 21:11:38+00:00,-73.987685000,40.744230000,0.466169252,0.857612782,8.500000000,1,-73.981621000,40.730043000
24250,2014-04-30 22:00:00+00:00,-73.862807000,40.768808000,10.974015409,3.715064938,30.830000000,2,-73.956422000,40.801577000
100262,2014-05-01 00:09:00+00:00,-73.994100000,40.721037000,-0.045937399,-1.723196751,17.500000000,2,-73.956987000,40.766352000
17414,2014-05-01 00:19:00+00:00,-73.992717000,40.758192000,0.023540328,2.402608573,7.500000000,1,-74.003962000,40.734137000
168768,2014-05-01 03:40:00+00:00,-73.892505000,40.766082000,8.471409469,3.380391753,20.000000000,1,-73.892505000,40.766082000
62127,2014-05-01 07:10:16+00:00,-73.946379000,40.772626000,3.915697875,4.050826012,5.000000000,1,-73.956094000,40.779794000
35978,2014-05-01 07:33:00+00:00,-73.899778000,40.768487000,7.854216629,3.639642894,4.000000000,1,-73.893870000,40.773055000
31566,2014-05-01 08:42:00+00:00,-73.972942000,40.793105000,1.647373360,6.297573113,23.000000000,1,-74.014400000,40.711095000
27715,2014-05-01 09:58:31+00:00,-73.994906000,40.726030000,-0.120353763,-1.169719593,5.500000000,1,-73.996741000,40.731959000
193721,2014-05-01 13:19:00+00:00,-73.976013000,40.756895000,1.435207139,2.274951189,11.500000000,1,-73.952342000,40.784667000
132407,2014-05-01 14:38:00+00:00,-73.974030000,40.778600000,1.574419641,4.686327580,12.500000000,5,-73.956030000,40.787352000
91072,2014-05-01 15:15:00+00:00,-74.010310000,40.711920000,-1.403581644,-2.750798516,26.000000000,2,-73.963610000,40.774190000
185261,2014-05-01 15:17:26+00:00,-74.002767000,40.760624000,-0.827849008,2.662889279,34.500000000,1,-73.975979000,40.659154000
177916,2014-05-01 17:54:18+00:00,-73.985397000,40.744204000,0.659373376,0.856956947,24.000000000,2,-74.008136000,40.706039000
28486,2014-05-01 19:49:16+00:00,-73.973681000,40.751537000,1.639011338,1.682473128,14.500000000,1,-73.963539000,40.791714000
61130,2014-05-01 20:02:00+00:00,-73.977730000,40.764707000,1.280169040,3.140452037,9.000000000,1,-73.984127000,40.740272000
199938,2014-05-01 20:51:19+00:00,-74.007409000,40.704986000,-1.149840545,-3.517751611,13.500000000,1,-74.007318000,40.741971000
76251,2014-05-01 21:15:00+00:00,-73.957640000,40.769852000,2.969018558,3.731537259,5.500000000,1,-73.967052000,40.766717000
95379,2014-05-01 22:13:00+00:00,-74.002685000,40.744825000,-0.800997416,0.909164686,12.500000000,1,-73.985237000,40.720475000
68662,2014-05-01 22:28:17+00:00,-73.988273000,40.764516000,0.390564441,3.108935230,20.500000000,1,-73.946011000,40.766141000
30107,2014-05-01 23:17:00+00:00,-73.993835000,40.747442000,-0.057148783,1.208197663,16.000000000,1,-73.963333000,40.797762000
146974,2014-05-01 23:55:00+00:00,-73.987422000,40.718477000,0.521343723,-2.000892056,21.500000000,6,-73.982092000,40.782900000
141420,2014-05-02 00:07:00+00:00,-74.004867000,40.740857000,-0.980223432,0.466597920,15.500000000,6,-74.008890000,40.704245000
137137,2014-05-02 00:47:08+00:00,-73.984263000,40.755058000,0.741170254,2.062937127,11.000000000,1,-73.991692000,40.727128000
177892,2014-05-02 02:39:55+00:00,-73.976095000,40.763409000,1.419847628,2.997973322,24.000000000,1,-73.925765000,40.693750000
83079,2014-05-02 05:06:49+00:00,-73.992439000,40.758811000,0.046217357,2.471591549,24.000000000,1,-73.885583000,40.749659000
111227,2014-05-02 08:06:52+00:00,-73.993745000,40.735519000,-0.034378577,-0.115252491,11.000000000,1,-73.975356000,40.764245000
116522,2014-05-02 08:09:32+00:00,-73.967746000,40.802472000,2.073497363,7.342534789,5.500000000,1,-73.957806000,40.802016000
147518,2014-05-02 08:56:24+00:00,-73.966203000,40.768668000,2.247889027,3.591552883,7.500000000,1,-73.974322000,40.756410000
129293,2014-05-02 09:43:31+00:00,-73.995471000,40.724788000,-0.166491225,-1.308135997,9.000000000,1,-74.002248000,40.740098000
88270,2014-05-02 09:47:34+00:00,-73.992252000,40.744092000,0.080763513,0.837856931,8.500000000,1,-74.005412000,40.727436000
93190,2014-05-02 09:49:00+00:00,-74.001097000,40.736807000,-0.656799149,0.020634963,9.500000000,1,-74.007272000,40.751562000
52233,2014-05-02 10:46:53+00:00,-73.978111000,40.761576000,1.252059835,2.792512791,10.000000000,1,-73.958651000,40.775752000
166453,2014-05-02 12:20:48+00:00,-73.967592000,40.763100000,2.137934811,2.972081813,7.000000000,1,-73.956550000,40.767900000
103045,2014-05-02 12:36:00+00:00,-73.997865000,40.740982000,-0.389189047,0.487199385,12.000000000,2,-73.981492000,40.759017000
63548,2014-05-02 13:54:31+00:00,-73.966575000,40.773288000,2.210451976,4.104038840,7.000000000,1,-73.969585000,40.761398000
175888,2014-05-02 14:34:01+00:00,-73.964335000,40.767288000,2.407350889,3.440221641,5.000000000,1,-73.962685000,40.766950000
106662,2014-05-02 15:49:00+00:00,-73.982625000,40.746240000,0.890787646,1.085676496,13.500000000,1,-73.961525000,40.776165000
177697,2014-05-02 15:52:34+00:00,-73.964307000,40.770291000,2.405778704,3.773605749,7.500000000,1,-73.981509000,40.773478000
122371,2014-05-02 17:59:00+00:00,-74.012417000,40.703305000,-1.570805153,-3.709121370,20.500000000,5,-73.962462000,40.758727000
132946,2014-05-02 18:29:00+00:00,-73.984655000,40.736860000,0.731448353,0.042445220,6.500000000,2,-73.977852000,40.725385000
169767,2014-05-02 19:58:00+00:00,-73.986962000,40.750625000,0.519017003,1.568208147,8.000000000,1,-74.005467000,40.740907000
21997,2014-05-02 20:49:00+00:00,-73.976387000,40.756292000,1.404417928,2.207645382,10.500000000,5,-73.951642000,40.778685000
58371,2014-05-02 21:10:00+00:00,-73.953890000,40.781842000,3.269628688,5.066289229,13.500000000,1,-73.984910000,40.735557000
73128,2014-05-02 22:12:30+00:00,-73.983981000,40.746502000,0.775970340,1.113434313,5.500000000,2,-73.978435000,40.757452000
108160,2014-05-02 22:14:00+00:00,-74.006832000,40.739397000,-1.144298620,0.302648784,6.500000000,1,-74.004162000,40.742132000
191550,2014-05-02 22:22:00+00:00,-73.955455000,40.788187000,3.129184694,5.769061624,7.000000000,2,-73.947147000,40.780062000
96443,2014-05-02 23:06:00+00:00,-73.989607000,40.740065000,0.309220928,0.393398528,33.000000000,5,-73.930135000,40.858855000
86593,2014-05-03 00:23:00+00:00,-73.992710000,40.758540000,0.023687759,2.441245926,4.500000000,1,-73.997657000,40.751537000
30949,2014-05-03 00:55:00+00:00,-73.994625000,40.725992000,-0.096574800,-1.173666180,11.000000000,2,-73.972095000,40.756877000
181969,2014-05-03 01:18:48+00:00,-74.005260000,40.740355000,-1.012773724,0.410496323,5.500000000,1,-73.994954000,40.734113000
196008,2014-05-03 01:25:10+00:00,-73.983792000,40.759769000,0.774873241,2.586353361,10.000000000,1,-73.975566000,40.788748000
186018,2014-05-03 02:03:00+00:00,-73.989870000,40.733102000,0.295908730,-0.379798739,5.000000000,2,-73.986872000,40.729702000
24382,2014-05-03 04:23:00+00:00,-73.999567000,40.760717000,-0.557864368,2.676287574,16.000000000,1,-73.957685000,40.801205000
144273,2014-05-03 04:28:00+00:00,-73.987485000,40.728870000,0.502720125,-0.847260084,18.000000000,1,-73.993207000,40.665247000
158980,2014-05-03 09:17:16+00:00,-73.954761000,40.767320000,3.215341840,3.453356461,10.000000000,2,-73.973867000,40.755179000
180562,2014-05-03 10:57:20+00:00,-73.862793000,40.768792000,10.975219993,3.713304122,26.500000000,2,-73.972064000,40.757170000
29215,2014-05-03 11:20:30+00:00,-73.971320000,40.787826000,1.791089145,5.713165395,5.000000000,4,-73.975434000,40.792339000
21261,2014-05-03 11:24:00+00:00,-73.978945000,40.782262000,1.154938444,5.087998829,3.500000000,1,-73.975280000,40.787322000
176304,2014-05-03 13:48:38+00:00,-73.952665000,40.778435000,3.377510600,4.689318547,3.000000000,1,-73.947180000,40.776033000
184458,2014-05-03 14:57:42+00:00,-73.971982000,40.754221000,1.778948422,1.982095635,9.500000000,1,-73.949530000,40.784715000
52764,2014-05-03 15:20:37+00:00,-73.981708000,40.774515000,0.931780967,4.225310814,9.000000000,1,0.000000000,0.000000000
102582,2014-05-03 16:39:18+00:00,-73.982940000,40.761842000,0.844121683,2.817305078,6.000000000,1,-73.991167000,40.749965000
144599,2014-05-03 16:47:13+00:00,-73.976990000,40.764166000,1.343326671,3.081124905,6.500000000,2,-73.977573000,40.753460000
174343,2014-05-03 17:49:00+00:00,-73.993397000,40.692962000,0.049148679,-4.839021775,4.500000000,1,-73.998055000,40.686960000
38594,2014-05-03 18:09:00+00:00,-73.991268000,40.739422000,0.169797864,0.320408110,10.000000000,1,-74.002630000,40.749907000
97246,2014-05-03 19:26:19+00:00,-73.948942000,40.777699000,3.692653612,4.611374551,27.000000000,1,-74.008631000,40.718741000
28714,2014-05-03 20:42:00+00:00,-73.967200000,40.769392000,2.162799145,3.670931435,8.000000000,1,-73.967200000,40.769392000
87259,2014-05-03 21:53:00+00:00,-73.978380000,40.758637000,1.233153114,2.465997372,8.500000000,1,-73.981150000,40.742080000
19491,2014-05-03 22:35:00+00:00,-73.973348000,40.792907000,1.613378108,6.275192396,7.000000000,1,-73.963514000,40.805403000
66955,2014-05-03 22:54:44+00:00,-74.015692000,40.710657000,-1.856620165,-2.896108096,23.500000000,1,-73.950507000,40.771097000
131882,2014-05-03 22:59:20+00:00,-73.982475000,40.770486000,0.872241882,3.777309695,7.500000000,1,-73.971099000,40.792402000
105103,2014-05-03 23:32:28+00:00,-74.000936000,40.737136000,-0.643620397,0.057310944,6.000000000,4,-73.999595000,40.728427000
154682,2014-05-04 00:56:00+00:00,-73.978052000,40.763277000,1.254840544,2.981394614,19.500000000,1,-73.949613000,40.825200000
10426,2014-05-04 01:28:55+00:00,-74.005373000,40.706228000,-0.979405745,-3.377936328,15.000000000,1,-73.951598000,40.714265000
98313,2014-05-04 01:41:07+00:00,-73.984266000,40.725099000,0.779398093,-1.262727196,5.000000000,2,-73.988216000,40.718854000
82258,2014-05-04 01:44:00+00:00,-73.990500000,40.761387000,0.206597221,2.759427787,12.500000000,1,-73.949977000,40.784315000
45849,2014-05-04 01:53:00+00:00,-73.977252000,40.784752000,1.294570002,5.366073019,7.500000000,1,-73.956740000,40.800087000
91517,2014-05-04 01:56:00+00:00,-73.986875000,40.720867000,0.564482842,-1.735053231,5.000000000,1,-73.982268000,40.724697000
34925,2014-05-04 02:48:00+00:00,-74.003482000,40.750712000,-0.875705388,1.561899454,8.500000000,1,-73.987103000,40.747920000
13149,2014-05-04 08:46:28+00:00,-73.977649000,40.784192000,1.261797157,5.303518013,10.500000000,2,-73.958117000,40.820505000
36452,2014-05-04 09:45:15+00:00,-73.997768000,40.722874000,-0.358053269,-1.522819475,12.000000000,1,-73.981814000,40.746747000
178837,2014-05-04 10:05:00+00:00,-73.980983000,40.782287000,0.982940418,5.088774081,3.000000000,5,-73.981380000,40.780735000
135994,2014-05-04 11:51:00+00:00,-73.958527000,40.781685000,2.878564170,5.044204565,5.000000000,5,-73.963760000,40.777037000
18077,2014-05-04 11:58:07+00:00,-73.989645000,40.756750000,0.284691183,2.245517023,8.000000000,2,-73.997652000,40.765308000
95695,2014-05-04 12:56:00+00:00,-73.955422000,40.772712000,3.152427427,4.051246087,9.500000000,1,-73.960887000,40.759180000
127313,2014-05-04 12:58:00+00:00,-74.005505000,40.736987000,-1.029224260,0.036390519,10.000000000,1,-73.984060000,40.764817000
82319,2014-05-04 13:24:27+00:00,-73.991648000,40.742797000,0.133409381,0.694688355,6.500000000,1,-73.980002000,40.735170000
98699,2014-05-04 13:37:10+00:00,-73.959635000,40.814001000,2.742505055,8.630439091,9.000000000,1,-73.940563000,40.816489000
165654,2014-05-04 13:45:00+00:00,-74.015030000,40.709730000,-1.799547027,-2.998384151,19.000000000,1,-74.002830000,40.760520000
10456,2014-05-04 14:56:00+00:00,-73.982003000,40.768237000,0.914973037,3.528115618,7.500000000,2,-73.973384000,40.783736000
60553,2014-05-04 14:58:05+00:00,-73.987838000,40.722617000,0.480911383,-1.541729321,10.000000000,1,-73.989836000,40.741683000
116876,2014-05-04 15:28:00+00:00,-73.989732000,40.725672000,0.317051784,-1.204445637,14.000000000,5,-73.984837000,40.758132000
99102,2014-05-04 16:02:00+00:00,-73.951532000,40.775232000,3.477368317,4.334902297,16.500000000,6,-73.988122000,40.750127000
182795,2014-05-04 17:04:30+00:00,-73.965794000,40.758805000,2.295312671,2.497091486,5.500000000,1,-73.978138000,40.753397000
7125,2014-05-04 17:22:00+00:00,-73.931962000,40.795632000,5.101277612,6.619393372,57.330000000,1,-73.794442000,40.644615000
92892,2014-05-04 17:31:32+00:00,-73.976350000,40.788372000,1.365987205,5.768809890,4.500000000,1,-73.976512000,40.781593000
178821,2014-05-04 18:11:00+00:00,-74.004057000,40.725597000,-0.892617396,-1.226591153,6.000000000,1,-73.992017000,40.725452000
22092,2014-05-04 18:11:50+00:00,-73.966646000,40.764318000,2.216188594,3.108229031,13.500000000,1,-74.002334000,40.739575000
68082,2014-05-04 19:40:59+00:00,-73.987048000,40.725116000,0.544430914,-1.263554076,8.500000000,1,-74.006294000,40.730192000
30016,2014-05-04 19:43:26+00:00,-73.981838000,40.771498000,0.924697424,3.890273190,6.500000000,1,-73.975483000,40.789437000
157219,2014-05-04 20:18:00+00:00,-73.989827000,40.719160000,0.317344500,-1.927413768,8.500000000,1,-73.987622000,40.740772000
67581,2014-05-04 21:10:00+00:00,-73.993012000,40.719897000,0.047402999,-1.848691250,9.500000000,1,-73.962195000,40.715582000
110204,2014-05-04 21:10:00+00:00,-73.984190000,40.740240000,0.766369952,0.418103301,18.000000000,1,-73.948797000,40.752275000
45460,2014-05-04 22:08:06+00:00,-73.972992000,40.759610000,1.686687872,2.579316589,6.000000000,1,-73.960916000,40.768086000
199357,2014-05-04 22:13:07+00:00,-73.957760000,40.769486000,2.959373776,3.690788089,23.500000000,1,-73.983206000,40.695968000
25007,2014-05-04 23:15:00+00:00,-73.990317000,40.718982000,0.276186532,-1.947648880,7.000000000,1,-73.991475000,40.735210000
185595,2014-05-05 09:08:00+00:00,-73.993460000,40.738510000,-0.014120319,0.217045271,13.500000000,1,-74.014242000,40.714000000
138401,2014-05-05 10:16:08+00:00,-73.957187000,40.811986000,2.951629475,8.409210247,23.000000000,1,-73.871389000,40.836988000
1824,2014-05-05 10:46:02+00:00,-73.987955000,40.770245000,0.410068294,3.745207200,18.000000000,1,-73.960354000,40.812404000
144415,2014-05-05 11:28:36+00:00,-73.983563000,40.761668000,0.791760799,2.797380443,8.000000000,1,-73.980643000,40.753180000
66940,2014-05-05 11:42:53+00:00,-74.006399000,40.744630000,-1.114314107,0.883962198,5.000000000,1,-74.007436000,40.752490000
165756,2014-05-05 12:09:18+00:00,-73.951158000,40.779150000,3.503729162,4.770208769,9.500000000,1,-73.952628000,40.764435000
148274,2014-05-05 13:06:47+00:00,-73.962148000,40.772842000,2.584637111,4.058939950,12.000000000,1,-73.989184000,40.772586000
72848,2014-05-05 13:27:00+00:00,-73.971412000,40.794402000,1.774764429,6.443063676,4.500000000,1,-73.966293000,40.789460000
49392,2014-05-05 14:31:56+00:00,-73.961465000,40.774335000,2.640314527,4.225356794,9.000000000,1,-73.979677000,40.784180000
41445,2014-05-05 16:30:00+00:00,-73.993062000,40.762777000,-0.011421815,2.911243396,8.000000000,1,-73.981350000,40.779120000
61736,2014-05-05 17:26:00+00:00,-73.994785000,40.725787000,-0.109826420,-1.196577265,8.000000000,1,-73.992802000,40.742027000
12022,2014-05-05 17:42:19+00:00,-73.991066000,40.749738000,0.173690551,1.465753759,10.500000000,1,-73.985321000,40.755875000
110180,2014-05-05 17:44:00+00:00,-73.972937000,40.752652000,1.700370264,1.806981102,9.500000000,1,-73.955077000,40.779327000
100369,2014-05-05 19:19:00+00:00,-73.991252000,40.754792000,0.151539686,2.026604066,25.330000000,6,-73.943685000,40.718197000
9235,2014-05-05 19:22:00+00:00,-73.990490000,40.740330000,0.234328262,0.421957646,8.000000000,5,-74.001560000,40.726170000
100712,2014-05-05 19:44:12+00:00,-73.974460000,40.742082000,1.585512773,0.632130680,6.000000000,1,-73.969644000,40.754507000
153828,2014-05-05 21:02:00+00:00,-73.978637000,40.750600000,1.221843348,1.573578447,13.500000000,1,-74.009895000,40.720958000
90617,2014-05-05 22:14:38+00:00,-73.985282000,40.743587000,0.669874355,0.788577767,10.500000000,1,-73.985732000,40.766368000
18328,2014-05-05 23:25:48+00:00,-73.983428000,40.743732000,0.826218571,0.806484984,4.500000000,4,-73.985473000,40.738623000
73366,2014-05-06 01:53:55+00:00,-74.006364000,40.733605000,-1.097506438,-0.339856071,15.500000000,3,-73.956981000,40.712700000
190468,2014-05-06 10:12:00+00:00,-74.003820000,40.731997000,-0.880662822,-0.515920732,8.000000000,1,-74.014248000,40.713962000
179344,2014-05-06 10:25:00+00:00,-73.973735000,40.757647000,1.626520955,2.360675126,5.500000000,6,-73.979415000,40.760395000
199580,2014-05-06 10:35:49+00:00,-74.014487000,40.717122000,-1.762886245,-2.177310088,29.500000000,1,-73.981433000,40.752503000
166932,2014-05-06 11:00:01+00:00,-73.963843000,40.793086000,2.415044465,6.304494887,12.500000000,1,-73.960049000,40.773964000
21222,2014-05-06 11:35:33+00:00,-73.974318000,40.791389000,1.533513874,6.105724416,14.500000000,1,-73.983317000,40.761088000
198480,2014-05-06 12:58:00+00:00,-73.971562000,40.746622000,1.824287601,1.138966200,13.000000000,1,-73.962268000,40.773155000
111662,2014-05-06 14:02:00+00:00,-73.974802000,40.793012000,1.490573349,6.285413080,19.500000000,1,-73.982383000,40.751410000
127290,2014-05-06 14:34:09+00:00,-73.964701000,40.760091000,2.385887867,2.640935135,11.000000000,1,-73.983299000,40.743744000
137509,2014-05-06 15:21:43+00:00,-73.788797000,40.641669000,17.414867032,-10.314722050,57.330000000,1,-73.988850000,40.774057000
54203,2014-05-06 15:40:46+00:00,-73.975024000,40.792652000,1.472311193,6.245231210,14.500000000,1,-73.942679000,40.840020000
526,2014-05-06 15:56:00+00:00,-73.972570000,40.759172000,1.722877504,2.531112286,8.500000000,2,-73.955643000,40.766030000
111637,2014-05-06 17:03:00+00:00,-73.955007000,40.777452000,3.181181814,4.577840626,10.500000000,1,-73.964638000,40.760240000
12621,2014-05-06 17:43:17+00:00,-74.004530000,40.715927000,-0.920394801,-2.300478170,11.500000000,2,-73.985328000,40.721850000
52153,2014-05-06 18:43:00+00:00,-73.978595000,40.762567000,1.209926814,2.902045591,19.500000000,1,-73.989272000,40.714147000
48928,2014-05-06 20:05:00+00:00,-74.013062000,40.716152000,-1.641317942,-2.283634832,6.500000000,5,-74.009440000,40.737542000
2994,2014-05-06 20:18:00+00:00,-73.977968000,40.757471000,1.269437383,2.336967643,6.000000000,1,-73.968447000,40.762299000
118260,2014-05-06 21:23:57+00:00,-73.982276000,40.774035000,0.884465924,4.171470837,20.500000000,1,-73.929068000,40.850657000
100304,2014-05-06 22:31:00+00:00,-73.865862000,40.771125000,10.712856860,3.968933480,9.500000000,1,-73.904555000,40.771842000
119117,2014-05-06 22:59:00+00:00,-73.999167000,40.745720000,-0.505116169,1.011896731,8.000000000,5,-73.978475000,40.752972000
180024,2014-05-06 22:59:54+00:00,-73.985923000,40.740695000,0.619464371,0.466919752,10.500000000,1,-73.979715000,40.767556000
173178,2014-05-06 23:59:55+00:00,-73.996337000,40.732377000,-0.249256564,-0.466541590,5.000000000,1,-73.992687000,40.725433000
94831,2014-05-07 00:03:00+00:00,-73.961382000,40.771597000,2.650917395,3.921500303,5.000000000,1,-73.968890000,40.764155000
79098,2014-05-07 06:46:26+00:00,-73.926339000,40.831677000,5.526637552,10.626497749,3.500000000,1,-73.925779000,40.828308000
44489,2014-05-07 06:48:45+00:00,-73.983549000,40.738385000,0.822875716,0.212811653,8.500000000,1,-73.979118000,40.761777000
55971,2014-05-07 07:01:56+00:00,-74.003791000,40.722253000,-0.865942104,-1.597542692,52.000000000,2,-73.790680000,40.644293000
138187,2014-05-07 08:59:00+00:00,-73.988882000,40.692960000,0.430635243,-4.834863717,3.000000000,1,-73.989103000,40.693168000
159921,2014-05-07 11:08:40+00:00,-73.981233000,40.768595000,0.979497577,3.568610692,5.000000000,1,-73.969664000,40.767714000
192899,2014-05-07 13:06:00+00:00,-73.983577000,40.759130000,0.793842640,2.515629788,5.000000000,2,-73.989295000,40.752287000
147556,2014-05-07 13:20:00+00:00,-73.985210000,40.747700000,0.670674549,1.245220609,4.500000000,6,-73.986470000,40.740560000
158872,2014-05-07 14:45:57+00:00,-73.983202000,40.766320000,0.816246786,3.314140561,10.500000000,1,-73.978725000,40.756812000
185535,2014-05-07 17:20:43+00:00,-73.987344000,40.740318000,0.499968918,0.423685038,6.500000000,1,-73.978640000,40.751524000
36190,2014-05-07 18:05:00+00:00,-74.001862000,40.740685000,-0.726288223,0.450385309,12.000000000,1,-73.983480000,40.752752000
34020,2014-05-07 18:29:49+00:00,-73.782053000,40.647240000,17.976564016,-9.688430180,20.000000000,1,-73.783491000,40.646580000
191993,2014-05-07 19:20:00+00:00,-73.789125000,40.647177000,17.378713967,-9.703680516,12.000000000,2,-73.799382000,40.667310000
68286,2014-05-07 20:10:00+00:00,-73.987812000,40.749722000,0.448416323,1.467140673,15.000000000,1,-73.969845000,40.789832000
42945,2014-05-07 21:37:00+00:00,-73.997422000,40.729872000,-0.337701627,-0.745660564,8.000000000,1,-73.989350000,40.747862000
78336,2014-05-07 22:06:14+00:00,-73.954898000,40.767261000,3.203857238,3.446669259,13.000000000,1,-73.971628000,40.759154000
114382,2014-05-07 22:11:46+00:00,-73.983402000,40.763056000,0.803564965,2.951616299,13.500000000,1,-74.002005000,40.736183000
197642,2014-05-07 23:20:50+00:00,-74.007720000,40.732317000,-1.210392688,-0.484127892,17.500000000,2,-73.955075000,40.764112000
192305,2014-05-08 00:38:56+00:00,-73.985437000,40.726844000,0.678266671,-1.070163579,10.000000000,1,-74.005956000,40.742932000
56923,2014-05-08 01:23:00+00:00,-73.958795000,40.777852000,2.861001110,4.618442553,12.500000000,1,-73.989825000,40.740150000
44667,2014-05-08 01:51:35+00:00,-74.005494000,40.737041000,-1.028363361,0.042395414,8.500000000,1,-73.986710000,40.761636000
116192,2014-05-08 02:25:00+00:00,-73.980052000,40.726892000,1.132966871,-1.059566747,14.500000000,5,-73.993562000,40.758842000
95792,2014-05-08 06:44:00+00:00,-73.918218000,40.771527000,6.293767271,3.957753612,15.830000000,1,-73.934912000,40.803362000
184716,2014-05-08 06:54:00+00:00,-73.950218000,40.775737000,3.587584174,4.392287499,12.000000000,1,-73.977707000,40.758047000
193410,2014-05-08 07:37:05+00:00,-73.991938000,40.749348000,0.100572869,1.421615049,9.500000000,1,-73.999845000,40.720408000
105965,2014-05-08 07:41:46+00:00,-73.982047000,40.762324000,0.918875066,2.871684757,6.500000000,2,-73.979876000,40.772911000
82877,2014-05-08 08:21:34+00:00,-73.991291000,40.749175000,0.155414157,1.403038356,7.500000000,2,-73.977838000,40.738995000
76136,2014-05-08 09:17:00+00:00,-73.994885000,40.745192000,-0.142933481,0.957415909,6.000000000,1,-74.006480000,40.742417000
119108,2014-05-08 10:52:00+00:00,-73.980362000,40.778102000,1.040740721,4.624815171,8.000000000,3,-73.985782000,40.768182000
98536,2014-05-08 10:54:00+00:00,-73.954352000,40.780130000,3.232910647,4.875778655,17.000000000,1,-73.986615000,40.759352000
72247,2014-05-08 11:05:55+00:00,-73.988563000,40.758795000,0.373408345,2.473579291,14.000000000,1,-73.994203000,40.750964000
143042,2014-05-08 11:56:02+00:00,-73.977312000,40.749558000,1.335047370,1.459211407,8.000000000,1,-73.991725000,40.742962000
149765,2014-05-08 12:20:00+00:00,-73.994055000,40.728402000,-0.051502731,-0.905588488,15.500000000,1,-73.970017000,40.756807000
173594,2014-05-08 14:33:00+00:00,-73.985637000,40.741515000,0.642560141,0.558224573,11.500000000,1,-73.984357000,40.754972000
119744,2014-05-08 15:06:00+00:00,-73.962420000,40.779447000,2.553009831,4.791875440,16.000000000,1,-73.962507000,40.757267000
45426,2014-05-08 16:14:00+00:00,-73.972245000,40.781470000,1.721312610,5.006683609,17.000000000,2,-73.983007000,40.757097000
132815,2014-05-08 16:33:14+00:00,-73.964469000,40.773177000,2.388325073,4.093812819,5.500000000,1,-73.954860000,40.786100000
171606,2014-05-08 17:23:00+00:00,-73.978000000,40.786780000,1.228832954,5.590461468,10.000000000,1,-73.976962000,40.764590000
112703,2014-05-08 17:30:00+00:00,-73.981510000,40.773660000,0.949592041,4.130593179,15.000000000,1,-73.977388000,40.749622000
69358,2014-05-08 18:03:00+00:00,-73.979792000,40.754867000,1.118832182,2.046112728,15.000000000,6,-73.966212000,40.766027000
101416,2014-05-08 18:40:14+00:00,-73.982065000,40.745779000,0.938659279,1.035050328,9.500000000,2,-73.996095000,40.740359000
3789,2014-05-08 18:42:08+00:00,-73.990985000,40.730202000,0.205455722,-0.702801414,8.000000000,1,-73.977150000,40.714096000
196413,2014-05-08 18:58:00+00:00,-74.010192000,40.709295000,-1.390330713,-3.042078015,26.000000000,1,-73.947347000,40.787912000
5680,2014-05-08 20:16:49+00:00,-73.993213000,40.729312000,0.018444000,-0.803757299,5.500000000,1,-73.987803000,40.722673000
131251,2014-05-08 20:47:25+00:00,-73.985415000,40.760235000,0.637280725,2.636497574,4.000000000,1,-73.980650000,40.757280000
127788,2014-05-08 20:50:46+00:00,-73.984887000,40.768270000,0.671528501,3.528958589,8.500000000,1,-73.975063000,40.751770000
3114,2014-05-08 20:57:57+00:00,-73.982783000,40.761752000,0.857489170,2.807468017,7.500000000,1,-73.976173000,40.780660000
7438,2014-05-08 21:03:00+00:00,-74.005245000,40.728310000,-0.996357340,-0.926567132,9.500000000,3,-73.985247000,40.732385000
9050,2014-05-08 21:03:00+00:00,-73.952962000,40.782947000,3.346469275,5.189887485,16.000000000,2,-73.999990000,40.761307000
166121,2014-05-08 21:18:45+00:00,-73.988957000,40.763723000,0.333847768,3.020240799,17.000000000,1,-74.017197000,40.709295000
62934,2014-05-08 21:21:00+00:00,-73.991848000,40.727147000,0.136473065,-1.042764447,8.500000000,1,-73.990767000,40.745697000
97780,2014-05-08 22:49:00+00:00,-73.862670000,40.769052000,10.985226680,3.742300847,44.830000000,1,-73.989047000,40.758137000
6634,2014-05-08 22:53:26+00:00,-73.873196000,40.774065000,10.089717422,4.287321852,22.500000000,1,-73.947483000,40.770483000
81746,2014-05-08 23:28:40+00:00,-73.979963000,40.739157000,1.124664542,0.302021171,8.500000000,2,-73.965753000,40.754542000
137378,2014-05-08 23:36:56+00:00,-74.002077000,40.740330000,-0.743993158,0.410771435,9.000000000,2,-73.994082000,40.719997000
53989,2014-05-09 00:00:00+00:00,-73.992237000,40.742807000,0.083667618,0.695227332,6.000000000,2,-73.989420000,40.756437000
19494,2014-05-09 01:10:00+00:00,-73.993585000,40.755537000,-0.046347531,2.107043372,7.500000000,1,-73.980365000,40.746572000
25873,2014-05-09 01:18:00+00:00,-74.007632000,40.740170000,-1.212815706,0.387693270,6.500000000,1,-74.002087000,40.750917000
62289,2014-05-09 01:40:14+00:00,-73.982491000,40.768713000,0.873174269,3.580477469,7.000000000,2,-73.972173000,40.756936000
170730,2014-05-09 04:25:00+00:00,-74.001310000,40.736310000,-0.674156638,-0.034740104,6.000000000,1,-74.006742000,40.719800000
86454,2014-05-09 08:14:25+00:00,-73.970490000,40.796742000,1.849498493,6.703735697,10.500000000,2,-73.959589000,40.779760000
14500,2014-05-09 08:19:00+00:00,-73.964487000,40.767237000,2.394589108,3.434408823,24.500000000,1,-74.008187000,40.708107000
170258,2014-05-09 08:43:57+00:00,-73.968670000,40.758672000,2.052724710,2.479470303,6.000000000,1,-73.973171000,40.751032000
160805,2014-05-09 09:11:00+00:00,-73.993144000,40.736814000,0.014720426,0.029083375,7.500000000,1,-73.987302000,40.746928000
174369,2014-05-09 09:35:00+00:00,-73.976007000,40.776100000,1.410831542,4.406858553,9.000000000,2,-73.968838000,40.761195000
126540,2014-05-09 10:19:22+00:00,-74.011266000,40.710708000,-1.482819092,-2.886247744,14.500000000,3,-73.988094000,40.719946000
169448,2014-05-09 10:41:47+00:00,-73.948781000,40.770785000,3.715437183,3.844028650,11.500000000,1,-73.954440000,40.789649000
198473,2014-05-09 12:27:56+00:00,-73.988665000,40.722459000,0.411269001,-1.560073095,57.330000000,1,-73.782306000,40.648759000
187284,2014-05-09 13:20:00+00:00,-74.004575000,40.737747000,-0.951654583,0.121645771,10.500000000,1,-73.995612000,40.753352000
28475,2014-05-09 13:51:00+00:00,-73.962420000,40.794887000,2.532731661,6.505840232,6.500000000,1,-73.976957000,40.786057000
111401,2014-05-09 14:23:00+00:00,-73.997167000,40.736805000,-0.324958726,0.024196172,4.000000000,1,-74.004352000,40.740630000
144365,2014-05-09 14:40:39+00:00,-73.970983000,40.761610000,1.853660696,2.803318344,5.500000000,1,-73.962796000,40.772767000
168334,2014-05-09 14:42:00+00:00,-73.971610000,40.761482000,1.800904760,2.788488922,21.000000000,2,-74.011112000,40.701767000
21916,2014-05-09 15:05:00+00:00,-74.004050000,40.732920000,-0.901247031,-0.413681755,7.000000000,1,-74.001350000,40.741790000
37479,2014-05-09 15:19:52+00:00,-74.014375000,40.704448000,-1.737639418,-3.584098890,10.000000000,1,-74.005512000,40.716765000
165308,2014-05-09 15:42:00+00:00,-73.992200000,40.715017000,0.122199633,-2.389616882,30.000000000,2,-73.870110000,40.772942000
42384,2014-05-09 15:50:19+00:00,-73.951869000,40.784730000,3.436330067,5.388916454,20.000000000,1,-73.980485000,40.712275000
106533,2014-05-09 16:21:10+00:00,-73.885408000,40.773123000,9.060469705,4.169585688,29.000000000,1,-73.988057000,40.718665000
12120,2014-05-09 18:50:13+00:00,-73.991791000,40.726032000,0.142707845,-1.166481758,8.000000000,2,-74.003859000,40.733476000
37610,2014-05-09 18:52:00+00:00,-73.950492000,40.777280000,3.562412486,4.563296078,6.000000000,6,-73.953712000,40.767302000
26930,2014-05-09 19:05:00+00:00,-73.978110000,40.773390000,1.236869114,4.103957954,3.500000000,1,-73.980630000,40.769920000
191562,2014-05-09 20:02:34+00:00,-74.000204000,40.732880000,-0.576432436,-0.414430828,11.500000000,1,-73.973966000,40.751246000
135095,2014-05-09 21:13:00+00:00,-73.990755000,40.761242000,0.185258812,2.743084112,6.000000000,1,-73.997252000,40.747247000
12074,2014-05-09 21:26:08+00:00,-73.990464000,40.731355000,0.247980170,-0.574304739,7.000000000,2,-73.980429000,40.734132000
18157,2014-05-09 21:27:00+00:00,-73.961675000,40.764282000,2.635800479,3.109186067,18.000000000,1,-74.005690000,40.740582000
39618,2014-05-09 21:49:39+00:00,-74.002262000,40.728488000,-0.744673934,-0.903949726,8.000000000,2,-74.007843000,40.740655000
5940,2014-05-09 22:59:28+00:00,-73.983353000,40.747368000,0.827875691,1.210180488,7.500000000,2,-73.975952000,40.744937000
130835,2014-05-10 00:17:00+00:00,-73.980668000,40.773205000,1.021235793,4.080909990,22.000000000,6,-73.884178000,40.751857000
98405,2014-05-10 01:31:00+00:00,-73.993567000,40.731262000,-0.013931360,-0.587636646,21.500000000,2,-73.914525000,40.744507000
73410,2014-05-10 03:32:00+00:00,-73.983790000,40.725732000,0.818784039,-1.191994770,10.000000000,5,-73.971670000,40.756952000
50183,2014-05-10 04:14:00+00:00,-73.984710000,40.727352000,0.739009611,-1.013062458,5.500000000,4,-73.991995000,40.721935000
146585,2014-05-10 07:44:00+00:00,-73.952140000,40.773080000,3.428913583,4.095400228,9.000000000,1,-73.974010000,40.753780000
146032,2014-05-10 07:54:55+00:00,-73.992110000,40.749277000,0.086142917,1.413566773,7.000000000,2,-73.978609000,40.739424000
141552,2014-05-10 08:49:06+00:00,-73.950279000,40.771483000,3.588087336,3.919998318,5.500000000,1,-73.958420000,40.769563000
131475,2014-05-10 11:56:18+00:00,-73.961291000,40.756626000,2.678271531,2.259695583,7.000000000,1,-73.977748000,40.762953000
112479,2014-05-10 13:55:17+00:00,-73.988688000,40.748784000,0.375663479,1.362163371,7.000000000,1,-73.973364000,40.756273000
133705,2014-05-10 14:24:00+00:00,-73.986332000,40.728877000,0.600078784,-0.845359586,17.000000000,2,-73.945643000,40.773957000
81658,2014-05-10 14:37:00+00:00,-73.955690000,40.779520000,3.120813118,4.806718670,13.000000000,1,-73.990133000,40.756802000
89127,2014-05-10 15:18:02+00:00,-73.976698000,40.764095000,1.368064150,3.073530764,14.000000000,1,-73.976706000,40.735015000
198490,2014-05-10 15:49:00+00:00,-74.003940000,40.740342000,-0.901306301,0.410317012,5.000000000,1,-73.995078000,40.749840000
135706,2014-05-10 15:55:00+00:00,-73.951190000,40.770480000,3.512536028,3.807737893,18.500000000,5,-73.989340000,40.718000000
143487,2014-05-10 16:16:39+00:00,-73.873172000,40.774078000,10.091724256,4.288790977,33.500000000,1,-73.979448000,40.729140000
160085,2014-05-10 18:15:15+00:00,-73.983776000,40.743925000,0.796589441,0.827569152,9.500000000,2,-74.003856000,40.743030000
3057,2014-05-10 18:35:36+00:00,-73.992753000,40.738088000,0.046112711,0.170885011,14.000000000,2,-73.978974000,40.713803000
82694,2014-05-10 19:01:00+00:00,-73.992632000,40.743217000,0.049795622,0.740357439,9.000000000,5,-73.990863000,40.760190000
144667,2014-05-10 19:08:28+00:00,-73.784959000,40.648596000,17.728778420,-9.541304066,57.330000000,1,-74.003329000,40.739239000
57728,2014-05-10 19:23:00+00:00,-73.983708000,40.750632000,0.793709694,1.572161092,10.500000000,1,-73.979057000,40.776597000
173884,2014-05-10 19:49:00+00:00,-73.956822000,40.768192000,3.040245178,3.548084923,4.000000000,1,-73.949572000,40.776602000
144978,2014-05-10 20:08:00+00:00,-73.976813000,40.764018000,1.358457519,3.064869983,5.500000000,1,-73.991737000,40.769915000
115038,2014-05-10 20:19:00+00:00,-73.978578000,40.741057000,1.239151804,0.514294452,10.000000000,6,-73.995657000,40.723415000
85590,2014-05-10 20:42:00+00:00,-74.002857000,40.739090000,-0.808287070,0.272374390,9.000000000,1,-73.999510000,40.728307000
9240,2014-05-10 21:23:52+00:00,-73.946189000,40.777475000,3.925265857,4.589296121,14.000000000,3,-73.959216000,40.811067000
148204,2014-05-10 23:13:00+00:00,-74.012907000,40.717392000,-1.629773217,-2.145839634,6.500000000,1,-74.002757000,40.728537000
199257,2014-05-11 01:09:00+00:00,-73.990492000,40.756375000,0.213673160,2.203066422,32.000000000,6,-73.928450000,40.693025000
20113,2014-05-11 02:42:00+00:00,-74.009278000,40.716242000,-1.321821917,-2.270045788,11.500000000,5,-73.988590000,40.746345000
194083,2014-05-11 02:45:00+00:00,-73.972520000,40.678610000,1.831728085,-6.411764471,31.000000000,1,-73.956045000,40.800515000
54711,2014-05-11 04:40:31+00:00,-73.987560000,40.751954000,0.466832133,1.715154287,65.000000000,2,-74.183066000,40.687903000
37070,2014-05-11 08:07:00+00:00,-73.992442000,40.694197000,0.128267050,-4.701004320,6.000000000,1,-74.002687000,40.685062000
172858,2014-05-11 10:20:00+00:00,-73.988813000,40.757680000,0.353732296,2.349562830,6.500000000,1,-73.975293000,40.765270000
11492,2014-05-11 11:30:00+00:00,-73.997517000,40.746502000,-0.366804977,1.100294014,10.000000000,2,-73.972365000,40.743285000
60892,2014-05-11 11:45:58+00:00,-73.958236000,40.773181000,2.914330470,4.100484801,4.500000000,1,-73.952558000,40.783698000
113371,2014-05-11 12:08:12+00:00,-73.958961000,40.763645000,2.865707898,3.041188559,3.500000000,1,-73.955036000,40.769131000
158553,2014-05-11 12:19:00+00:00,-73.981112000,40.747212000,1.017270518,1.195057219,4.500000000,1,-73.987225000,40.739542000
158970,2014-05-11 12:35:00+00:00,-73.955882000,40.768007000,3.119823311,3.528492225,11.500000000,1,-73.950400000,40.794040000
24038,2014-05-11 13:12:00+00:00,-73.980493000,40.745092000,1.072262501,0.960328738,3.500000000,1,-73.977065000,40.743072000
104297,2014-05-11 13:43:00+00:00,-73.982432000,40.767057000,0.880285796,3.396706605,7.000000000,1,-73.990148000,40.751410000
98971,2014-05-11 15:22:36+00:00,-73.819297000,40.708077000,14.736818246,-2.978049986,57.330000000,2,-73.983819000,40.769540000
8393,2014-05-11 15:51:31+00:00,-73.967916000,40.762613000,2.111223820,2.917699387,5.000000000,2,-73.971133000,40.764831000
58114,2014-05-11 17:16:30+00:00,-73.966627000,40.753389000,2.232079403,1.895046604,5.000000000,1,-73.960463000,40.761889000
104371,2014-05-11 17:48:00+00:00,-73.988350000,40.748912000,0.404034340,1.376701145,14.500000000,1,-73.951522000,40.774035000
145529,2014-05-11 17:55:00+00:00,-73.998782000,40.739597000,-0.464859496,0.332571179,5.500000000,1,-74.007460000,40.741040000
178323,2014-05-11 20:32:00+00:00,-73.870812000,40.773827000,10.291244462,4.263488926,37.330000000,1,-74.005925000,40.736322000
166564,2014-05-11 20:54:00+00:00,-73.993425000,40.733862000,-0.005249251,-0.298881239,9.000000000,1,-73.977112000,40.751955000
162529,2014-05-11 22:11:00+00:00,-73.978217000,40.783092000,1.215293469,5.180850775,18.500000000,1,-73.978522000,40.734387000
32879,2014-05-12 00:27:07+00:00,-74.000409000,40.718444000,-0.575500769,-2.017121192,11.000000000,1,-73.954081000,40.707950000
167750,2014-05-12 01:24:02+00:00,-74.005864000,40.717595000,-1.035165021,-2.116595510,11.500000000,1,-73.980056000,40.765636000
81919,2014-05-12 03:54:55+00:00,-73.992176000,40.715023000,0.124219143,-2.388927581,26.500000000,1,-73.939924000,40.813205000
176864,2014-05-12 08:47:32+00:00,-73.956823000,40.745971000,3.069484257,1.081385147,16.830000000,1,-73.974164000,40.749293000
196057,2014-05-12 08:49:00+00:00,-74.009735000,40.712502000,-1.355740619,-2.685645341,9.000000000,5,-74.008038000,40.705667000
136178,2014-05-12 10:44:00+00:00,-73.999540000,40.733757000,-0.521472264,-0.316439075,5.000000000,1,-73.991970000,40.744002000
131129,2014-05-12 11:01:32+00:00,-74.001704000,40.724851000,-0.692962060,-1.307145667,5.000000000,1,-73.997886000,40.735962000
79643,2014-05-12 11:07:15+00:00,-73.987818000,40.701409000,0.509730419,-3.895936690,7.000000000,1,-74.001624000,40.715825000
172175,2014-05-12 13:24:18+00:00,-73.978853000,40.777443000,1.168929228,4.553142325,82.000000000,1,-74.177387000,40.690768000
59992,2014-05-12 13:44:39+00:00,-73.986957000,40.771167000,0.493112493,3.848528361,2.500000000,1,-73.974183000,40.791264000
197615,2014-05-12 13:56:56+00:00,-73.781983000,40.644725000,17.986349118,-9.967529567,43.000000000,1,-73.981434000,40.665273000
177242,2014-05-12 14:22:00+00:00,-73.959242000,40.759285000,2.847731315,2.556913972,11.500000000,1,-73.989188000,40.731622000
190259,2014-05-12 14:43:24+00:00,-73.783770000,40.648591000,17.829315486,-9.540469469,57.330000000,2,-73.942391000,40.845920000
173981,2014-05-12 14:51:00+00:00,-73.978063000,40.786497000,1.223883464,5.558984264,4.500000000,1,-73.980337000,40.789855000
139198,2014-05-12 17:20:21+00:00,-73.977263000,40.754607000,1.332652449,2.019735720,8.500000000,1,-73.961049000,40.759180000
138476,2014-05-12 18:46:46+00:00,-73.986155000,40.743239000,0.596614380,0.749095590,14.500000000,1,-73.957890000,40.769476000
174324,2014-05-12 19:28:00+00:00,-73.990420000,40.751707000,0.225712067,1.684954177,15.000000000,1,-73.976893000,40.714402000
23821,2014-05-12 19:42:00+00:00,-73.993522000,40.752037000,-0.036573610,1.718578820,6.000000000,1,-73.978418000,40.752535000
176790,2014-05-12 20:02:00+00:00,-73.968417000,40.626627000,2.246166748,-12.178103769,18.500000000,3,-73.976865000,40.683740000
169845,2014-05-12 21:18:00+00:00,-73.964090000,40.770310000,2.424067491,3.775931123,4.500000000,1,-73.958580000,40.778510000
148879,2014-05-13 07:39:00+00:00,-73.965277000,40.771620000,2.322175597,3.920169079,7.500000000,6,-73.970775000,40.759172000
141923,2014-05-13 09:14:00+00:00,-74.006955000,40.734605000,-1.148666759,-0.229413847,10.000000000,5,-73.985785000,40.741085000
187735,2014-05-13 09:40:00+00:00,-73.982872000,40.739200000,0.878990095,0.303944508,14.500000000,4,-74.005985000,40.725047000
153945,2014-05-13 10:09:00+00:00,-73.965600000,40.754440000,2.317399748,2.012736785,9.500000000,1,-73.984557000,40.748605000
172399,2014-05-13 10:22:10+00:00,-73.965729000,40.752876000,2.308556352,1.838992802,5.500000000,2,-73.972590000,40.746652000
82550,2014-05-13 12:03:26+00:00,-73.982408000,40.776160000,0.870590010,4.407233085,15.000000000,2,-73.984133000,40.748467000
158536,2014-05-13 12:56:00+00:00,-73.977445000,40.738312000,1.338362558,0.210693646,12.000000000,1,-73.963677000,40.768500000
123920,2014-05-13 18:38:33+00:00,-73.988680000,40.743923000,0.382556263,0.822565231,9.500000000,1,-73.977681000,40.726773000
20653,2014-05-13 18:44:59+00:00,-73.987531000,40.775479000,0.439145989,4.326634310,11.000000000,1,-73.957608000,40.782402000
101123,2014-05-13 19:13:00+00:00,-73.978212000,40.766552000,1.237102124,3.344787175,8.000000000,2,-73.964313000,40.765470000
114714,2014-05-13 20:24:00+00:00,-73.971750000,40.750432000,1.803460778,1.561718102,3.500000000,2,-73.972910000,40.754092000
171694,2014-05-13 20:28:56+00:00,-74.007990000,40.734943000,-1.236485987,-0.192881554,7.000000000,1,-73.991805000,40.726523000
152151,2014-05-13 21:06:04+00:00,-73.978492000,40.756681000,1.226226833,2.248756745,7.500000000,1,-73.963777000,40.771995000
86975,2014-05-13 22:31:00+00:00,-73.981117000,40.741260000,1.024517851,0.534337563,26.500000000,5,-73.959973000,40.683937000
22645,2014-05-13 22:49:00+00:00,-73.999820000,40.738457000,-0.551059741,0.205024131,18.500000000,3,-73.943858000,40.718195000
171911,2014-05-13 23:44:00+00:00,-73.977035000,40.753570000,1.353240850,1.904845385,6.000000000,5,-73.993563000,40.754772000
173083,2014-05-13 23:47:16+00:00,-73.782102000,40.644643000,17.976413191,-9.976771441,17.500000000,1,-73.815597000,40.704447000
110653,2014-05-14 00:37:36+00:00,-74.000135000,40.734736000,-0.572952331,-0.208335686,25.000000000,2,-73.984425000,40.691766000
145725,2014-05-14 00:57:21+00:00,-73.995425000,40.727032000,-0.165456242,-1.058992369,26.000000000,1,-73.962973000,40.641867000
11377,2014-05-14 06:39:00+00:00,-73.978212000,40.773177000,1.228536648,4.080213037,8.000000000,1,-73.980605000,40.754067000
128095,2014-05-14 07:52:00+00:00,-73.964695000,40.773522000,2.368800668,4.131885399,8.000000000,6,-73.975820000,40.756932000
42775,2014-05-14 08:15:00+00:00,-74.002412000,40.734152000,-0.764484967,-0.275350954,5.500000000,5,-73.991140000,40.736497000
121392,2014-05-14 08:38:00+00:00,-73.980947000,40.764412000,1.009028470,3.104546230,6.500000000,1,-73.988062000,40.769840000
30434,2014-05-14 11:21:00+00:00,-73.997080000,40.753882000,-0.339272930,1.919948717,11.500000000,5,-74.006405000,40.726295000
178045,2014-05-14 13:42:00+00:00,-73.983165000,40.750657000,0.839517435,1.575467233,7.500000000,1,-73.987490000,40.735577000
178610,2014-05-14 14:23:05+00:00,-73.988829000,40.736716000,0.379192006,0.022392347,5.000000000,1,-73.984846000,40.740280000
100036,2014-05-14 15:24:00+00:00,-74.001742000,40.724720000,-0.696005929,-1.321724030,16.000000000,2,-73.978603000,40.762407000
91192,2014-05-14 15:52:48+00:00,-73.975026000,40.745937000,1.532728042,1.059505320,4.500000000,1,-73.981039000,40.740687000
155258,2014-05-14 17:09:28+00:00,-73.976448000,40.752135000,1.404650916,1.746127584,4.500000000,1,-73.981257000,40.743580000
30007,2014-05-14 17:16:00+00:00,-73.988765000,40.718862000,0.407421372,-1.959461467,25.000000000,1,-73.992420000,40.753197000
134043,2014-05-14 18:30:38+00:00,-73.961485000,40.771416000,2.642462745,3.901304984,19.000000000,1,-73.995300000,40.744064000
166268,2014-05-14 18:42:00+00:00,-73.965790000,40.767782000,2.283904365,3.493610861,7.000000000,1,-73.975272000,40.765352000
194278,2014-05-14 18:50:46+00:00,-73.996309000,40.743992000,-0.261633647,0.822831655,2.500000000,1,-73.996309000,40.743992000
134934,2014-05-14 19:23:00+00:00,-73.960310000,40.761960000,2.754064216,2.852790619,3.500000000,3,-73.955733000,40.768227000
142719,2014-05-14 20:28:00+00:00,-73.983160000,40.679120000,0.931878537,-6.365608768,26.500000000,2,-73.993990000,40.593260000
146634,2014-05-14 21:31:14+00:00,-73.939332000,40.841826000,4.417463542,11.739786313,6.000000000,1,-73.936936000,40.854922000
115606,2014-05-14 21:46:00+00:00,-73.956897000,40.783547000,3.013646123,5.252535972,11.500000000,5,-73.959888000,40.815222000
84789,2014-05-14 21:55:00+00:00,-73.956462000,40.778532000,3.056974083,4.696267484,9.000000000,1,-73.973432000,40.755990000
95025,2014-05-15 00:58:00+00:00,-73.986927000,40.751060000,0.521414295,1.616530419,4.500000000,1,-73.990337000,40.756597000
180784,2014-05-15 05:30:18+00:00,-73.885281000,40.755660000,9.095816699,2.231187834,5.500000000,1,-73.905901000,40.753509000
28129,2014-05-15 05:42:00+00:00,-73.990193000,40.725210000,0.278709543,-1.256178595,74.450000000,1,-74.177552000,40.695362000
178147,2014-05-15 08:50:37+00:00,-73.965118000,40.766057000,2.342878572,3.302791380,5.000000000,1,-73.960459000,40.767079000
119309,2014-05-15 08:51:00+00:00,-74.009490000,40.718742000,-1.342858029,-1.992731412,17.000000000,6,-73.983485000,40.758212000
194328,2014-05-15 09:00:36+00:00,-73.973950000,40.747748000,1.621219952,1.261600860,9.500000000,1,-73.992385000,40.742105000
70431,2014-05-15 10:13:00+00:00,-73.973260000,40.744092000,1.684219527,0.856439549,15.500000000,2,-73.965395000,40.769222000
144370,2014-05-15 11:24:57+00:00,-73.782523000,40.644499000,17.941037012,-9.993249233,44.500000000,1,-73.988630000,40.703581000
196960,2014-05-15 11:53:00+00:00,-73.967670000,40.787602000,2.099342112,5.691918310,6.500000000,1,-73.957772000,40.782200000
30931,2014-05-15 12:40:00+00:00,-73.973747000,40.762657000,1.619003564,2.916810950,4.500000000,1,-73.977310000,40.754950000
105162,2014-05-15 14:32:00+00:00,-73.991908000,40.732065000,0.125138018,-0.496890912,9.000000000,1,-73.981172000,40.725242000
65647,2014-05-15 14:44:29+00:00,-73.984470000,40.748132000,0.732593000,1.293898313,4.500000000,1,-73.991361000,40.739103000
176846,2014-05-15 15:17:00+00:00,-73.988453000,40.748428000,0.395958113,1.322873423,7.500000000,5,-73.978702000,40.750775000
170435,2014-05-15 15:26:00+00:00,-73.783335000,40.648587000,17.866100679,-9.540404754,57.330000000,1,-73.985090000,40.761047000
168872,2014-05-15 16:20:00+00:00,-73.958007000,40.776205000,2.929668608,4.436402134,15.500000000,1,-73.961517000,40.760477000
120648,2014-05-15 17:31:00+00:00,-73.965960000,40.790130000,2.240310947,5.974246530,10.000000000,1,-73.980460000,40.770270000
154244,2014-05-15 19:33:00+00:00,-73.976165000,40.751300000,1.429622495,1.653715115,4.500000000,2,-73.974855000,40.756290000
161209,2014-05-15 20:18:49+00:00,-74.005087000,40.720394000,-0.973058486,-1.805144905,10.000000000,1,-73.998020000,40.745666000
141332,2014-05-15 20:24:26+00:00,-73.989173000,40.758391000,0.322435254,2.428138987,13.000000000,3,-73.998877000,40.719788000
115695,2014-05-15 21:35:00+00:00,-73.992992000,40.753382000,0.006454672,1.868396855,6.000000000,1,-73.978930000,40.750502000
133287,2014-05-15 21:53:00+00:00,-73.994017000,40.747057000,-0.072024055,1.165283777,5.500000000,1,-74.003342000,40.738167000
90770,2014-05-15 22:27:00+00:00,-73.961532000,40.771647000,2.638192704,3.926900830,9.500000000,1,-73.980272000,40.746480000
56878,2014-05-15 22:35:00+00:00,-73.776827000,40.645802000,18.420649069,-9.841925060,57.330000000,1,-74.004170000,40.744502000
42143,2014-05-16 00:50:00+00:00,-73.877040000,40.772725000,9.767224617,4.134410848,99.000000000,1,-74.031327000,40.754837000
142869,2014-05-16 00:51:30+00:00,-74.000972000,40.742066000,-0.652888259,0.604540837,4.000000000,3,-73.994115000,40.747615000
21035,2014-05-16 01:13:00+00:00,-73.988395000,40.749680000,0.399252719,1.461910918,6.500000000,5,-73.972415000,40.755617000
398,2014-05-16 01:50:17+00:00,-73.973711000,40.759206000,1.626522773,2.533759491,19.000000000,1,-73.951506000,40.822800000
146802,2014-05-16 01:56:00+00:00,-73.989848000,40.734277000,0.296265704,-0.249344209,25.500000000,2,-73.895413000,40.713330000
103728,2014-05-16 07:24:00+00:00,-73.970318000,40.794107000,1.867443564,6.411399485,4.500000000,1,-73.966002000,40.803952000
164881,2014-05-16 07:26:00+00:00,-73.949117000,40.781065000,3.673409406,4.984850565,11.000000000,1,-73.976862000,40.764275000
59369,2014-05-16 08:45:12+00:00,-73.990176000,40.757347000,0.239105826,2.311272493,4.500000000,1,-74.000758000,40.761314000
57935,2014-05-16 10:20:40+00:00,-73.981374000,40.773517000,0.961253484,4.114852334,5.000000000,1,-73.987745000,40.777975000
85820,2014-05-16 11:36:00+00:00,-73.992112000,40.749370000,0.085855520,1.423888505,6.500000000,5,-73.992112000,40.749370000
3933,2014-05-16 11:38:00+00:00,-73.953697000,40.777832000,3.291224128,4.621341440,8.500000000,2,-73.973035000,40.786940000
169137,2014-05-16 12:48:00+00:00,-73.962960000,40.774162000,2.514378834,4.204659877,20.000000000,1,-73.990635000,40.736680000
24212,2014-05-16 13:55:00+00:00,-74.001935000,40.724602000,-0.712156359,-1.335008100,16.500000000,1,-73.982152000,40.762902000
37247,2014-05-16 14:47:59+00:00,-74.012148000,40.702866000,-1.547532206,-3.757597612,27.830000000,1,-73.984604000,40.681264000
31623,2014-05-16 15:06:30+00:00,-73.966909000,40.793910000,2.155300557,6.392913662,7.000000000,1,-73.978066000,40.781309000
6950,2014-05-16 17:24:49+00:00,-73.955531000,40.804307000,3.101456600,7.558438852,2.500000000,1,-73.938120000,40.800348000
144378,2014-05-16 18:37:00+00:00,-73.988877000,40.721925000,0.394047013,-1.619556869,6.000000000,4,-73.984648000,40.733107000
83356,2014-05-16 18:41:24+00:00,-73.862762000,40.768837000,10.977771552,3.718333410,48.330000000,1,-74.004747000,40.707160000
171027,2014-05-16 18:48:48+00:00,-73.963307000,40.757802000,2.506554308,2.388228069,15.000000000,1,-73.978856000,40.789346000
93940,2014-05-16 19:09:28+00:00,-74.015245000,40.715759000,-1.825211917,-2.329330075,10.000000000,1,-74.005018000,40.746448000
130707,2014-05-16 19:32:00+00:00,-73.984262000,40.745987000,0.752908520,1.055991025,10.500000000,6,-74.000220000,40.720517000
184018,2014-05-16 20:04:11+00:00,-73.980896000,40.729622000,1.058173938,-0.757345533,9.500000000,1,-74.002007000,40.723128000
47204,2014-05-16 20:33:00+00:00,-74.000413000,40.725597000,-0.584876910,-1.223094335,9.000000000,5,-73.990632000,40.750247000
192239,2014-05-16 21:38:55+00:00,-73.998134000,40.717773000,-0.382503772,-2.089417111,19.500000000,2,-73.967540000,40.757690000
91221,2014-05-16 21:51:00+00:00,-73.992152000,40.754117000,0.076427256,1.950801224,24.000000000,1,-73.919075000,40.816537000
161786,2014-05-17 00:05:41+00:00,-73.964365000,40.756207000,2.419337372,2.210116563,5.000000000,2,-73.954237000,40.770501000
23543,2014-05-17 02:24:00+00:00,-73.988310000,40.723337000,0.440127766,-1.462263820,19.000000000,1,-73.927935000,40.679212000
70185,2014-05-17 03:47:00+00:00,-73.975987000,40.765672000,1.426031321,3.249289877,8.000000000,1,-73.975892000,40.787247000
107251,2014-05-17 05:23:00+00:00,-73.987743000,40.724447000,0.486592900,-1.338494464,4.500000000,6,-73.981073000,40.725115000
118750,2014-05-17 07:48:01+00:00,-73.776678000,40.645327000,18.433980911,-9.894477931,57.330000000,1,-73.957812000,40.779122000
103942,2014-05-17 09:21:28+00:00,-73.982620000,40.774496000,0.854842227,4.222308663,13.500000000,1,-73.995312000,40.733294000
50010,2014-05-17 09:37:00+00:00,-73.994350000,40.745850000,-0.098602159,1.030975972,12.500000000,5,-73.956660000,40.769760000
76872,2014-05-17 10:40:00+00:00,-73.970365000,40.796760000,1.860020201,6.705857667,9.500000000,5,-73.982205000,40.773985000
167125,2014-05-17 11:02:51+00:00,-74.000627000,40.747517000,-0.630649187,1.209972076,4.500000000,1,-74.005669000,40.737672000
67672,2014-05-17 11:10:33+00:00,-74.012036000,40.707793000,-1.544221538,-3.210563182,20.000000000,4,-73.969738000,40.672630000
131447,2014-05-17 12:53:35+00:00,-74.001935000,40.719385000,-0.705574370,-1.914129849,17.500000000,1,-73.998517000,40.764058000
119877,2014-05-17 13:47:00+00:00,-73.969997000,40.767955000,1.928616291,3.508638196,6.500000000,2,-73.972802000,40.755617000
32824,2014-05-17 14:11:00+00:00,-73.989437000,40.747767000,0.313731253,1.248540704,9.000000000,3,-73.971732000,40.763105000
33760,2014-05-17 14:23:00+00:00,-73.985910000,40.740720000,0.620529931,0.469707609,23.000000000,1,-73.977282000,40.676418000
113454,2014-05-17 14:51:43+00:00,-73.999004000,40.744526000,-0.489843215,0.879511170,10.000000000,1,-73.983643000,40.741532000
184051,2014-05-17 15:00:17+00:00,-73.991242000,40.770446000,0.132405856,3.764324784,6.500000000,1,-73.982168000,40.768811000
46577,2014-05-17 16:15:13+00:00,-73.864017000,40.771252000,10.868381692,3.985046198,26.000000000,1,-73.956245000,40.719042000
46753,2014-05-17 16:25:31+00:00,-73.981408000,40.763290000,0.971564945,2.979543949,12.000000000,1,-73.977145000,40.751952000
187056,2014-05-17 17:46:06+00:00,-74.007416000,40.705052000,-1.150514668,-3.510431876,14.500000000,1,-73.994103000,40.732026000
176278,2014-05-17 17:48:08+00:00,-73.989615000,40.741419000,0.306815445,0.543694332,8.000000000,2,-73.985604000,40.746895000
72038,2014-05-17 17:55:35+00:00,-73.992916000,40.754203000,0.011824452,1.959607469,9.500000000,1,-73.982750000,40.756405000
122661,2014-05-17 19:09:00+00:00,-73.956328000,40.775762000,3.071940210,4.388910060,16.000000000,1,-73.979520000,40.727357000
99975,2014-05-17 19:15:00+00:00,-73.985445000,40.752185000,0.645079785,1.742858847,13.000000000,2,-74.004675000,40.722827000
40056,2014-05-17 21:00:48+00:00,-73.973285000,40.752311000,1.671435935,1.768783843,8.000000000,2,-73.955599000,40.776751000
14706,2014-05-17 21:07:51+00:00,-73.974646000,40.793215000,1.503470958,6.308101613,5.000000000,2,-73.965661000,40.800596000
79273,2014-05-17 21:12:00+00:00,-73.979405000,40.720207000,1.196230642,-1.801012363,13.500000000,1,-73.991317000,40.748897000
97199,2014-05-17 21:19:25+00:00,-73.982293000,40.762854000,0.897429061,2.930277884,5.000000000,1,-73.981905000,40.768939000
47546,2014-05-17 21:49:00+00:00,-73.997353000,40.746757000,-0.353282658,1.128758987,11.000000000,1,-73.966932000,40.754140000
8206,2014-05-17 21:52:14+00:00,-73.994726000,40.740337000,-0.123337514,0.418630237,5.500000000,1,-73.991607000,40.750179000
112627,2014-05-17 22:10:29+00:00,-73.991588000,40.727394000,0.158115009,-1.015093633,11.000000000,2,-73.975710000,40.744845000
128694,2014-05-17 22:57:40+00:00,-74.007611000,40.742319000,-1.213739524,0.626267341,19.500000000,1,-73.973464000,40.797977000
181734,2014-05-17 23:07:00+00:00,-73.983315000,40.758547000,0.816707610,2.451168647,10.000000000,5,-73.977668000,40.747277000
19128,2014-05-17 23:44:12+00:00,-74.000568000,40.735800000,-0.610859328,-0.090640643,17.000000000,1,-73.980957000,40.753674000
125717,2014-05-18 01:52:00+00:00,-74.001223000,40.724405000,-0.651777412,-1.356192734,6.000000000,1,-74.011487000,40.709332000
185438,2014-05-18 02:37:00+00:00,-73.987935000,40.718597000,0.477862056,-1.988070701,15.000000000,6,-73.953360000,40.771442000
12958,2014-05-18 05:21:52+00:00,-74.002351000,40.739729000,-0.766369495,0.343793271,26.000000000,1,-73.944974000,40.808340000
64951,2014-05-18 07:25:44+00:00,-74.013720000,40.709304000,-1.688358649,-3.044431179,36.500000000,1,-73.872394000,40.774505000
18873,2014-05-18 11:10:00+00:00,-73.962538000,40.770732000,2.554494350,3.824324192,5.000000000,1,-73.961477000,40.780557000
15001,2014-05-18 11:10:54+00:00,-73.955811000,40.779222000,3.110996555,4.773516736,12.500000000,1,-73.989045000,40.736745000
182255,2014-05-18 11:42:00+00:00,-73.959877000,40.779405000,2.767651889,4.789754629,18.500000000,3,-74.002537000,40.728855000
89187,2014-05-18 12:24:06+00:00,-73.999405000,40.722100000,-0.495326686,-1.610315251,9.000000000,2,-74.006781000,40.707011000
65809,2014-05-18 12:33:00+00:00,-73.991857000,40.737997000,0.121882950,0.161651800,10.000000000,6,-73.993590000,40.762237000
179503,2014-05-18 16:05:00+00:00,-73.781067000,40.645012000,18.063359426,-9.934597661,57.330000000,5,-73.969143000,40.759145000
111205,2014-05-18 16:26:00+00:00,-73.975680000,40.751880000,1.469814190,1.718577130,34.330000000,1,-73.861950000,40.768560000
55374,2014-05-18 17:51:00+00:00,-74.003922000,40.725965000,-0.881679869,-1.185611360,9.000000000,1,-73.983252000,40.756242000
48294,2014-05-18 19:08:40+00:00,-73.994492000,40.750280000,-0.116224377,1.522600461,11.000000000,1,-73.978964000,40.772575000
118585,2014-05-18 19:32:00+00:00,-73.972937000,40.755612000,1.696524748,2.135563038,5.500000000,6,-73.977690000,40.763415000
23289,2014-05-18 20:22:00+00:00,-73.988235000,40.754387000,0.406736275,1.984577943,11.500000000,1,-73.955887000,40.772837000
188212,2014-05-18 22:09:05+00:00,-74.002832000,40.760491000,-0.833167682,2.648062946,14.500000000,1,-73.956609000,40.767054000
56397,2014-05-18 22:23:00+00:00,-73.979567000,40.768372000,1.120390865,3.545490063,6.500000000,3,-73.982205000,40.747622000
133317,2014-05-18 22:39:00+00:00,-73.989772000,40.719147000,0.322006371,-1.928803420,15.000000000,5,-73.967682000,40.681170000
192626,2014-05-18 23:17:31+00:00,-73.947868000,40.774756000,3.787202271,4.285764677,16.500000000,1,-73.951813000,40.826953000
54931,2014-05-18 23:18:00+00:00,-73.958652000,40.781115000,2.868767851,4.980804772,4.000000000,1,-73.954230000,40.787057000
74268,2014-05-18 23:18:06+00:00,-73.992023000,40.764100000,0.074587081,3.059113220,5.000000000,1,-73.993013000,40.753785000
13071,2014-05-19 00:54:45+00:00,-73.997310000,40.720703000,-0.316621284,-1.763373414,7.000000000,3,-73.996845000,40.737168000
119719,2014-05-19 02:31:08+00:00,-73.992632000,40.735664000,0.059417083,-0.098078693,6.000000000,1,-73.991926000,40.749069000
92007,2014-05-19 03:56:00+00:00,-73.964143000,40.756495000,2.437699615,2.242307903,5.500000000,1,-73.978230000,40.758445000
126766,2014-05-19 08:30:00+00:00,-73.985337000,40.744442000,0.664133640,0.883435207,19.500000000,1,-73.995570000,40.683002000
84983,2014-05-19 09:25:00+00:00,-74.008755000,40.718667000,-1.280686012,-2.000356486,11.500000000,1,-73.991170000,40.745225000
175832,2014-05-19 10:43:00+00:00,-73.966302000,40.770557000,2.237062976,3.801148043,7.500000000,1,-73.953030000,40.772552000
135520,2014-05-19 12:23:31+00:00,-73.953201000,40.772577000,3.340040591,4.038494269,4.500000000,1,-73.954821000,40.773595000
51405,2014-05-19 12:26:00+00:00,-73.984863000,40.747187000,0.700628106,1.188612668,5.000000000,1,-73.978915000,40.752662000
169505,2014-05-19 12:26:00+00:00,-73.960463000,40.772717000,2.727001515,4.046747681,14.000000000,1,-73.975195000,40.760142000
65633,2014-05-19 12:30:00+00:00,-73.976147000,40.794992000,1.374534581,6.503883424,10.500000000,5,-73.951585000,40.790497000
193566,2014-05-19 12:36:00+00:00,-73.991887000,40.749990000,0.104059761,1.492931143,14.500000000,1,-73.972705000,40.780427000
50172,2014-05-19 12:43:00+00:00,-73.974352000,40.762852000,1.567685800,2.937860340,12.000000000,1,-74.004467000,40.742282000
145277,2014-05-19 14:17:37+00:00,-73.980888000,40.753917000,1.027538708,1.939580738,12.000000000,1,-74.005372000,40.740143000
189904,2014-05-19 15:08:17+00:00,-74.005637000,40.750898000,-1.057863367,1.580483375,10.500000000,1,-74.006910000,40.730556000
179387,2014-05-19 15:16:00+00:00,-73.952033000,40.768732000,3.443709191,3.612846036,10.500000000,2,-73.978900000,40.772492000
137259,2014-05-19 16:34:23+00:00,-73.982095000,40.767737000,0.907852443,3.472521716,19.500000000,2,-74.004042000,40.750020000
61041,2014-05-19 16:50:00+00:00,-73.987830000,40.749702000,0.446922352,1.464903003,9.000000000,1,-73.982755000,40.742772000
192730,2014-05-19 16:58:00+00:00,-73.973727000,40.784415000,1.592435067,5.332137734,10.500000000,1,-73.944772000,40.808645000
97682,2014-05-19 18:07:00+00:00,-73.965450000,40.759145000,2.323904533,2.535176332,7.000000000,1,-73.962910000,40.769455000
115715,2014-05-19 18:11:00+00:00,-73.966255000,40.773847000,2.236725878,4.166410387,8.000000000,1,-73.985130000,40.768577000
22066,2014-05-19 18:43:00+00:00,-73.980242000,40.782317000,1.045427014,5.092831019,23.000000000,1,-73.987025000,40.722282000
151218,2014-05-19 18:57:29+00:00,-74.008649000,40.745727000,-1.305650653,1.003589053,8.500000000,1,-73.995831000,40.748983000
157594,2014-05-19 19:06:07+00:00,-73.977381000,40.753561000,1.324044555,1.903505913,7.500000000,1,-73.963704000,40.755951000
32901,2014-05-19 20:23:00+00:00,-73.952642000,40.777782000,3.380316990,4.616853521,17.000000000,2,-73.990568000,40.717492000
22080,2014-05-19 20:58:00+00:00,-73.994275000,40.735200000,-0.078725460,-0.151176522,6.000000000,1,-74.000940000,40.725797000
109983,2014-05-19 21:26:00+00:00,-73.989110000,40.760230000,0.325401301,2.632342899,5.000000000,2,-73.981877000,40.769967000
63803,2014-05-19 23:31:20+00:00,-73.980840000,40.744602000,1.043598001,0.905594992,21.000000000,1,-73.972108000,40.681122000
113659,2014-05-20 00:11:00+00:00,-73.960178000,40.715252000,2.826621498,-2.332001079,5.500000000,5,-73.952575000,40.722645000
157667,2014-05-20 01:27:00+00:00,-73.971285000,40.762810000,1.826608369,2.936228533,4.500000000,1,-73.963222000,40.757635000
122650,2014-05-20 07:56:00+00:00,-73.974747000,40.783022000,1.508178186,5.176497067,7.500000000,1,-73.989235000,40.773445000
186879,2014-05-20 08:52:00+00:00,-73.971480000,40.792597000,1.771377854,6.242626667,7.000000000,1,-73.956140000,40.788150000
144969,2014-05-20 10:52:44+00:00,-73.985555000,40.759498000,0.626409496,2.554548456,11.000000000,2,-73.984229000,40.749362000
7126,2014-05-20 13:46:00+00:00,-73.978540000,40.755955000,1.223113140,2.168118192,16.000000000,6,-73.968920000,40.758472000
38822,2014-05-20 15:18:51+00:00,-73.991758000,40.750058000,0.114863285,1.500604733,8.000000000,4,-73.988833000,40.758208000
123974,2014-05-20 15:42:52+00:00,-73.992315000,40.742983000,0.076857827,0.714688978,4.500000000,1,-73.983990000,40.745008000
136933,2014-05-20 16:13:00+00:00,-73.969975000,40.742645000,1.963450449,0.699061488,9.000000000,1,-73.969975000,40.742645000
190407,2014-05-20 16:43:24+00:00,-73.982099000,40.766428000,0.909200724,3.327208844,8.000000000,1,-73.990618000,40.761154000
24778,2014-05-20 16:53:00+00:00,-73.980147000,40.767472000,1.072601816,3.445014007,9.500000000,5,-73.961265000,40.766742000
77273,2014-05-20 17:13:00+00:00,-73.966065000,40.765337000,2.263893418,3.221923528,9.500000000,1,-73.971057000,40.765072000
89273,2014-05-20 18:35:00+00:00,-73.973227000,40.786957000,1.631319895,5.614813857,12.000000000,1,-73.960463000,40.763150000
140799,2014-05-20 18:43:00+00:00,-73.981975000,40.728282000,0.968781069,-0.907151802,7.000000000,2,-73.995215000,40.736127000
15841,2014-05-20 19:04:08+00:00,-73.945472000,40.776964000,3.986452478,4.533298185,7.500000000,1,-73.957643000,40.773510000
90301,2014-05-20 20:52:00+00:00,-74.001165000,40.729570000,-0.653401228,-0.782787114,12.000000000,6,-73.977757000,40.745632000
64905,2014-05-20 20:52:27+00:00,-73.987129000,40.771136000,0.478636509,3.844919516,4.500000000,1,-73.980365000,40.782442000
162549,2014-05-20 20:53:00+00:00,-73.969367000,40.757465000,1.995464900,2.344793005,11.000000000,1,-73.968790000,40.787727000
58651,2014-05-20 21:50:00+00:00,-73.978482000,40.752442000,1.232548405,1.778206245,6.500000000,3,-73.978778000,40.766867000
61381,2014-05-20 21:56:49+00:00,-73.994043000,40.761540000,-0.092648135,2.772977420,8.500000000,1,-73.963357000,40.755855000
126964,2014-05-20 23:23:00+00:00,-73.944202000,40.711657000,4.180824585,-2.714971544,12.500000000,1,-73.934075000,40.681382000
116443,2014-05-21 00:16:45+00:00,-74.006219000,40.743781000,-1.098050191,0.789889250,4.500000000,4,-74.003932000,40.750917000
136405,2014-05-21 00:24:23+00:00,-73.997601000,40.742377000,-0.368667387,0.642308722,8.000000000,1,-73.998171000,40.760734000
35399,2014-05-21 01:40:00+00:00,-73.978260000,40.762660000,1.238082142,2.912698499,9.500000000,1,-73.981105000,40.788470000
142173,2014-05-21 02:45:00+00:00,-73.980035000,40.775797000,1.071309848,4.369263004,6.500000000,1,-73.978375000,40.765597000
31919,2014-05-21 06:21:19+00:00,-73.989162000,40.758792000,0.322850984,2.472663654,4.500000000,1,-73.979073000,40.757102000
198140,2014-05-21 08:33:45+00:00,-74.015846000,40.715928000,-1.876184804,-2.311138980,10.000000000,1,-73.996693000,40.723564000
106447,2014-05-21 10:36:00+00:00,-73.979252000,40.767272000,1.148396687,3.423690930,10.000000000,5,-73.976997000,40.789952000
69761,2014-05-21 10:38:00+00:00,-73.991105000,40.750687000,0.169187148,1.571061785,37.830000000,1,-73.872342000,40.774472000
120133,2014-05-21 11:06:00+00:00,-73.963828000,40.765175000,2.452911192,3.206167646,7.500000000,1,-73.969630000,40.763802000
42827,2014-05-21 13:58:36+00:00,-73.994126000,40.741666000,-0.074368411,0.566738933,6.500000000,1,-74.003688000,40.746538000
2366,2014-05-21 14:25:00+00:00,-73.870867000,40.773715000,10.286763002,4.250996246,41.830000000,2,-73.980980000,40.764582000
25205,2014-05-21 14:54:00+00:00,-73.953533000,40.782337000,3.299096848,5.121597558,7.000000000,2,-73.959850000,40.773722000
126578,2014-05-21 15:03:00+00:00,-73.993630000,40.749897000,-0.042966742,1.480918763,13.500000000,2,-73.987605000,40.744295000
2567,2014-05-21 17:11:00+00:00,-73.952980000,40.783062000,3.344798057,5.202635280,16.500000000,5,-73.979663000,40.738228000
149003,2014-05-21 17:59:00+00:00,-73.999515000,40.749112000,-0.538788463,1.388098030,16.500000000,1,-74.011500000,40.708320000
90332,2014-05-21 18:29:00+00:00,-73.981027000,40.772522000,0.991820047,4.004739743,14.000000000,1,-73.947722000,40.777855000
169034,2014-05-21 19:28:31+00:00,-73.987184000,40.776429000,0.467211086,4.432429707,9.000000000,1,-73.964862000,40.768267000
69911,2014-05-21 19:42:00+00:00,-74.006097000,40.739867000,-1.082830476,0.355524434,57.330000000,6,-73.782950000,40.648847000
81897,2014-05-21 20:13:56+00:00,-73.965165000,40.775215000,2.326919948,4.319353652,8.000000000,1,-73.972898000,40.756533000
100468,2014-05-21 20:16:00+00:00,-73.957017000,40.779952000,3.008266318,4.853341761,5.500000000,5,-73.967577000,40.787692000
130907,2014-05-21 20:33:09+00:00,-73.967779000,40.762580000,2.122830345,2.914172162,5.500000000,1,-73.960320000,40.761972000
28892,2014-05-21 22:12:58+00:00,-73.997229000,40.724193000,-0.314204168,-1.375881941,12.000000000,1,-73.976582000,40.749190000
165086,2014-05-21 22:16:00+00:00,-73.955908000,40.779712000,3.102163863,4.827813206,7.000000000,1,-73.973925000,40.788997000
38717,2014-05-21 22:42:55+00:00,-73.974512000,40.793855000,1.513945124,6.379279021,3.500000000,2,-73.977951000,40.788807000
118864,2014-05-21 22:59:00+00:00,-73.991337000,40.750057000,0.150405545,1.500902103,11.000000000,2,-73.974145000,40.723155000
189280,2014-05-22 01:54:00+00:00,-73.991455000,40.751700000,0.138348052,1.683172543,19.000000000,1,-73.936357000,40.812327000
191040,2014-05-22 05:36:34+00:00,-74.007588000,40.723608000,-1.188319514,-1.450759638,60.500000000,2,-74.177025000,40.694726000
8881,2014-05-22 07:11:07+00:00,-73.975250000,40.755737000,1.501114450,2.147156408,4.000000000,1,-73.971341000,40.760311000
124354,2014-05-22 08:43:31+00:00,-73.977891000,40.753535000,1.281026004,1.900118178,7.000000000,1,-73.988038000,40.752991000
148855,2014-05-22 11:39:38+00:00,-73.976358000,40.759723000,1.402422970,2.588540550,9.500000000,1,-73.991880000,40.759110000
26161,2014-05-22 12:31:00+00:00,-73.944757000,40.746127000,4.087956808,1.110879425,20.000000000,6,-73.872175000,40.774277000
165843,2014-05-22 13:26:00+00:00,-73.992340000,40.743670000,0.073871629,0.790926631,8.000000000,1,-73.987340000,40.750980000
56586,2014-05-22 15:00:01+00:00,-73.995484000,40.749356000,-0.198795149,1.419070821,8.500000000,1,-74.004180000,40.742741000
148528,2014-05-22 18:28:10+00:00,-73.979722000,40.781519000,1.090334874,5.004757001,5.000000000,1,-73.973711000,40.791269000
57811,2014-05-22 18:31:00+00:00,-73.979472000,40.781597000,1.111329283,5.013661035,15.500000000,1,-73.993965000,40.761537000
80281,2014-05-22 18:40:35+00:00,-73.964036000,40.764638000,2.436059559,3.146349227,33.830000000,2,-73.864610000,40.770126000
71785,2014-05-22 19:00:00+00:00,-74.000005000,40.732895000,-0.559647427,-0.412574347,9.000000000,6,-73.983847000,40.749737000
152619,2014-05-22 19:12:32+00:00,-73.982305000,40.764834000,0.893866834,3.150061073,6.000000000,1,-73.985543000,40.776360000
35074,2014-05-22 21:10:07+00:00,-73.983672000,40.765918000,0.777095789,3.269055900,6.500000000,2,-73.978998000,40.752914000
133425,2014-05-22 21:28:00+00:00,-73.990607000,40.741230000,0.223300826,0.521750410,7.000000000,5,-73.993062000,40.747992000
85166,2014-05-22 22:58:00+00:00,-73.972977000,40.757992000,1.690056159,2.399721276,10.000000000,1,-73.995003000,40.728912000
108283,2014-05-22 23:13:38+00:00,-73.953882000,40.791010000,3.258163986,6.084019662,5.000000000,1,-73.947508000,40.784438000
168696,2014-05-23 01:02:03+00:00,-73.864056000,40.770106000,10.866737600,3.857788050,31.500000000,1,-73.788953000,40.641584000
102253,2014-05-23 02:26:00+00:00,-73.985040000,40.742285000,0.691977263,0.644282695,11.000000000,2,-74.014182000,40.708785000
180601,2014-05-23 02:36:05+00:00,-73.790132000,40.646910000,17.293978554,-9.734491057,25.000000000,1,-73.724012000,40.619988000
166718,2014-05-23 03:59:24+00:00,-73.977114000,40.763871000,1.333242520,3.048255650,8.500000000,1,-73.977248000,40.764054000
59088,2014-05-23 04:17:20+00:00,-73.971369000,40.675354000,1.933229857,-6.772062171,13.000000000,1,-73.940920000,40.642103000
147860,2014-05-23 04:58:00+00:00,-73.976325000,40.765560000,1.397648947,3.236524127,52.000000000,1,-73.784123000,40.642852000
103247,2014-05-23 07:26:00+00:00,-73.958662000,40.816332000,2.821493180,8.890174678,20.000000000,6,-73.986827000,40.756042000
37717,2014-05-23 08:09:57+00:00,-73.963951000,40.765739000,2.441790513,3.268653377,13.000000000,1,-73.987263000,40.744899000
83330,2014-05-23 08:30:13+00:00,-73.995492000,40.739550000,-0.187013250,0.330527335,5.000000000,1,-73.986654000,40.746809000
18334,2014-05-23 08:36:19+00:00,-73.992821000,40.749831000,0.025413589,1.474375723,8.500000000,1,-73.985163000,40.732484000
113651,2014-05-23 09:09:05+00:00,-73.955884000,40.779667000,3.104248519,4.822841954,5.500000000,1,-73.960670000,40.772480000
47452,2014-05-23 09:12:24+00:00,-73.952216000,40.778122000,3.415814347,4.655025552,33.500000000,1,-74.005563000,40.733891000
158653,2014-05-23 09:24:00+00:00,-73.870967000,40.773777000,10.278235325,4.257770141,26.500000000,2,-73.797777000,40.674652000
194705,2014-05-23 13:12:12+00:00,-73.972700000,40.780831000,1.683750201,4.935299768,6.500000000,1,-73.982297000,40.769494000
629,2014-05-23 15:21:51+00:00,-74.009497000,40.723484000,-1.349386510,-1.466344755,7.000000000,1,-74.014882000,40.711170000
43291,2014-05-23 16:39:15+00:00,-73.941206000,40.799249000,4.316578201,7.011452758,5.000000000,2,-73.951730000,40.793420000
55238,2014-05-23 17:59:00+00:00,-73.985557000,40.732577000,0.660779819,-0.433878170,7.500000000,1,-73.974635000,40.750267000
19579,2014-05-23 18:27:00+00:00,-73.983040000,40.744602000,0.857857878,0.903440681,6.000000000,1,-73.989143000,40.750437000
95851,2014-05-23 20:12:11+00:00,-73.997959000,40.724227000,-0.375897984,-1.372811482,5.500000000,1,-74.004516000,40.716447000
171712,2014-05-23 20:17:40+00:00,-73.956761000,40.768722000,3.044693823,3.606980254,16.000000000,1,-73.908416000,40.759714000
9451,2014-05-23 22:00:54+00:00,-74.010106000,40.720266000,-1.396792243,-1.824144012,7.500000000,3,-74.001620000,40.732254000
184925,2014-05-23 22:08:00+00:00,-73.981507000,40.780042000,0.941619355,4.839047840,19.000000000,1,-73.948218000,40.834070000
191030,2014-05-23 23:12:00+00:00,-73.968533000,40.758962000,2.063910414,2.511798407,7.500000000,6,-73.983660000,40.744005000
160129,2014-05-24 01:14:00+00:00,-73.862825000,40.769055000,10.972140846,3.742464294,14.000000000,5,-73.832915000,40.761475000
93576,2014-05-24 05:18:00+00:00,-73.917412000,40.760945000,6.376283190,2.783906777,7.500000000,6,-73.896400000,40.746442000
175451,2014-05-24 10:27:00+00:00,-73.998850000,40.761322000,-0.498110905,2.744137311,7.000000000,2,-73.981915000,40.768537000
9085,2014-05-24 12:50:11+00:00,-73.994780000,40.755518000,-0.147197440,2.103778060,15.000000000,2,-73.989826000,40.723244000
48882,2014-05-24 14:59:13+00:00,-73.973862000,40.763304000,1.608457093,2.988519326,16.500000000,2,-73.999620000,40.722031000
197458,2014-05-24 15:42:47+00:00,-73.973952000,40.750919000,1.616935941,1.613603085,9.500000000,2,-73.973281000,40.764016000
52464,2014-05-24 16:09:00+00:00,-73.783030000,40.644372000,17.898362847,-10.007940366,57.330000000,1,-73.975910000,40.741897000
148972,2014-05-24 16:33:00+00:00,-73.984812000,40.752437000,0.698192613,1.771450628,57.330000000,1,-73.779987000,40.645552000
128409,2014-05-24 18:17:43+00:00,-74.006898000,40.707106000,-1.109333143,-3.281930287,16.000000000,2,-73.988766000,40.739520000
137978,2014-05-24 23:10:00+00:00,-73.955275000,40.769022000,3.169711062,3.641774977,4.500000000,1,-73.963012000,40.775097000
79397,2014-05-24 23:29:00+00:00,-74.001902000,40.740547000,-0.729491333,0.435027941,4.500000000,1,-73.993797000,40.745822000
193285,2014-05-25 00:00:00+00:00,-73.985657000,40.746775000,0.634123961,1.142102713,10.000000000,1,-73.995440000,40.718685000
15073,2014-05-25 00:15:00+00:00,-73.950680000,40.779232000,3.543955690,4.779793851,8.500000000,1,-73.973230000,40.755077000
127839,2014-05-25 01:12:00+00:00,-74.008010000,40.740440000,-1.245070014,0.417304423,8.000000000,2,-73.990237000,40.729777000
63151,2014-05-25 02:24:42+00:00,-73.983967000,40.754241000,0.767206849,1.972533361,5.500000000,1,-73.999386000,40.761411000
107808,2014-05-25 03:48:23+00:00,-73.998954000,40.724542000,-0.460327376,-1.338802787,7.500000000,1,-73.982829000,40.731481000
72218,2014-05-25 03:58:43+00:00,-74.008733000,40.738177000,-1.303278055,0.165406111,20.000000000,3,-73.951323000,40.770329000
160480,2014-05-25 10:15:00+00:00,-73.966550000,40.800872000,2.176478528,7.166110001,30.000000000,6,-73.957377000,40.709125000
98385,2014-05-25 10:25:55+00:00,-73.980923000,40.742116000,1.039794422,0.629549812,8.000000000,1,-73.986600000,40.758543000
25171,2014-05-25 10:41:00+00:00,-73.987767000,40.751157000,0.450378029,1.626479911,18.000000000,6,-74.014267000,40.704305000
96312,2014-05-25 13:05:00+00:00,-73.983647000,40.744685000,0.806503808,0.912060703,8.500000000,2,-73.983677000,40.764255000
65257,2014-05-25 14:08:00+00:00,-73.970018000,40.769180000,1.925247470,3.644601816,8.000000000,6,-73.983042000,40.780875000
47557,2014-05-25 16:27:00+00:00,-73.975778000,40.740580000,1.476178749,0.464098670,17.500000000,1,-74.016070000,40.715347000
143639,2014-05-25 16:46:00+00:00,-73.969464000,40.800481000,1.931174852,7.119812358,14.500000000,1,-73.980282000,40.764484000
11987,2014-05-25 17:38:00+00:00,-73.984640000,40.753590000,0.711231581,1.899610052,9.500000000,1,-73.987477000,40.728712000
162994,2014-05-25 19:04:08+00:00,-73.990385000,40.737204000,0.247184609,0.075051618,5.000000000,1,-74.003093000,40.742564000
7027,2014-05-25 19:33:00+00:00,-73.989975000,40.744285000,0.272759400,0.861490918,6.500000000,2,-73.978345000,40.751907000
143422,2014-05-25 21:30:45+00:00,-74.003475000,40.732150000,-0.851722696,-0.498606078,6.500000000,1,-73.992376000,40.725099000
61879,2014-05-25 22:19:18+00:00,-73.974656000,40.750659000,1.557841900,1.584046602,7.500000000,2,-73.986672000,40.729958000
58458,2014-05-25 22:43:00+00:00,-73.991583000,40.738772000,0.144030069,0.247947963,7.500000000,1,-73.984017000,40.750917000
95027,2014-05-25 23:52:00+00:00,-73.945333000,40.808107000,3.956602140,7.990569833,26.000000000,1,-73.937020000,40.752047000
168395,2014-05-26 01:29:00+00:00,-73.955782000,40.772347000,3.122528653,4.010366524,14.500000000,1,-73.907480000,40.741002000
98613,2014-05-26 03:55:00+00:00,-74.007422000,40.725965000,-1.177257694,-1.188958429,35.000000000,1,-73.807520000,40.730405000
127995,2014-05-26 09:32:54+00:00,-73.997700000,40.736097000,-0.369066418,-0.054910715,6.500000000,1,-73.985325000,40.738150000
158562,2014-05-26 11:55:00+00:00,-73.973242000,40.748102000,1.680531998,1.301596434,8.000000000,5,-73.994982000,40.743887000
175633,2014-05-26 14:49:52+00:00,-73.789540000,40.646465000,17.344713019,-9.783200164,20.500000000,2,-73.825864000,40.723557000
34788,2014-05-26 15:38:00+00:00,-74.014070000,40.703525000,-1.710723724,-3.686268539,17.500000000,1,-73.977065000,40.751987000
172219,2014-05-26 15:59:00+00:00,-73.982102000,40.768402000,0.906405182,3.546334931,4.000000000,1,-73.976305000,40.764810000
126514,2014-05-26 16:13:00+00:00,-73.978575000,40.754487000,1.222055424,2.005124937,10.500000000,1,-74.000032000,40.726867000
95597,2014-05-26 17:31:00+00:00,-73.994290000,40.756665000,-0.107294048,2.231577389,6.000000000,1,-73.984745000,40.766557000
146486,2014-05-26 18:08:00+00:00,-73.999505000,40.761360000,-0.553445002,2.747725002,11.500000000,1,-73.973248000,40.782640000
107532,2014-05-26 18:30:00+00:00,-73.949742000,40.772402000,3.632185270,4.022556967,16.500000000,2,-73.997687000,40.745007000
31318,2014-05-26 23:02:34+00:00,-74.005765000,40.740542000,-1.055647302,0.430771581,9.500000000,1,-73.982916000,40.765764000
54750,2014-05-26 23:37:53+00:00,-74.000135000,40.726958000,-0.563119794,-1.071746852,8.000000000,2,-73.993919000,40.712496000
75459,2014-05-27 05:18:07+00:00,-74.002204000,40.739535000,-0.753713002,0.322398982,26.000000000,1,-73.940357000,40.840184000
93160,2014-05-27 07:45:00+00:00,-73.994425000,40.756002000,-0.117846314,2.157848930,6.000000000,1,-73.993933000,40.746352000
67208,2014-05-27 07:49:00+00:00,-73.873115000,40.774002000,10.096642892,4.280416137,39.330000000,2,-73.982315000,40.762957000
164382,2014-05-27 08:14:36+00:00,-73.968009000,40.802635000,2.051099236,7.360367973,15.000000000,1,-73.947856000,40.792933000
159392,2014-05-27 09:02:00+00:00,-73.967405000,40.769112000,2.145863799,3.639645616,4.000000000,4,-73.958688000,40.769035000
47389,2014-05-27 09:11:09+00:00,-74.006408000,40.733250000,-1.100775869,-0.379305552,10.000000000,1,-73.987227000,40.752100000
120370,2014-05-27 09:48:00+00:00,-73.978160000,40.745312000,1.268945726,0.987040746,7.000000000,1,-73.971718000,40.754807000
104355,2014-05-27 10:47:14+00:00,-73.990855000,40.734626000,0.210788950,-0.211580667,7.500000000,1,-74.001783000,40.719846000
97592,2014-05-27 11:00:00+00:00,-73.785512000,40.650467000,17.679154220,-9.334256666,57.330000000,6,-73.971433000,40.757157000
135766,2014-05-27 11:10:00+00:00,-73.972212000,40.764822000,1.745749280,3.158658890,5.000000000,5,-73.981607000,40.757295000
115270,2014-05-27 11:25:00+00:00,-73.953645000,40.767005000,3.309947818,3.419511758,20.000000000,1,-74.004068000,40.747602000
18146,2014-05-27 13:33:10+00:00,-73.953963000,40.778999000,3.267232711,4.750620017,4.500000000,1,-73.946500000,40.789064000
16601,2014-05-27 15:04:08+00:00,-73.992589000,40.753294000,0.040586529,1.859018654,6.500000000,1,-73.995798000,40.762233000
67529,2014-05-27 15:24:00+00:00,-73.956492000,40.783857000,3.047409833,5.287354977,9.000000000,1,-73.948063000,40.773842000
86220,2014-05-27 19:54:00+00:00,-73.991225000,40.750162000,0.159726657,1.512666534,29.000000000,1,-73.934082000,40.667245000
106311,2014-05-27 20:44:00+00:00,-73.974325000,40.793752000,1.529855124,6.368029700,4.500000000,3,-73.965727000,40.800442000
196520,2014-05-27 20:57:00+00:00,-73.998062000,40.722647000,-0.382595455,-1.548301337,15.000000000,1,-73.986857000,40.760835000
29488,2014-05-27 21:11:43+00:00,-73.966657000,40.753587000,2.229288111,1.916996255,12.000000000,1,-73.973732000,40.787252000
155099,2014-05-27 22:58:00+00:00,-73.954920000,40.788392000,3.174052670,5.792356076,5.500000000,6,-73.959742000,40.776497000
76701,2014-05-27 22:58:46+00:00,-73.957916000,40.769583000,2.946080107,3.701399445,12.000000000,1,-73.988571000,40.727549000
195,2014-05-28 01:00:00+00:00,-74.005477000,40.738575000,-1.028857049,0.212696319,14.500000000,5,-73.972722000,40.756735000
29703,2014-05-28 07:28:36+00:00,-73.978887000,40.787498000,1.153065231,5.669293454,10.500000000,1,-73.950715000,40.800744000
134755,2014-05-28 07:29:00+00:00,-73.954970000,40.769290000,3.195097629,3.671831638,4.000000000,1,-73.958877000,40.773022000
157062,2014-05-28 07:41:00+00:00,-73.991732000,40.755357000,0.110300170,2.088857563,9.000000000,2,-73.977663000,40.754157000
166368,2014-05-28 07:53:54+00:00,-73.992265000,40.769137000,0.047739316,3.618023600,17.500000000,1,-73.949529000,40.806952000
88995,2014-05-28 09:31:00+00:00,-73.992895000,40.747092000,0.022655292,1.170255309,5.500000000,1,-73.985777000,40.744380000
130968,2014-05-28 09:53:30+00:00,-73.978846000,40.762218000,1.189192130,2.863057374,22.500000000,1,-74.014157000,40.710027000
3113,2014-05-28 10:08:58+00:00,-73.955389000,40.773591000,3.154050428,4.148855156,10.500000000,1,-73.974709000,40.754172000
131066,2014-05-28 11:36:51+00:00,-73.980335000,40.751552000,1.077270798,1.677590613,11.000000000,1,-74.001833000,40.761545000
82440,2014-05-28 11:49:00+00:00,-73.970887000,40.758770000,1.865461098,2.488151977,8.000000000,1,-73.953135000,40.772232000
101127,2014-05-28 13:02:00+00:00,-73.959912000,40.770792000,2.776034939,3.833608821,7.500000000,6,-73.951630000,40.766382000
140421,2014-05-28 13:38:00+00:00,-73.789437000,40.646727000,17.353021562,-9.753996598,28.000000000,1,-73.747635000,40.602712000
99386,2014-05-28 15:34:00+00:00,-73.981587000,40.758662000,0.962419385,2.465625891,12.000000000,3,-73.951835000,40.781830000
21860,2014-05-28 15:46:00+00:00,-73.964405000,40.767932000,2.400599137,3.511640866,11.500000000,1,-73.977670000,40.757723000
115758,2014-05-28 15:46:00+00:00,-73.989938000,40.744017000,0.276225565,0.831776951,11.000000000,6,-73.970122000,40.752497000
137706,2014-05-28 16:07:13+00:00,-73.955487000,40.787850000,3.126930347,5.731619725,4.500000000,1,-73.956495000,40.780818000
132093,2014-05-28 16:57:02+00:00,-73.962925000,40.778136000,2.512116933,4.645840086,12.000000000,1,-73.970063000,40.759765000
63349,2014-05-28 17:28:00+00:00,-74.006772000,40.730952000,-1.128626812,-0.634747024,8.500000000,1,-73.996470000,40.747900000
93049,2014-05-28 17:53:00+00:00,-73.972177000,40.757673000,1.757999269,2.365100537,5.500000000,1,-73.961037000,40.756855000
187499,2014-05-28 18:39:00+00:00,-73.957115000,40.783480000,2.995340126,5.244879687,12.500000000,1,-73.967097000,40.778372000
142603,2014-05-28 18:54:00+00:00,-73.995865000,40.725365000,-0.200497887,-1.244465676,5.000000000,6,-74.000150000,40.718832000
13630,2014-05-28 20:30:35+00:00,-73.998270000,40.729577000,-0.408938137,-0.779224925,6.500000000,1,-73.987728000,40.721223000
105567,2014-05-28 20:33:00+00:00,-74.010652000,40.729267000,-1.454163784,-0.825492644,5.000000000,2,-74.001857000,40.730552000
161746,2014-05-28 22:53:00+00:00,-73.996625000,40.737467000,-0.280033712,0.098205710,12.000000000,1,-73.990902000,40.719220000
119107,2014-05-28 23:20:21+00:00,-73.874556000,40.774092000,9.974907901,4.288845688,33.330000000,2,-73.982133000,40.762585000
14161,2014-05-29 01:06:26+00:00,-73.974665000,40.759547000,1.545554384,2.570671673,5.000000000,1,-73.985828000,40.761958000
88058,2014-05-29 01:27:19+00:00,-73.970080000,40.756454000,1.936596966,2.231857824,5.000000000,1,-73.961415000,40.760173000
131301,2014-05-29 09:55:00+00:00,-73.978460000,40.754695000,1.231494356,2.028327470,6.500000000,1,-73.979752000,40.765342000
28877,2014-05-29 10:02:00+00:00,-73.987097000,40.760575000,0.494871576,2.672599890,10.500000000,5,-74.004870000,40.746362000
118813,2014-05-29 10:26:00+00:00,-74.005337000,40.740880000,-1.019935390,0.468701325,15.000000000,1,-74.013362000,40.708557000
192445,2014-05-29 10:28:00+00:00,-74.003158000,40.734135000,-0.827456127,-0.277953578,8.500000000,1,-74.003765000,40.748402000
51369,2014-05-29 11:05:33+00:00,-73.870858000,40.773913000,10.287239599,4.272985673,37.830000000,2,-73.988434000,40.757827000
94114,2014-05-29 12:02:57+00:00,-73.979136000,40.771910000,1.152195910,3.938658402,21.000000000,1,-74.003639000,40.720733000
123994,2014-05-29 13:03:00+00:00,-73.982377000,40.773195000,0.877024218,4.078125467,15.000000000,1,-73.963770000,40.764592000
27107,2014-05-29 13:04:41+00:00,-73.974169000,40.756624000,1.591214173,2.246686143,9.500000000,1,-73.965323000,40.770360000
134978,2014-05-29 13:34:44+00:00,-73.983888000,40.765521000,0.759375700,3.224774739,6.500000000,1,-73.995762000,40.764510000
156360,2014-05-29 14:38:00+00:00,-73.965570000,40.756167000,2.317672394,2.204476538,9.500000000,1,-73.976485000,40.760840000
84910,2014-05-29 15:13:41+00:00,-73.978666000,40.746973000,1.224080429,1.170926548,5.500000000,1,-73.979841000,40.752863000
48399,2014-05-29 17:59:37+00:00,-73.968326000,40.796751000,2.032044774,6.706880508,13.000000000,2,-73.941415000,40.825284000
80807,2014-05-29 18:08:45+00:00,-73.958146000,40.778817000,2.914494821,4.726215505,4.500000000,1,-73.953725000,40.787129000
196870,2014-05-29 19:06:00+00:00,-73.988922000,40.768517000,0.330669158,3.552445046,6.500000000,2,-73.970402000,40.767962000
184021,2014-05-29 19:43:14+00:00,-73.974365000,40.764669000,1.564230789,3.139548292,5.000000000,1,-73.969045000,40.763927000
182028,2014-05-29 19:57:18+00:00,-73.990506000,40.731265000,0.244548390,-0.584336139,6.500000000,1,-74.002935000,40.734092000
7746,2014-05-29 20:02:00+00:00,-73.985737000,40.735362000,0.642008577,-0.124899374,11.500000000,1,-73.981613000,40.714587000
28099,2014-05-29 20:03:00+00:00,-74.009445000,40.711130000,-1.329527365,-2.837669950,8.000000000,2,-74.001775000,40.729470000
52578,2014-05-29 20:26:44+00:00,-73.988434000,40.764436000,0.377078088,3.099897949,5.500000000,1,-73.982883000,40.773149000
34100,2014-05-29 20:44:00+00:00,-73.987842000,40.729472000,0.471802125,-0.780781541,13.000000000,5,-73.966068000,40.762922000
105789,2014-05-29 21:28:42+00:00,-73.985177000,40.732502000,0.692964212,-0.441832859,20.000000000,1,-73.992212000,40.679947000
155805,2014-05-29 21:31:00+00:00,-73.982985000,40.734947000,0.874918391,-0.168278975,18.000000000,1,-73.938978000,40.791107000
66087,2014-05-29 21:38:00+00:00,-73.986942000,40.739245000,0.535285458,0.304966082,4.500000000,6,-73.992575000,40.741157000
6834,2014-05-29 22:07:00+00:00,-74.005390000,40.740035000,-1.023347486,0.374849715,14.000000000,1,-73.966172000,40.761752000
192916,2014-05-29 22:19:00+00:00,-73.954410000,40.764122000,3.249196465,3.098706750,10.000000000,5,-73.976610000,40.733647000
84160,2014-05-29 22:24:58+00:00,-73.995024000,40.739952000,-0.148009173,0.375604432,6.000000000,1,-73.985630000,40.752697000
95782,2014-05-29 23:05:43+00:00,-73.988704000,40.760108000,0.359826840,2.619194871,17.000000000,2,-73.997332000,40.720848000
181165,2014-05-29 23:43:58+00:00,-73.989287000,40.747838000,0.326303987,1.256568032,13.000000000,1,-73.976007000,40.788955000
19791,2014-05-30 01:13:00+00:00,-74.005878000,40.740202000,-1.064760736,0.392921151,19.500000000,6,-73.942870000,40.785752000
196054,2014-05-30 03:17:00+00:00,-73.999940000,40.714967000,-0.531493844,-2.402640073,7.500000000,1,-73.988805000,40.736725000
165503,2014-05-30 07:25:00+00:00,-73.956945000,40.766397000,3.032233227,3.348702604,8.500000000,1,-73.971115000,40.782792000
156260,2014-05-30 08:15:26+00:00,-73.981220000,40.774526000,0.972948852,4.227010063,19.500000000,1,-73.987267000,40.738013000
10225,2014-05-30 10:58:46+00:00,-73.979772000,40.746266000,1.131619362,1.091358493,15.000000000,2,-74.006077000,40.719528000
184517,2014-05-30 11:32:34+00:00,-73.872086000,40.773944000,10.183563581,4.275093708,34.830000000,1,-73.970409000,40.756083000
70725,2014-05-30 13:05:59+00:00,-73.970647000,40.796338000,1.836780243,6.658732878,11.000000000,1,-73.989765000,40.767285000
183579,2014-05-30 13:17:00+00:00,-73.969832000,40.761432000,1.951043819,2.784698967,12.000000000,1,-73.982337000,40.769072000
69500,2014-05-30 13:33:04+00:00,-73.967914000,40.756100000,2.119896365,2.194709301,18.000000000,1,-74.015641000,40.706687000
178291,2014-05-30 14:09:29+00:00,-73.962920000,40.810835000,2.469607823,8.275702743,19.000000000,1,-73.967283000,40.764232000
96561,2014-05-30 14:58:12+00:00,-73.966909000,40.793775000,2.155477117,6.377927557,9.000000000,1,-73.954197000,40.808674000
157620,2014-05-30 16:13:36+00:00,-73.982339000,40.769626000,0.884826952,3.681976240,31.500000000,2,-73.996651000,40.726975000
136128,2014-05-30 16:20:47+00:00,-73.986961000,40.729210000,0.546535003,-0.809007337,4.500000000,1,-73.995441000,40.732577000
124879,2014-05-30 16:43:00+00:00,-73.967915000,40.762535000,2.111410072,2.909041787,13.000000000,1,-73.986848000,40.734000000
99887,2014-05-30 18:14:09+00:00,-73.977551000,40.779543000,1.276082191,4.787538657,11.000000000,2,-73.963659000,40.794402000
178915,2014-05-30 18:40:00+00:00,-73.974965000,40.756397000,1.524316444,2.220702288,7.500000000,5,-73.984482000,40.763055000
100736,2014-05-30 20:12:47+00:00,-73.992004000,40.757913000,0.084080489,2.372328606,15.500000000,1,-74.005749000,40.725738000
22404,2014-05-30 20:36:00+00:00,-74.005602000,40.750977000,-1.055008055,1.589286420,6.500000000,1,-73.992147000,40.759777000
12878,2014-05-30 20:43:10+00:00,-74.001887000,40.721261000,-0.703887206,-1.705835337,23.000000000,2,-73.958049000,40.769617000
21333,2014-05-30 21:04:00+00:00,-74.000272000,40.761812000,-0.618756123,2.797162460,14.500000000,1,-74.000837000,40.727185000
196026,2014-05-30 21:23:00+00:00,-73.776790000,40.645292000,18.424564935,-9.898494878,29.500000000,1,-73.894695000,40.645325000
13673,2014-05-30 21:40:21+00:00,-73.964576000,40.764075000,2.391219991,3.083313919,5.500000000,2,-73.951082000,40.772931000
9410,2014-05-30 21:58:00+00:00,-73.961427000,40.768797000,2.650799333,3.610633584,8.000000000,1,-73.961370000,40.768837000
168744,2014-05-30 22:38:00+00:00,-73.989182000,40.719838000,0.370954579,-1.851524413,20.000000000,1,-73.980725000,40.776480000
167769,2014-05-31 00:47:28+00:00,-73.982718000,40.731270000,0.902193226,-0.576190386,4.500000000,1,-73.974286000,40.737019000
9801,2014-05-31 00:50:15+00:00,-73.976268000,40.787987000,1.373404606,5.726152558,8.500000000,2,-73.965184000,40.809676000
104849,2014-05-31 00:59:00+00:00,-73.989263000,40.700762000,0.388480344,-3.969163281,7.500000000,3,-73.971525000,40.695750000
77250,2014-05-31 01:17:00+00:00,-74.005285000,40.739922000,-1.014339880,0.362406380,9.000000000,1,-73.991507000,40.727615000
117451,2014-05-31 01:52:09+00:00,-74.004807000,40.719112000,-0.947797591,-1.947187419,17.000000000,1,-73.960410000,40.761968000
40117,2014-05-31 02:17:00+00:00,-74.007500000,40.712882000,-1.167431706,-2.641332029,6.500000000,3,-73.997785000,40.720785000
104438,2014-05-31 02:59:00+00:00,-74.013485000,40.716535000,-1.677523430,-2.241520747,22.500000000,5,-73.965313000,40.791997000
169828,2014-05-31 11:05:43+00:00,-73.978229000,40.777901000,1.220993724,4.604597095,8.000000000,1,-73.976966000,40.758374000
72140,2014-05-31 12:54:54+00:00,-73.972112000,40.762694000,1.756956838,2.922533602,6.000000000,1,-73.960854000,40.765580000
149629,2014-05-31 13:07:00+00:00,-74.005577000,40.740590000,-1.039834376,0.436279716,6.500000000,1,-74.005445000,40.727877000
139379,2014-05-31 13:25:00+00:00,-73.982720000,40.751337000,0.876209229,1.651387541,5.000000000,1,-73.976777000,40.757995000
123026,2014-05-31 14:13:00+00:00,-73.979160000,40.775875000,1.145048463,4.378780553,11.000000000,1,-73.950010000,40.780297000
129146,2014-05-31 14:22:00+00:00,-74.003652000,40.732170000,-0.866694300,-0.496555572,4.500000000,6,-74.006242000,40.722702000
6603,2014-05-31 17:26:15+00:00,-73.987749000,40.748835000,0.454870455,1.368738587,8.000000000,2,-74.003237000,40.734877000
135578,2014-05-31 17:36:13+00:00,-73.991451000,40.739190000,0.154642352,0.294476941,6.500000000,1,-74.005148000,40.729090000
17452,2014-05-31 17:43:00+00:00,-73.952227000,40.777327000,3.415940284,4.566763136,5.000000000,2,-73.953922000,40.782122000
184031,2014-05-31 17:46:25+00:00,-73.995968000,40.737008000,-0.223976327,0.047887765,10.500000000,2,-73.987477000,40.762113000
76495,2014-05-31 18:05:22+00:00,-73.984531000,40.745766000,0.730481867,1.031195655,9.000000000,2,-73.999202000,40.732521000
62916,2014-05-31 21:01:00+00:00,-73.964538000,40.756032000,2.404963194,2.190517923,5.500000000,1,-73.955607000,40.768342000
125645,2014-05-31 21:44:00+00:00,-73.984603000,40.728852000,0.746120092,-0.846447674,14.500000000,1,-73.951667000,40.766272000
25806,2014-05-31 22:59:00+00:00,-73.966767000,40.710682000,2.276052602,-2.845869794,16.500000000,1,-73.997825000,40.678710000
121121,2014-06-01 00:51:00+00:00,-73.989163000,40.718972000,0.373665802,-1.947637725,11.000000000,1,-73.999558000,40.733455000
174075,2014-06-01 01:56:00+00:00,-73.982407000,40.767672000,0.881603940,3.465000757,5.500000000,1,-73.979280000,40.754112000
156735,2014-06-01 02:00:00+00:00,-73.985930000,40.758607000,0.595899340,2.455274962,26.500000000,1,-73.953047000,40.688922000
166041,2014-06-01 03:03:17+00:00,-73.999904000,40.751855000,-0.575098196,1.692216511,54.000000000,1,-74.029751000,40.755113000
142828,2014-06-01 03:30:20+00:00,-74.002637000,40.760695000,-0.816965685,2.670895517,8.500000000,4,-73.989088000,40.745499000
18852,2014-06-01 03:53:17+00:00,-73.985189000,40.763454000,0.652224078,2.994051283,15.500000000,1,-73.952389000,40.801493000
33837,2014-06-01 04:11:00+00:00,-73.987032000,40.761260000,0.499480206,2.748703338,10.000000000,1,-73.973797000,40.791767000
4993,2014-06-01 07:25:22+00:00,-73.999832000,40.738813000,-0.552523206,0.244531073,7.000000000,1,-73.987799000,40.759325000
58427,2014-06-01 07:54:00+00:00,-73.991737000,40.684732000,0.199888686,-5.750993810,12.500000000,5,-73.991872000,40.722090000
163929,2014-06-01 09:33:12+00:00,-74.009320000,40.715425000,-1.324346363,-2.360778121,6.000000000,3,-74.014407000,40.703951000
194585,2014-06-01 09:55:00+00:00,-73.967895000,40.791547000,2.075204111,6.129621817,6.500000000,5,-73.975755000,40.776397000
183182,2014-06-01 14:02:20+00:00,-73.994527000,40.750680000,-0.119687780,1.566969503,13.000000000,1,-73.972478000,40.746360000
179573,2014-06-01 15:12:00+00:00,-73.978395000,40.762435000,1.226978343,2.887589124,8.000000000,1,-73.990193000,40.756680000
76206,2014-06-01 16:04:11+00:00,-73.974060000,40.747115000,1.612754737,1.191224695,19.000000000,1,-74.014948000,40.714230000
29858,2014-06-01 16:38:00+00:00,-74.005782000,40.731592000,-1.045831249,-0.562756471,11.000000000,1,-73.983157000,40.761137000
146672,2014-06-01 20:14:00+00:00,-73.870800000,40.773700000,10.292438630,4.249403903,33.330000000,1,-73.983080000,40.730570000
90054,2014-06-01 22:14:00+00:00,-73.967697000,40.756242000,2.138028521,2.210687820,15.500000000,3,-73.966252000,40.804132000
14881,2014-06-01 23:04:00+00:00,-74.000897000,40.720475000,-0.619282342,-1.792135765,8.000000000,1,-73.994507000,40.700242000
9424,2014-06-01 23:39:00+00:00,-74.000488000,40.732462000,-0.599885741,-0.461104755,4.000000000,2,-73.996020000,40.738617000
135535,2014-06-01 23:55:00+00:00,-73.870950000,40.773770000,10.279679971,4.257011548,24.500000000,1,-73.918750000,40.696740000
55856,2014-06-02 00:30:17+00:00,-73.979217000,40.766208000,1.152724847,3.305613197,4.500000000,2,-73.965618000,40.760572000
57093,2014-06-02 07:53:00+00:00,-73.991500000,40.745627000,0.142295531,1.008982085,11.000000000,6,-74.013597000,40.715480000
156697,2014-06-02 08:58:00+00:00,-73.951352000,40.825452000,3.425880026,9.909925024,24.000000000,1,-73.991502000,40.751452000
102336,2014-06-02 09:51:38+00:00,-73.961033000,40.780788000,2.668286178,4.942122534,10.500000000,1,-73.982622000,40.764943000
50486,2014-06-02 12:42:00+00:00,-73.988405000,40.703432000,0.457553657,-3.671942008,32.500000000,1,-73.947888000,40.805477000
55557,2014-06-02 14:13:59+00:00,-73.983400000,40.756119000,0.812655212,2.181559515,16.000000000,1,-73.949778000,40.784563000
154488,2014-06-02 14:21:00+00:00,-73.978563000,40.763197000,1.211813629,2.972011787,9.000000000,1,-73.980707000,40.779765000
177717,2014-06-02 14:52:00+00:00,-73.986750000,40.742755000,0.546999298,0.694788083,8.000000000,1,-73.978840000,40.755257000
138555,2014-06-02 15:10:39+00:00,-74.015561000,40.709834000,-1.844530672,-2.987342329,48.330000000,2,-73.941579000,40.593227000
187688,2014-06-02 16:54:00+00:00,-73.988877000,40.753370000,0.353842624,1.871058882,4.000000000,1,-73.988013000,40.748010000
118601,2014-06-02 17:01:08+00:00,-73.970151000,40.788935000,1.888275107,5.837430925,11.000000000,1,-73.941033000,40.814392000
31224,2014-06-02 17:34:52+00:00,-73.975842000,40.751456000,1.456687709,1.671350409,13.500000000,1,-73.984890000,40.769032000
78857,2014-06-02 18:47:28+00:00,-74.006930000,40.730366000,-1.141233290,-0.699947928,19.500000000,1,-73.967309000,40.788017000
40745,2014-06-02 19:25:00+00:00,-73.974197000,40.788855000,1.547012869,5.824549361,8.500000000,1,-73.982103000,40.772435000
177308,2014-06-02 19:29:00+00:00,-73.971292000,40.795147000,1.783917920,6.525883530,4.000000000,1,-73.969027000,40.800902000
94857,2014-06-02 21:46:40+00:00,-74.003813000,40.722368000,-0.867944942,-1.584798004,17.500000000,1,-73.960610000,40.658065000
27332,2014-06-02 23:30:00+00:00,-73.988842000,40.743815000,0.369017008,0.810418889,5.500000000,1,-74.001390000,40.746272000
185257,2014-06-03 00:04:14+00:00,-73.988343000,40.745815000,0.408587879,1.032918644,9.500000000,1,-73.964074000,40.756987000
37894,2014-06-03 00:44:51+00:00,-73.973131000,40.689491000,1.765978730,-5.204510544,7.500000000,1,-73.994068000,40.678258000
176980,2014-06-03 07:57:29+00:00,-73.961145000,40.801700000,2.631334555,7.263413341,7.000000000,1,-73.969835000,40.784784000
35081,2014-06-03 08:06:58+00:00,-73.977564000,40.763779000,1.295380193,3.037600262,6.500000000,1,-73.975084000,40.756908000
52637,2014-06-03 08:54:00+00:00,-74.003237000,40.753020000,-0.857932454,1.818338972,13.000000000,2,-73.978470000,40.764952000
174587,2014-06-03 10:29:00+00:00,-73.987030000,40.738677000,0.528582828,0.241828333,6.500000000,1,-73.984715000,40.746130000
151939,2014-06-03 15:21:41+00:00,-74.013152000,40.716607000,-1.649487158,-2.233212295,28.500000000,1,-73.955297000,40.779467000
185887,2014-06-03 18:40:19+00:00,-73.974840000,40.732808000,1.565451156,-0.397723833,21.500000000,1,-73.979391000,40.766573000
130846,2014-06-03 19:23:12+00:00,-73.982088000,40.762264000,0.915491733,2.864984159,9.000000000,2,-73.993227000,40.758907000
92761,2014-06-03 19:29:00+00:00,-73.988232000,40.731797000,0.435893885,-0.523070099,13.000000000,1,-73.956117000,40.773000000
137660,2014-06-03 21:02:00+00:00,-73.973265000,40.759140000,1.664254862,2.526873394,8.500000000,1,-73.983982000,40.738327000
128099,2014-06-03 21:58:00+00:00,-73.981530000,40.740845000,0.990182115,0.487864947,11.500000000,5,-74.008267000,40.718057000
71967,2014-06-03 22:05:00+00:00,-74.008568000,40.715935000,-1.261468422,-2.303448067,20.500000000,1,-73.971910000,40.787295000
170151,2014-06-04 07:02:00+00:00,-73.967420000,40.793090000,2.113261949,6.301379175,11.500000000,5,-73.953590000,40.764790000
129226,2014-06-04 08:29:00+00:00,-73.885230000,40.772980000,9.075693144,4.153902389,42.330000000,1,-73.979090000,40.763230000
100981,2014-06-04 09:07:48+00:00,-73.984746000,40.767558000,0.684343152,3.450058871,20.000000000,1,-73.984796000,40.767583000
13863,2014-06-04 10:15:52+00:00,-73.991133000,40.765558000,0.147844398,3.221825532,10.000000000,1,-73.994978000,40.749726000
154353,2014-06-04 11:07:04+00:00,-73.983378000,40.755088000,0.815838147,2.067132415,7.500000000,1,-73.981536000,40.766459000
77568,2014-06-04 11:31:00+00:00,-73.985285000,40.744740000,0.668141452,0.916566095,8.500000000,2,-74.000212000,40.737687000
100438,2014-06-04 12:42:00+00:00,-73.974247000,40.755912000,1.585553888,2.167571877,6.000000000,1,-73.980880000,40.744607000
161233,2014-06-04 13:18:00+00:00,-73.979785000,40.786282000,1.078868524,5.533425943,15.000000000,1,-73.986183000,40.760845000
137047,2014-06-04 14:15:00+00:00,-73.971197000,40.755357000,1.843735986,2.108976631,12.000000000,1,-73.983780000,40.755232000
183724,2014-06-04 15:55:00+00:00,-73.953965000,40.765952000,3.284333752,3.302298553,5.500000000,6,-73.962037000,40.769572000
2074,2014-06-04 19:45:00+00:00,-73.987492000,40.765502000,0.455219393,3.219149058,6.000000000,1,-73.995297000,40.749710000
86962,2014-06-04 20:14:00+00:00,-73.969927000,40.757492000,1.948159500,2.347235177,8.000000000,1,-73.955490000,40.776902000
167337,2014-06-04 20:23:07+00:00,-73.959272000,40.763112000,2.840160265,2.981710077,24.000000000,1,-74.010607000,40.721051000
171795,2014-06-04 20:33:00+00:00,-73.795072000,40.644745000,16.879586198,-9.980554330,57.330000000,6,-73.998497000,40.744535000
106889,2014-06-04 20:40:15+00:00,-73.922798000,40.701857000,6.002143623,-3.780884945,7.500000000,1,-73.949999000,40.699761000
100845,2014-06-04 21:07:46+00:00,-74.001503000,40.730947000,-0.683682394,-0.630255374,23.000000000,1,-73.936762000,40.750361000
91982,2014-06-04 21:19:00+00:00,-74.001660000,40.735430000,-0.702598981,-0.132762330,7.500000000,1,-74.014400000,40.715995000
29654,2014-06-04 22:50:04+00:00,-73.994185000,40.751156000,-0.091421844,1.620139772,29.500000000,1,-73.911281000,40.844417000
6381,2014-06-04 22:52:00+00:00,-73.969687000,40.757852000,1.967948944,2.387435708,5.500000000,1,-73.982490000,40.763122000
125249,2014-06-04 23:12:55+00:00,-73.988151000,40.722905000,0.454108555,-1.510064019,7.500000000,1,-73.974910000,40.731126000
161765,2014-06-04 23:52:00+00:00,-73.988768000,40.736897000,0.384111239,0.042543943,11.500000000,1,-73.979357000,40.764392000
83218,2014-06-05 00:00:00+00:00,-73.981932000,40.731020000,0.968888153,-0.603172788,7.000000000,5,-73.986277000,40.743497000
85467,2014-06-05 00:41:00+00:00,-73.991302000,40.730135000,0.178771942,-0.710546461,54.500000000,5,-73.950607000,40.588590000
2553,2014-06-05 01:07:44+00:00,-73.951894000,40.777764000,3.443461189,4.615609329,8.500000000,3,-73.954433000,40.799627000
95789,2014-06-05 08:39:39+00:00,-73.995877000,40.724470000,-0.200375213,-1.343828303,11.500000000,1,-73.993697000,40.752567000
15068,2014-06-05 08:48:00+00:00,-73.964570000,40.770200000,2.383702074,3.763242041,11.500000000,1,-73.978120000,40.758395000
20809,2014-06-05 09:39:06+00:00,-74.003725000,40.742043000,-0.885296330,0.599345940,13.000000000,1,-73.984146000,40.754067000
119158,2014-06-05 10:45:00+00:00,-73.986677000,40.702445000,0.604797789,-3.779822874,13.000000000,1,-74.006270000,40.727770000
178447,2014-06-05 10:49:00+00:00,-73.871017000,40.773692000,10.274137220,4.248280125,38.830000000,5,-73.986590000,40.750412000
188373,2014-06-05 11:44:00+00:00,-73.979837000,40.752622000,1.117930530,1.796857027,3.000000000,1,-73.974767000,40.749742000
105242,2014-06-05 12:05:16+00:00,-73.987381000,40.738405000,0.499294502,0.211292495,17.000000000,1,-73.972104000,40.761043000
56004,2014-06-05 12:40:48+00:00,-74.007825000,40.740463000,-1.229478860,0.420034114,10.500000000,1,-73.992060000,40.746742000
168975,2014-06-05 16:27:00+00:00,-73.940458000,40.789832000,4.392309829,5.966849531,12.500000000,1,-73.970730000,40.793745000
189830,2014-06-05 18:09:00+00:00,-73.958980000,40.771718000,2.853470604,3.937334990,5.000000000,1,-73.958307000,40.778678000
55662,2014-06-05 18:39:00+00:00,-73.957395000,40.777125000,2.980099839,4.539143078,5.500000000,4,-73.961040000,40.769887000
139632,2014-06-05 18:39:00+00:00,-73.990675000,40.771378000,0.179067281,3.868334278,12.000000000,1,-73.974138000,40.753957000
75424,2014-06-05 19:01:00+00:00,-73.983258000,40.766377000,0.811447069,3.320413220,9.500000000,1,-73.961352000,40.766580000
139659,2014-06-05 20:56:00+00:00,-73.976232000,40.780687000,1.385901285,4.915829923,21.000000000,1,-74.015957000,40.711542000
83343,2014-06-05 21:06:05+00:00,-74.006030000,40.735674000,-1.071903394,-0.109863593,11.500000000,2,-73.982537000,40.765645000
63330,2014-06-05 22:59:19+00:00,-73.976085000,40.751338000,1.436326792,1.658012183,7.500000000,1,-73.994668000,40.740529000
115990,2014-06-05 23:16:00+00:00,-74.000467000,40.718505000,-0.580476536,-2.010405545,19.500000000,1,-73.945407000,40.721342000
130333,2014-06-05 23:39:30+00:00,-73.983847000,40.733908000,0.803466461,-0.284458065,6.000000000,1,-73.980538000,40.721740000
156534,2014-06-06 01:19:00+00:00,-73.972090000,40.794630000,1.717268710,6.467702798,4.500000000,1,-73.967990000,40.801020000
180393,2014-06-06 01:31:27+00:00,-73.951397000,40.778612000,3.484275422,4.710245341,10.000000000,1,-73.975660000,40.740976000
155826,2014-06-06 01:58:44+00:00,-73.994284000,40.722234000,-0.062999257,-1.590499727,10.000000000,2,-73.954585000,40.708129000
160044,2014-06-06 02:19:00+00:00,-73.980653000,40.750692000,1.051534517,1.581812473,19.000000000,5,-73.912898000,40.770525000
58689,2014-06-06 06:33:00+00:00,-73.969735000,40.753162000,1.970009472,1.866763182,57.330000000,1,-73.781380000,40.647940000
192849,2014-06-06 07:21:00+00:00,-73.986100000,40.767567000,0.570056351,3.449736437,13.000000000,1,-73.976710000,40.739237000
141229,2014-06-06 09:05:07+00:00,-73.972104000,40.794426000,1.716353076,6.445043286,4.000000000,1,-73.976275000,40.791120000
80585,2014-06-06 10:13:00+00:00,-73.969622000,40.757087000,1.974432769,2.302579401,13.000000000,1,-73.973642000,40.782940000
96109,2014-06-06 10:37:18+00:00,-73.987939000,40.728404000,0.464977348,-0.899431293,5.000000000,1,-73.993367000,40.719140000
52064,2014-06-06 11:03:49+00:00,-73.991946000,40.750046000,0.099007552,1.499090338,8.500000000,1,-73.990257000,40.755811000
3012,2014-06-06 11:42:00+00:00,-74.008097000,40.745357000,-1.258583462,0.963042939,21.500000000,1,-73.970185000,40.763970000
180178,2014-06-06 11:50:00+00:00,-73.992523000,40.751617000,0.048295065,1.672923407,18.000000000,1,-73.951412000,40.773957000
198672,2014-06-06 12:35:00+00:00,-73.985607000,40.747240000,0.637748620,1.193769851,8.000000000,5,-73.989482000,40.752985000
89348,2014-06-06 13:24:33+00:00,-73.973738000,40.764828000,1.616944373,3.157817304,14.500000000,1,-73.989990000,40.739271000
96152,2014-06-06 13:39:11+00:00,-73.961155000,40.780781000,2.658000824,4.941223542,16.000000000,1,-73.988628000,40.742680000
15160,2014-06-06 14:20:00+00:00,-73.984483000,40.729598000,0.755295972,-0.763519340,19.000000000,5,-74.007020000,40.707903000
110754,2014-06-06 14:27:26+00:00,-73.921408000,40.798980000,5.987072407,7.001948604,6.500000000,1,-73.934794000,40.803282000
81844,2014-06-06 14:43:02+00:00,-73.940377000,40.841328000,4.330034152,11.683437573,15.000000000,1,-73.932810000,40.803597000
123038,2014-06-06 17:11:59+00:00,-73.957845000,40.776359000,2.943136269,4.453659757,15.000000000,1,-73.942768000,40.802826000
191270,2014-06-06 20:58:57+00:00,-73.972980000,40.752480000,1.696963765,1.787845352,5.000000000,2,-73.980256000,40.739496000
28619,2014-06-06 21:20:38+00:00,-73.870363000,40.774041000,10.328830015,4.287732565,29.000000000,1,-73.995690000,40.720844000
189848,2014-06-06 21:39:00+00:00,-73.986602000,40.765855000,0.529883555,3.259201965,10.500000000,1,-73.958277000,40.772777000
138821,2014-06-06 21:44:07+00:00,-73.990581000,40.756175000,0.206415835,2.180778529,8.000000000,1,-73.983829000,40.749296000
169333,2014-06-06 22:01:00+00:00,-73.959842000,40.770932000,2.781758273,3.849219953,6.500000000,1,-73.945980000,40.791245000
73862,2014-06-06 23:04:00+00:00,-73.986315000,40.766987000,0.552654622,3.385142359,8.500000000,1,-74.004815000,40.751707000
101856,2014-06-06 23:19:00+00:00,-73.978185000,40.778170000,1.224358815,4.634501453,4.000000000,1,-73.981280000,40.771832000
70997,2014-06-07 00:35:00+00:00,-73.973415000,40.748685000,1.665169861,1.366142847,9.500000000,1,-73.967007000,40.761087000
92758,2014-06-07 00:38:17+00:00,-73.967812000,40.755803000,2.128894265,2.161841351,6.000000000,3,-73.978070000,40.745777000
9647,2014-06-07 00:40:00+00:00,-74.004127000,40.752762000,-0.932738229,1.788846170,12.000000000,5,-73.992760000,40.725490000
8793,2014-06-07 00:41:00+00:00,-73.959385000,40.771515000,2.819558701,3.914394890,4.000000000,2,-73.963468000,40.774407000
80684,2014-06-07 00:42:28+00:00,-73.991143000,40.769895000,0.141464296,3.703255663,17.000000000,2,-73.926901000,40.757439000
139642,2014-06-07 00:49:58+00:00,-73.988923000,40.720316000,0.392218456,-1.798211399,7.500000000,1,-73.991740000,40.734390000
120580,2014-06-07 02:06:00+00:00,-73.984558000,40.750072000,0.722672197,1.509166435,5.000000000,1,-73.982477000,40.740990000
42708,2014-06-07 04:14:36+00:00,-73.981830000,40.743168000,0.961861418,0.745440690,16.500000000,1,-73.944217000,40.711635000
127224,2014-06-07 08:50:50+00:00,-73.972458000,40.782320000,1.702234091,5.100829769,5.000000000,1,-73.959391000,40.774750000
80085,2014-06-07 10:11:41+00:00,-73.943784000,40.807125000,4.088569213,7.883132490,15.500000000,1,-73.980703000,40.770803000
4569,2014-06-07 10:43:00+00:00,-73.945342000,40.778485000,3.995392619,4.702273239,11.000000000,1,-73.978620000,40.772602000
33747,2014-06-07 11:47:38+00:00,-74.000216000,40.747721000,-0.596209054,1.233012697,14.000000000,1,-73.966612000,40.767330000
188834,2014-06-07 14:09:00+00:00,-73.978030000,40.752487000,1.270646911,1.783645809,4.000000000,1,-73.982617000,40.756157000
114908,2014-06-07 15:33:00+00:00,-73.975702000,40.751885000,1.467950513,1.719110491,5.500000000,2,-73.984860000,40.748177000
170932,2014-06-07 15:53:16+00:00,-73.980291000,40.783716000,1.039486840,5.248083018,11.500000000,1,-73.994823000,40.750039000
138831,2014-06-07 18:27:46+00:00,-73.984872000,40.779754000,0.658042329,4.803785901,10.000000000,2,-73.955216000,40.770875000
59250,2014-06-07 18:36:00+00:00,-73.977315000,40.784387000,1.289726745,5.325493128,28.000000000,1,-73.987060000,40.738862000
162849,2014-06-07 19:36:00+00:00,-73.979980000,40.735847000,1.127498437,-0.065428888,16.500000000,1,-73.978045000,40.777362000
103202,2014-06-07 19:39:41+00:00,-73.973827000,40.764663000,1.609646838,3.139413190,15.000000000,1,-73.998410000,40.724417000
1549,2014-06-07 19:44:30+00:00,-73.988631000,40.722609000,0.413948710,-1.543389014,6.000000000,1,-73.979031000,40.738819000
34521,2014-06-07 20:30:03+00:00,-73.959162000,40.768572000,2.842254405,3.587922258,8.500000000,1,-73.983466000,40.764641000
90999,2014-06-07 21:56:53+00:00,-73.987466000,40.728786000,0.504432152,-0.856566158,15.000000000,1,-73.975073000,40.759784000
148687,2014-06-07 22:39:00+00:00,-73.978090000,40.782930000,1.226219087,5.162992342,11.000000000,1,-73.947570000,40.775320000
88367,2014-06-07 23:42:00+00:00,-73.990238000,40.738143000,0.258397843,0.179429961,8.000000000,4,-74.001182000,40.717620000
45914,2014-06-08 00:44:04+00:00,-73.998164000,40.713345000,-0.379430679,-2.580983062,12.500000000,1,-73.956656000,40.713015000
32145,2014-06-08 01:26:32+00:00,-73.949855000,40.813904000,3.567475180,8.629507607,18.500000000,1,-73.987470000,40.761333000
190457,2014-06-08 02:21:00+00:00,-73.986978000,40.750930000,0.517275490,1.602049776,21.000000000,1,-73.910967000,40.774245000
163212,2014-06-08 04:10:03+00:00,-74.007385000,40.744104000,-1.196899021,0.824630636,15.500000000,1,-74.007860000,40.705449000
31007,2014-06-08 09:16:46+00:00,-73.978358000,40.741383000,1.257305626,0.550698942,12.000000000,2,-73.984713000,40.759565000
91530,2014-06-08 12:25:00+00:00,-73.991752000,40.749827000,0.115664389,1.474967880,16.500000000,6,-74.011045000,40.709802000
157321,2014-06-08 12:45:00+00:00,-73.991572000,40.754545000,0.124842151,1.998874802,13.500000000,5,-73.989482000,40.732567000
182927,2014-06-08 13:29:00+00:00,-73.949988000,40.797962000,3.577454515,6.859675753,7.500000000,5,-73.966418000,40.789372000
137043,2014-06-08 13:30:00+00:00,-74.012353000,40.716087000,-1.581352401,-2.290177068,5.500000000,3,-74.012037000,40.707512000
100659,2014-06-08 13:52:03+00:00,-73.979725000,40.735440000,1.149555296,-0.110358545,10.000000000,3,-73.993128000,40.743147000
108947,2014-06-08 14:09:09+00:00,-73.969560000,40.752998000,1.984996127,1.848731410,4.500000000,1,-73.971253000,40.744418000
125081,2014-06-08 14:29:00+00:00,-73.993685000,40.756345000,-0.055817425,2.196640498,10.000000000,1,-73.982362000,40.771535000
106265,2014-06-08 14:40:49+00:00,-74.004650000,40.747879000,-0.970740882,1.246297260,7.500000000,1,-73.990911000,40.734059000
127320,2014-06-08 15:36:50+00:00,-73.972285000,40.786398000,1.711527153,5.553691340,11.500000000,1,-73.978642000,40.756520000
28515,2014-06-08 16:38:00+00:00,-73.986960000,40.739515000,0.533419766,0.334920450,5.500000000,1,-73.992435000,40.727467000
188433,2014-06-08 19:16:00+00:00,-73.925960000,40.799497000,5.602368406,7.054626051,57.330000000,1,-73.781500000,40.647610000
5460,2014-06-08 19:44:00+00:00,-74.007698000,40.742762000,-1.221640857,0.675360409,16.000000000,1,-73.975123000,40.790652000
115211,2014-06-08 21:54:00+00:00,-73.975958000,40.753232000,1.444594704,1.868385214,24.500000000,5,-73.932035000,40.706687000
38456,2014-06-08 22:39:00+00:00,-73.991362000,40.750167000,0.148154703,1.513088644,7.000000000,1,-73.999132000,40.761212000
82305,2014-06-08 23:07:00+00:00,-73.963302000,40.758572000,2.505966537,2.473708859,15.000000000,1,-73.949738000,40.805427000
64956,2014-06-09 00:03:00+00:00,-74.004203000,40.719955000,-0.897845161,-1.853030587,35.500000000,2,-73.937085000,40.840797000
146984,2014-06-09 08:19:30+00:00,-74.015956000,40.715584000,-1.885047932,-2.349429313,5.000000000,1,-74.010210000,40.721495000
62623,2014-06-09 10:05:03+00:00,-73.979210000,40.761924000,1.158848373,2.830063667,12.000000000,1,-73.984195000,40.743301000
173998,2014-06-09 10:26:39+00:00,-73.973846000,40.752429000,1.623924496,1.781328821,12.000000000,1,-73.989914000,40.752389000
85673,2014-06-09 10:44:31+00:00,-74.007420000,40.727775000,-1.179360039,-0.988034349,13.500000000,2,-74.004400000,40.706054000
47738,2014-06-09 11:48:00+00:00,-73.954695000,40.783880000,3.199006228,5.291713766,13.500000000,1,-73.972432000,40.758650000
120771,2014-06-09 12:11:23+00:00,-73.963707000,40.777210000,2.447342310,4.542266863,5.500000000,1,-73.977382000,40.782799000
156842,2014-06-09 13:37:00+00:00,-73.973077000,40.749027000,1.693260359,1.404441162,8.500000000,1,-73.954095000,40.770387000
144281,2014-06-09 13:40:00+00:00,-74.010065000,40.720167000,-1.393205585,-1.835094631,14.500000000,1,-73.985190000,40.761967000
73515,2014-06-09 14:10:00+00:00,-73.986327000,40.762057000,0.557964516,2.837863506,10.500000000,2,-73.990422000,40.749125000
46229,2014-06-09 15:02:00+00:00,-74.000805000,40.720572000,-0.611634741,-1.781279717,15.500000000,1,-73.976820000,40.752117000
91860,2014-06-09 15:24:00+00:00,-73.855502000,40.759370000,11.604203698,2.675386479,36.830000000,1,-73.989067000,40.758132000
16782,2014-06-09 15:54:17+00:00,-73.978234000,40.752179000,1.253823830,1.749255026,17.000000000,2,-73.983471000,40.721457000
137288,2014-06-09 16:15:00+00:00,-73.992597000,40.737365000,0.060205653,0.090778092,5.000000000,6,-73.988825000,40.729027000
171912,2014-06-09 16:31:08+00:00,-74.005669000,40.751190000,-1.060932023,1.612866867,8.500000000,1,-73.991139000,40.736055000
57329,2014-06-09 16:33:12+00:00,-73.981083000,40.780780000,0.976445843,4.921387175,5.000000000,1,-73.972819000,40.790484000
115257,2014-06-09 18:27:13+00:00,-73.990322000,40.728949000,0.263042578,-0.841249388,8.000000000,2,-73.983212000,40.743952000
142049,2014-06-09 18:32:00+00:00,-73.953837000,40.784902000,3.270049044,5.406027223,12.500000000,1,-73.981967000,40.773172000
868,2014-06-10 00:09:03+00:00,-73.993792000,40.720175000,-0.018828237,-1.818586497,15.000000000,2,-73.928287000,40.692878000
17705,2014-06-10 00:57:00+00:00,-73.949330000,40.777142000,3.660652630,4.549150856,5.000000000,2,-73.958995000,40.774912000
44792,2014-06-10 06:40:00+00:00,-74.001815000,40.745982000,-0.729006549,1.038434832,7.500000000,1,-73.986128000,40.756690000
113965,2014-06-10 07:29:00+00:00,-73.929438000,40.795932000,5.313803081,6.655292606,57.330000000,5,-73.785200000,40.643137000
23582,2014-06-10 08:10:36+00:00,-73.990414000,40.750997000,0.227125230,1.606144843,14.500000000,1,-73.958438000,40.764464000
197752,2014-06-10 08:39:53+00:00,-73.957863000,40.761325000,2.961441576,2.784750984,7.000000000,1,-73.971145000,40.761475000
40679,2014-06-10 08:59:00+00:00,-74.002528000,40.739610000,-0.781164108,0.330413610,4.000000000,1,-74.007822000,40.744585000
1024,2014-06-10 09:31:13+00:00,-73.876193000,40.768335000,9.844947580,3.648000044,5.000000000,1,-73.872658000,40.774368000
172502,2014-06-10 09:37:44+00:00,-73.980642000,40.763079000,1.036490286,2.956872198,11.000000000,1,-73.978169000,40.748909000
56621,2014-06-10 09:52:55+00:00,-73.996097000,40.748554000,-0.249527063,1.329450936,9.500000000,1,-74.010044000,40.746731000
77629,2014-06-10 10:06:00+00:00,-73.967772000,40.765770000,2.119255153,3.268293436,34.830000000,1,-73.872527000,40.774335000
5206,2014-06-10 10:20:37+00:00,-73.979050000,40.755443000,1.180723753,2.110781417,5.500000000,1,-73.986420000,40.753384000
82850,2014-06-10 10:24:00+00:00,-73.969670000,40.789992000,1.927479111,5.955243163,7.000000000,5,-73.980987000,40.774592000
11738,2014-06-10 10:30:28+00:00,-73.958309000,40.781558000,2.897126555,5.030324998,4.000000000,1,-73.953019000,40.786718000
116714,2014-06-10 10:38:00+00:00,-73.989100000,40.753040000,0.335439776,1.834209604,4.500000000,2,-73.993680000,40.746620000
125512,2014-06-10 10:46:37+00:00,-73.993657000,40.713824000,0.000651958,-2.523458826,52.000000000,2,-73.790369000,40.643818000
100917,2014-06-10 11:21:00+00:00,-73.873245000,40.773922000,10.085786188,4.271394545,36.830000000,1,-73.987082000,40.739332000
72812,2014-06-10 11:30:00+00:00,-73.977355000,40.755530000,1.323692308,2.122105051,10.500000000,1,-73.969828000,40.762102000
84013,2014-06-10 11:43:19+00:00,-73.962228000,40.759398000,2.595538180,2.566472689,9.500000000,1,-73.941965000,40.786955000
192165,2014-06-10 11:56:00+00:00,-73.966128000,40.763160000,2.261423762,2.980197248,6.000000000,1,-73.972592000,40.764687000
97999,2014-06-10 12:37:00+00:00,-73.962525000,40.775862000,2.548856563,4.393807298,9.500000000,1,-73.982207000,40.776727000
35492,2014-06-10 13:34:00+00:00,-73.982012000,40.746275000,0.942495265,1.090161800,15.000000000,6,-73.967765000,40.767982000
75202,2014-06-10 13:47:00+00:00,-73.952063000,40.786472000,3.417650363,5.582096971,12.000000000,1,-73.977305000,40.779507000
105101,2014-06-10 13:54:00+00:00,-73.953675000,40.784967000,3.283631944,5.413405812,7.000000000,5,-73.951643000,40.777957000
109557,2014-06-10 14:31:00+00:00,-73.999347000,40.720232000,-0.488065433,-1.817619873,5.000000000,5,-73.990253000,40.731847000
97622,2014-06-10 15:10:59+00:00,-73.871039000,40.773772000,10.272166326,4.257136897,21.000000000,1,-73.835134000,40.708486000
39011,2014-06-10 15:23:37+00:00,-73.971669000,40.760605000,1.797065737,2.691076939,21.000000000,1,-74.009714000,40.711326000
103822,2014-06-10 17:57:00+00:00,-73.997152000,40.722477000,-0.305525864,-1.566295193,3.000000000,6,-73.997183000,40.724065000
25191,2014-06-10 18:10:00+00:00,-73.977395000,40.753305000,1.323193867,1.875074254,27.500000000,1,-73.999147000,40.684765000
107944,2014-06-10 18:25:16+00:00,-73.981292000,40.780722000,0.958884878,4.914743869,8.500000000,1,-73.961571000,40.798521000
7026,2014-06-10 19:12:00+00:00,-73.981747000,40.778622000,0.923197481,4.681181581,4.500000000,5,-73.975570000,40.787127000
96056,2014-06-10 21:15:00+00:00,-73.992980000,40.743230000,0.020397761,0.741463399,10.000000000,1,-73.982730000,40.723030000
67727,2014-06-10 22:26:21+00:00,-73.990250000,40.719384000,0.281332242,-1.902959138,18.000000000,1,-73.989918000,40.758189000
177981,2014-06-10 22:27:00+00:00,-74.010493000,40.729710000,-1.441290972,-0.776165345,18.000000000,1,-73.981255000,40.675250000
100433,2014-06-10 22:39:24+00:00,-73.865993000,40.770758000,10.702327848,3.928050509,30.830000000,1,-73.961395000,40.811595000
24647,2014-06-10 22:45:00+00:00,-73.978312000,40.745657000,1.255667121,1.025188852,4.000000000,1,-73.987617000,40.749552000
54493,2014-06-11 02:10:00+00:00,-73.970787000,40.793147000,1.829127326,6.304367133,2.500000000,6,0.000000000,0.000000000
166357,2014-06-11 03:09:00+00:00,-73.981665000,40.779182000,0.929395281,4.743426295,8.000000000,1,-73.993815000,40.760777000
175363,2014-06-11 07:04:14+00:00,-73.978282000,40.752227000,1.249709745,1.754536204,4.000000000,1,-73.984303000,40.754692000
40291,2014-06-11 08:06:00+00:00,-73.961805000,40.763697000,2.625596556,3.044116750,9.500000000,1,-73.972063000,40.750035000
141921,2014-06-11 09:17:51+00:00,-73.943852000,40.776611000,4.123630461,4.495757105,13.500000000,1,-73.973224000,40.749339000
31980,2014-06-11 12:12:00+00:00,-73.974958000,40.741882000,1.543725618,0.609438129,22.000000000,1,-73.943802000,40.801225000
104703,2014-06-11 13:27:00+00:00,-73.962310000,40.776047000,2.566757010,4.414558363,13.000000000,5,-73.971132000,40.761112000
36336,2014-06-11 13:46:51+00:00,-73.978188000,40.761963000,1.245060301,2.835397015,12.000000000,4,-73.955243000,40.785772000
154415,2014-06-11 14:04:28+00:00,-74.008057000,40.721453000,-1.225226148,-1.690426478,8.000000000,1,-73.994197000,40.726407000
154060,2014-06-11 17:50:00+00:00,-73.992178000,40.731212000,0.103425287,-0.591841541,7.500000000,5,-73.996167000,40.742792000
21239,2014-06-11 18:39:00+00:00,-73.986062000,40.762172000,0.580184383,2.850887803,11.500000000,1,-73.955295000,40.773387000
33680,2014-06-11 20:40:28+00:00,-73.994015000,40.761658000,-0.090434948,2.786103393,5.000000000,1,-73.984526000,40.774541000
64802,2014-06-11 21:18:36+00:00,-73.969978000,40.762800000,1.936937867,2.936412658,5.000000000,1,-73.978086000,40.754973000
198940,2014-06-11 21:49:00+00:00,-74.006682000,40.709417000,-1.093987590,-3.025188235,8.000000000,2,-73.988457000,40.721472000
147237,2014-06-11 22:16:03+00:00,-74.000000000,40.732712000,-0.558993837,-0.432883796,8.000000000,3,-73.977488000,40.743893000
74427,2014-06-11 22:39:00+00:00,-73.980145000,40.780590000,1.055840979,4.901215571,4.000000000,1,-73.974290000,40.788737000
67191,2014-06-12 05:09:36+00:00,-73.991353000,40.749759000,0.149434992,1.467806423,11.500000000,1,-74.005881000,40.706375000
70960,2014-06-12 05:32:29+00:00,-73.980550000,40.730259000,1.086571327,-0.686294933,8.500000000,1,-73.992753000,40.749057000
166237,2014-06-12 07:28:10+00:00,-74.008198000,40.737486000,-1.257238538,0.089210544,6.000000000,1,-74.007053000,40.719449000
75802,2014-06-12 07:41:00+00:00,-73.935930000,40.795362000,4.766889220,6.585351200,24.830000000,1,-73.888272000,40.745327000
198632,2014-06-12 07:55:24+00:00,-73.949086000,40.785148000,3.670594325,5.438127883,7.000000000,1,-73.934653000,40.805351000
45648,2014-06-12 08:09:35+00:00,-73.977874000,40.729388000,1.313673002,-0.780354720,19.000000000,1,-73.956070000,40.781761000
118041,2014-06-12 08:11:00+00:00,-73.970445000,40.749242000,1.915178490,1.430910914,9.000000000,6,-73.984400000,40.745800000
167966,2014-06-12 08:57:00+00:00,-73.971065000,40.788117000,1.812225169,5.745721136,5.500000000,1,-73.980115000,40.777097000
26574,2014-06-12 09:04:38+00:00,-73.990804000,40.770755000,0.168976099,3.799051275,3.500000000,1,-73.987462000,40.775558000
95303,2014-06-12 10:15:25+00:00,-73.986390000,40.777036000,0.533435774,4.500585357,9.000000000,1,-73.971958000,40.765395000
33099,2014-06-12 10:19:00+00:00,-73.959535000,40.773257000,2.804606165,4.107620365,5.500000000,1,-73.954107000,40.766865000
126056,2014-06-12 10:25:00+00:00,-73.781462000,40.644890000,18.030148206,-9.948603273,52.000000000,5,-74.000105000,40.718387000
44408,2014-06-12 12:24:00+00:00,-73.961318000,40.780342000,2.644823716,4.892328153,8.500000000,2,-73.971317000,40.766892000
61691,2014-06-12 12:25:00+00:00,-73.967180000,40.766510000,2.168253303,3.351027118,7.000000000,3,-73.961372000,40.779332000
142632,2014-06-12 14:10:33+00:00,-73.998646000,40.734858000,-0.447376027,-0.193359839,18.500000000,1,-73.978175000,40.753527000
169261,2014-06-12 14:22:00+00:00,-73.990230000,40.756210000,0.235999970,2.185004659,5.500000000,1,-73.989030000,40.766032000
172815,2014-06-12 15:32:00+00:00,-73.990182000,40.756322000,0.239908707,2.197484108,6.000000000,1,-73.988963000,40.768702000
138862,2014-06-12 16:44:00+00:00,-73.783420000,40.648612000,17.858875576,-9.537729014,52.000000000,1,-74.010007000,40.711577000
111379,2014-06-12 17:11:00+00:00,-73.969612000,40.800172000,1.919093189,7.085364061,13.500000000,2,-73.950877000,40.769717000
162736,2014-06-12 17:27:13+00:00,-73.969490000,40.765803000,1.974211900,3.270252179,6.000000000,1,-73.976482000,40.775288000
64261,2014-06-12 17:51:00+00:00,-73.989732000,40.772700000,0.256960255,4.016002451,6.000000000,1,-73.977807000,40.764782000
3680,2014-06-12 17:52:58+00:00,-73.987131000,40.720526000,0.543298358,-1.773155925,14.000000000,1,-74.016012000,40.710283000
48830,2014-06-12 19:26:44+00:00,-73.979415000,40.781809000,1.115865134,5.037250673,6.000000000,1,-73.984313000,40.773689000
61773,2014-06-12 19:29:54+00:00,-74.004393000,40.747758000,-0.948891783,1.233111481,25.500000000,3,-73.986802000,40.685340000
35721,2014-06-12 20:03:00+00:00,-73.976287000,40.760280000,1.407694596,2.650441644,6.000000000,5,-73.983277000,40.763827000
47612,2014-06-12 21:30:53+00:00,-74.009534000,40.722492000,-1.351269262,-1.576498589,13.500000000,1,-73.983022000,40.731499000
97270,2014-06-12 21:40:40+00:00,-73.986789000,40.740007000,0.547227557,0.389702561,13.500000000,1,-73.976925000,40.777528000
33087,2014-06-12 21:47:00+00:00,-73.989055000,40.730890000,0.367556188,-0.624553904,5.000000000,1,-73.989055000,40.730890000
121176,2014-06-12 22:26:00+00:00,-73.984567000,40.759012000,0.710429370,2.501563427,7.000000000,2,-74.001345000,40.756802000
108383,2014-06-12 22:31:00+00:00,-73.982143000,40.765717000,0.906402782,3.248239367,12.500000000,5,-73.972035000,40.796755000
62155,2014-06-12 22:58:01+00:00,-74.008454000,40.735537000,-1.276410610,-0.127386078,4.500000000,1,-74.000208000,40.738755000
196477,2014-06-13 00:23:00+00:00,-73.993010000,40.719560000,0.048000873,-1.886098558,15.500000000,4,-73.967877000,40.676612000
171330,2014-06-13 00:57:37+00:00,-73.986964000,40.755738000,0.512296425,2.135786628,28.500000000,2,-73.935208000,40.668801000
63783,2014-06-13 01:14:54+00:00,-74.002666000,40.733594000,-0.785229194,-0.337536470,7.500000000,1,-73.986669000,40.751855000
92230,2014-06-13 02:33:14+00:00,-74.001766000,40.745882000,-0.724743452,1.027381168,8.000000000,2,-73.985992000,40.768010000
198760,2014-06-13 09:04:51+00:00,-73.947627000,40.771447000,3.811946692,3.918683506,15.500000000,1,-73.983728000,40.773738000
180633,2014-06-13 10:57:54+00:00,-73.981338000,40.758619000,0.983492773,2.461096532,9.000000000,2,-73.984255000,40.748467000
129355,2014-06-13 11:10:25+00:00,-73.952560000,40.768565000,3.399453349,3.593776582,10.000000000,1,-73.952463000,40.789237000
42948,2014-06-13 11:15:00+00:00,-73.992393000,40.732097000,0.084142325,-0.493808824,12.000000000,1,-73.994652000,40.718872000
138987,2014-06-13 11:22:28+00:00,-73.958592000,40.768247000,2.890788997,3.552415621,10.500000000,1,-73.973388000,40.756702000
67464,2014-06-13 11:45:00+00:00,-73.789785000,40.646972000,17.323223262,-9.727204974,40.500000000,4,-73.941187000,40.636137000
139877,2014-06-13 13:17:00+00:00,-73.783315000,40.648632000,17.867722559,-9.535386065,9.000000000,1,-73.796205000,40.668030000
117429,2014-06-13 13:26:00+00:00,-73.990873000,40.760792000,0.175873367,2.693016209,17.500000000,1,-73.992420000,40.724017000
112436,2014-06-13 14:23:00+00:00,-73.973895000,40.762912000,1.606180660,2.944971783,9.000000000,1,-73.955878000,40.764232000
189898,2014-06-13 15:05:02+00:00,-73.954478000,40.764128000,3.243449142,3.099304403,24.000000000,1,-73.988997000,40.695883000
35315,2014-06-13 15:46:00+00:00,-73.965825000,40.762067000,2.288428213,2.859167325,8.000000000,1,-73.961882000,40.779515000
133075,2014-06-13 18:11:29+00:00,-73.967809000,40.756365000,2.128413701,2.224230530,17.500000000,1,-73.988494000,40.731368000
9169,2014-06-13 19:00:07+00:00,-73.992275000,40.759125000,0.059660191,2.506606835,7.000000000,2,-73.979788000,40.765132000
84560,2014-06-13 19:45:00+00:00,-74.001133000,40.730987000,-0.652488435,-0.625459708,6.500000000,1,-74.001133000,40.730987000
47666,2014-06-13 20:10:00+00:00,-73.954602000,40.764210000,3.232874748,3.108282327,18.500000000,2,-74.005412000,40.739592000
40857,2014-06-13 21:49:32+00:00,-73.985951000,40.753989000,0.600050486,1.942622378,5.500000000,1,-73.994261000,40.750077000
18865,2014-06-13 23:07:01+00:00,-73.984061000,40.721019000,0.801950574,-1.715434544,25.000000000,1,-73.981784000,40.660227000
68273,2014-06-13 23:15:00+00:00,-73.981960000,40.765717000,0.921848094,3.248418566,5.000000000,1,-73.983975000,40.759710000
105805,2014-06-14 00:29:31+00:00,-74.000837000,40.730762000,-0.627208637,-0.650151837,6.500000000,2,-73.988794000,40.727539000
189181,2014-06-14 01:04:00+00:00,-73.952045000,40.777635000,3.430890065,4.601137057,8.500000000,3,-73.962552000,40.755752000
124507,2014-06-14 01:23:45+00:00,-73.997758000,40.756577000,-0.399923337,2.218459546,4.500000000,1,-73.987357000,40.754572000
194617,2014-06-14 01:42:00+00:00,-73.982980000,40.771555000,0.828246929,3.895482702,9.000000000,2,-73.964898000,40.756542000
179140,2014-06-14 02:16:00+00:00,-73.973630000,40.754787000,1.639097346,2.043297491,6.000000000,1,-73.978142000,40.762770000
2909,2014-06-14 02:37:00+00:00,-73.988777000,40.737325000,0.382804033,0.090046190,13.500000000,1,-73.952548000,40.780780000
105009,2014-06-14 03:01:51+00:00,-74.000494000,40.742607000,-0.613214317,0.665055074,21.500000000,2,-73.951913000,40.824263000
146636,2014-06-14 07:48:48+00:00,-73.983060000,40.742057000,0.859442377,0.620907905,9.000000000,2,-73.977697000,40.766427000
118162,2014-06-14 08:42:00+00:00,-73.977110000,40.747220000,1.355125167,1.199875111,8.000000000,1,-73.954765000,40.765247000
155206,2014-06-14 10:06:08+00:00,-73.976211000,40.739866000,1.440543883,0.384413101,17.500000000,1,-73.903477000,40.755808000
4423,2014-06-14 10:07:00+00:00,-73.975823000,40.781595000,1.419236424,5.017028005,57.330000000,2,-73.782473000,40.648767000
110703,2014-06-14 11:13:41+00:00,-73.871077000,40.773690000,10.269076619,4.247992943,35.830000000,2,-73.982455000,40.755860000
141544,2014-06-14 12:06:15+00:00,-73.776630000,40.645492000,18.437784708,-9.876105400,9.500000000,1,-73.809150000,40.654098000
21706,2014-06-14 13:00:00+00:00,-74.004600000,40.707382000,-0.915557577,-3.249095329,15.500000000,5,-74.007780000,40.751680000
7163,2014-06-14 13:47:00+00:00,-73.973278000,40.757510000,1.665274656,2.345918351,6.000000000,1,-73.982773000,40.744935000
136339,2014-06-14 13:51:00+00:00,-73.958662000,40.772162000,2.879722552,3.986940975,4.500000000,1,-73.954475000,40.771402000
10623,2014-06-14 17:57:00+00:00,-73.990103000,40.732480000,0.277028003,-0.449071388,6.500000000,1,-73.999545000,40.732722000
193610,2014-06-14 18:10:00+00:00,-73.976360000,40.780800000,1.374954034,4.928247753,5.500000000,5,-73.968720000,40.791660000
166140,2014-06-14 18:15:00+00:00,-73.873175000,40.774082000,10.091465380,4.289231758,31.330000000,1,-73.952678000,40.808202000
73818,2014-06-14 18:44:44+00:00,-73.963177000,40.774917000,2.495075602,4.288254331,9.000000000,1,-73.987944000,40.779778000
104859,2014-06-14 18:49:00+00:00,-73.960112000,40.817645000,2.697475774,9.034477142,12.500000000,1,-73.929597000,40.820257000
116208,2014-06-14 19:10:00+00:00,-74.007610000,40.740805000,-1.211755071,0.458203700,5.500000000,1,-74.004217000,40.727747000
60583,2014-06-14 19:14:53+00:00,-73.993270000,40.752510000,-0.015902617,1.771329258,16.000000000,1,-73.980227000,40.726253000
130398,2014-06-14 21:49:49+00:00,-73.986056000,40.745054000,0.602645479,0.950670125,9.000000000,2,-74.001754000,40.726162000
124470,2014-06-14 21:55:00+00:00,-73.776715000,40.645177000,18.431084026,-9.911172425,57.330000000,5,-73.964902000,40.754295000
35524,2014-06-14 22:41:26+00:00,-73.975751000,40.789717000,1.414782182,5.918705805,3.500000000,1,-73.973477000,40.784782000
1540,2014-06-14 22:48:19+00:00,-73.982711000,40.756739000,0.870017749,2.251058097,5.500000000,1,-73.984808000,40.748202000
59520,2014-06-14 22:53:00+00:00,-73.978610000,40.777330000,1.189581037,4.540837186,6.000000000,1,-73.969490000,40.786320000
17328,2014-06-14 23:32:00+00:00,-73.984542000,40.728640000,0.751543542,-0.869921558,14.000000000,1,-73.945977000,40.781992000
133236,2014-06-14 23:53:33+00:00,-73.982737000,40.771639000,0.848646355,3.905045120,9.500000000,4,-73.986854000,40.750777000
181841,2014-06-15 00:39:00+00:00,-73.951640000,40.773820000,3.470127582,4.178050209,5.000000000,5,-73.953070000,40.781110000
112027,2014-06-15 02:57:00+00:00,-74.003925000,40.740302000,-0.899989427,0.405891103,7.500000000,1,-73.983735000,40.731932000
95170,2014-06-15 03:07:00+00:00,-74.005305000,40.740477000,-1.016726650,0.423996121,4.500000000,1,-74.005782000,40.737235000
188503,2014-06-15 04:35:35+00:00,-73.991090000,40.756108000,0.163535304,2.172846933,56.830000000,1,-73.995397000,40.595858000
5079,2014-06-15 06:18:00+00:00,-73.958682000,40.768587000,2.882745244,3.590068096,4.500000000,1,-73.967090000,40.763735000
697,2014-06-15 06:48:50+00:00,-73.942319000,40.754227000,4.282950181,2.012517630,16.000000000,1,-73.992468000,40.738115000
64045,2014-06-15 09:44:00+00:00,-73.990182000,40.725735000,0.278968301,-1.197889349,9.000000000,6,-73.991080000,40.749077000
198342,2014-06-15 13:00:00+00:00,-73.984033000,40.729260000,0.793730958,-0.800600053,10.500000000,1,-73.990298000,40.750095000
90123,2014-06-15 16:03:00+00:00,-73.966740000,40.764405000,2.208141031,3.117793259,10.000000000,5,-73.968012000,40.790490000
144787,2014-06-15 18:01:00+00:00,-74.003907000,40.738235000,-0.895866059,0.176456934,5.500000000,1,-73.991437000,40.735050000
59797,2014-06-15 20:48:00+00:00,-73.979947000,40.751845000,1.109647156,1.710496388,7.500000000,1,-73.990147000,40.759140000
145561,2014-06-15 21:08:00+00:00,-73.982372000,40.776940000,0.872623462,4.493854397,9.000000000,1,-73.962460000,40.767142000
10039,2014-06-15 23:43:49+00:00,-73.948297000,40.816537000,3.695369330,8.923368938,17.500000000,3,-73.931182000,40.868619000
169494,2014-06-16 01:13:24+00:00,-73.981449000,40.724488000,1.018086087,-1.327796636,13.500000000,1,-73.980800000,40.763732000
117918,2014-06-16 06:22:00+00:00,-74.000980000,40.676365000,-0.570614872,-6.688700079,11.500000000,6,-74.001497000,40.710310000
157234,2014-06-16 07:23:52+00:00,-73.993492000,40.749756000,-0.031137202,1.465400340,6.000000000,1,-73.982740000,40.742412000
155794,2014-06-16 08:21:59+00:00,-74.008127000,40.738902000,-1.253019553,0.246464092,9.000000000,1,-74.013813000,40.714958000
34091,2014-06-16 08:33:03+00:00,-73.959286000,40.771847000,2.827476432,3.951348594,4.500000000,1,-73.953157000,40.782811000
56012,2014-06-16 08:36:52+00:00,-73.776887000,40.645064000,18.416715207,-9.923918432,57.330000000,1,-74.013598000,40.710329000
179814,2014-06-16 08:55:00+00:00,-74.002800000,40.760487000,-0.830461607,2.647649612,15.500000000,1,-73.965733000,40.765927000
126953,2014-06-16 09:33:00+00:00,-73.993555000,40.746395000,-0.032177438,1.092244178,5.000000000,1,-74.005250000,40.749857000
30475,2014-06-16 09:38:09+00:00,-73.976444000,40.754771000,1.401575743,2.038746975,13.500000000,2,-73.999992000,40.726989000
14522,2014-06-16 12:12:00+00:00,-73.966812000,40.757532000,2.211047715,2.354766666,14.500000000,1,-73.980805000,40.782130000
81286,2014-06-16 13:40:00+00:00,-73.955768000,40.779697000,3.113997306,4.826288720,10.500000000,1,-73.982262000,40.776135000
94937,2014-06-16 14:58:00+00:00,-73.983150000,40.750662000,0.840777299,1.576036940,7.500000000,1,-73.992485000,40.732917000
75347,2014-06-16 14:59:00+00:00,-73.925370000,40.762007000,5.703129277,2.893540018,4.000000000,5,-73.920930000,40.767457000
41831,2014-06-16 17:25:00+00:00,-73.972052000,40.756647000,1.769884793,2.251330465,15.000000000,3,-73.993835000,40.721095000
29827,2014-06-16 17:53:00+00:00,-73.991115000,40.755802000,0.161815505,2.138854422,12.000000000,3,-73.992082000,40.728865000
14032,2014-06-16 18:37:00+00:00,-73.949420000,40.772950000,3.658631062,4.083714671,11.000000000,1,-73.972045000,40.760662000
148126,2014-06-16 19:19:52+00:00,-74.002821000,40.760519000,-0.832274525,2.651181704,11.000000000,1,-74.007658000,40.725840000
103781,2014-06-16 20:14:00+00:00,-73.953750000,40.785110000,3.277114346,5.429204473,8.500000000,2,-73.965880000,40.803890000
20114,2014-06-16 21:01:49+00:00,-74.004965000,40.741603000,-0.989436462,0.549315350,9.500000000,1,-74.000955000,40.718648000
73107,2014-06-16 21:49:52+00:00,-74.003996000,40.730031000,-0.893049100,-0.734328752,9.000000000,1,-73.986452000,40.739990000
117403,2014-06-16 21:54:49+00:00,-73.994109000,40.726691000,-0.053887062,-1.095573374,6.500000000,1,-73.983531000,40.738906000
117362,2014-06-16 23:16:00+00:00,-73.988350000,40.719702000,0.441398062,-1.865812172,8.500000000,2,-73.952550000,40.707370000
115438,2014-06-16 23:19:00+00:00,-73.969177000,40.756150000,2.013217756,2.199006552,12.500000000,6,-73.991705000,40.749510000
88974,2014-06-17 07:56:00+00:00,-73.953145000,40.767730000,3.351187058,3.500495792,6.500000000,1,-73.966987000,40.756748000
92424,2014-06-17 09:00:22+00:00,-73.970175000,40.749979000,1.937012328,1.512990745,5.500000000,1,-73.969456000,40.757617000
51384,2014-06-17 09:44:00+00:00,-74.005855000,40.717500000,-1.034285494,-2.127132528,14.500000000,6,-73.988310000,40.749107000
22971,2014-06-17 11:47:32+00:00,-73.992968000,40.751853000,0.010428266,1.698689973,6.000000000,2,-73.989595000,40.748756000
184342,2014-06-17 13:16:00+00:00,-73.782112000,40.644797000,17.975330920,-9.959688152,57.330000000,1,-73.975272000,40.756152000
105150,2014-06-17 14:08:00+00:00,-73.950430000,40.775492000,3.570019320,4.364876475,5.500000000,6,-73.954020000,40.781522000
15896,2014-06-17 15:15:49+00:00,-73.983418000,40.766951000,0.797204810,3.383975097,10.000000000,1,-73.995128000,40.760061000
121705,2014-06-17 16:01:00+00:00,-73.965265000,40.765810000,2.330795104,3.275226153,5.500000000,2,-73.955032000,40.777492000
115223,2014-06-17 16:46:00+00:00,-73.965515000,40.773650000,2.299432651,4.145278023,5.500000000,1,-73.955122000,40.769227000
136916,2014-06-17 17:19:56+00:00,-73.989734000,40.735449000,0.304394785,-0.119133282,17.500000000,1,-74.011761000,40.704223000
91362,2014-06-17 17:55:00+00:00,-73.987040000,40.733042000,0.534956007,-0.383705834,10.500000000,1,-73.975440000,40.751492000
95201,2014-06-17 17:57:00+00:00,-73.976140000,40.743737000,1.441526549,0.814191749,8.000000000,2,-73.986038000,40.746452000
77505,2014-06-17 18:33:00+00:00,-73.973290000,40.759045000,1.662268028,2.516302991,20.500000000,1,-74.000320000,40.719947000
159696,2014-06-17 18:46:00+00:00,-73.964120000,40.764990000,2.428508455,3.185340214,5.000000000,1,-73.969085000,40.769660000
80267,2014-06-17 19:04:01+00:00,-73.968095000,40.800645000,2.046444839,7.139376021,19.000000000,2,-73.987537000,40.755401000
49205,2014-06-17 19:38:47+00:00,-74.005183000,40.723353000,-0.984887480,-1.476768104,10.500000000,1,-73.986390000,40.740257000
2552,2014-06-17 22:51:41+00:00,-73.987597000,40.775306000,0.433798007,4.307365689,12.000000000,1,-74.000437000,40.743381000
33350,2014-06-17 23:07:42+00:00,-73.982348000,40.742884000,0.918492620,0.713407494,9.500000000,4,-73.979110000,40.763937000
43704,2014-06-17 23:18:53+00:00,-73.982878000,40.766238000,0.843697861,3.305354904,18.000000000,1,-73.945937000,40.835309000
71034,2014-06-17 23:49:00+00:00,-73.983267000,40.748017000,0.834301577,1.282308286,6.000000000,1,-73.995942000,40.743462000
49659,2014-06-17 23:58:00+00:00,-73.991115000,40.755770000,0.161856344,2.135302187,10.000000000,1,-73.985760000,40.731382000
51706,2014-06-17 23:58:04+00:00,-73.978548000,40.745197000,1.236336826,0.973893635,21.000000000,1,-73.939172000,40.816358000
264,2014-06-18 00:15:00+00:00,-73.984753000,40.737152000,0.722798658,0.074763572,17.000000000,2,-73.944553000,40.700412000
68595,2014-06-18 00:24:27+00:00,-73.987017000,40.747303000,0.518630103,1.199388499,7.000000000,1,-73.988876000,40.758583000
141742,2014-06-18 00:38:08+00:00,-73.999930000,40.743227000,-0.566380046,0.734421819,18.500000000,1,-73.947347000,40.784021000
119026,2014-06-18 02:48:01+00:00,-73.967937000,40.802993000,2.056704890,7.400180455,10.500000000,1,-73.955327000,40.777482000
194137,2014-06-18 04:51:00+00:00,-73.984270000,40.748695000,0.748754300,1.356590775,4.500000000,1,-73.985637000,40.752712000
136566,2014-06-18 06:17:52+00:00,-73.969140000,40.754148000,2.018951621,1.976806327,18.500000000,1,-74.013430000,40.715712000
76096,2014-06-18 07:08:11+00:00,-74.008080000,40.738545000,-1.248603349,0.206879453,9.500000000,1,-73.983308000,40.756294000
49716,2014-06-18 07:37:30+00:00,-73.962107000,40.767756000,2.594776599,3.494395373,8.500000000,1,-73.981849000,40.766376000
95249,2014-06-18 07:41:13+00:00,-73.936023000,40.803726000,4.747776165,7.513730689,7.000000000,1,-73.952443000,40.810692000
190118,2014-06-18 07:56:00+00:00,-73.986245000,40.726455000,0.610529798,-1.114133348,16.000000000,1,-73.953715000,40.767032000
156980,2014-06-18 09:11:00+00:00,-73.983170000,40.744720000,0.846730582,0.916412374,14.000000000,1,-73.981970000,40.756865000
170438,2014-06-18 09:11:14+00:00,-73.989930000,40.756774000,0.260603118,2.247904253,8.000000000,1,-73.982387000,40.762378000
132506,2014-06-18 13:17:37+00:00,-73.985216000,40.747999000,0.669784254,1.278405914,11.500000000,1,-74.005373000,40.726833000
103129,2014-06-18 14:20:40+00:00,-73.978721000,40.787610000,1.166926373,5.681889441,11.500000000,1,-73.962005000,40.775375000
18639,2014-06-18 15:13:00+00:00,-73.971755000,40.792122000,1.748795326,6.189625716,10.500000000,1,-73.982437000,40.767822000
58635,2014-06-18 17:33:51+00:00,-73.947183000,40.775805000,3.843611342,4.402905572,10.000000000,2,-73.970162000,40.767800000
25296,2014-06-18 17:40:00+00:00,-74.005152000,40.707020000,-0.961732289,-3.289807885,11.500000000,1,-73.986615000,40.703030000
63455,2014-06-18 18:03:00+00:00,-73.976090000,40.765012000,1.418193059,3.175923402,4.500000000,1,-73.971085000,40.763087000
104107,2014-06-18 19:56:17+00:00,-73.885458000,40.773114000,9.056262817,4.168533001,28.500000000,2,-73.965086000,40.773729000
110697,2014-06-18 20:08:32+00:00,-73.975475000,40.776855000,1.454746800,4.491193664,7.000000000,1,-73.979526000,40.766458000
132794,2014-06-18 21:25:55+00:00,-73.980995000,40.758898000,1.012085609,2.492403769,10.000000000,2,-73.975587000,40.786940000
134495,2014-06-18 21:28:00+00:00,-73.978630000,40.753950000,1.218106391,1.945459935,9.000000000,1,-73.955320000,40.768810000
51147,2014-06-18 22:33:35+00:00,-73.954978000,40.788417000,3.169126023,5.795072965,7.000000000,1,-73.954447000,40.774055000
124488,2014-06-19 05:38:00+00:00,-73.959872000,40.711497000,2.857403954,-2.748525258,10.500000000,6,-74.001642000,40.718965000
73116,2014-06-19 08:43:26+00:00,-73.986242000,40.740558000,0.592706113,0.451400683,4.000000000,1,-73.994890000,40.743755000
143609,2014-06-19 14:59:00+00:00,-73.981590000,40.737092000,0.989949355,0.071196591,10.500000000,2,-74.008337000,40.736552000
114718,2014-06-19 15:12:12+00:00,-73.971328000,40.757572000,1.829795495,2.354728529,5.000000000,1,-73.975068000,40.752283000
162899,2014-06-19 16:41:21+00:00,-73.992043000,40.749278000,0.091797874,1.413742737,6.500000000,1,-73.982768000,40.737878000
78284,2014-06-19 18:50:57+00:00,-73.953214000,40.782088000,3.326343862,5.094277763,4.500000000,1,-73.959290000,40.774371000
192454,2014-06-19 18:57:32+00:00,-74.004503000,40.722480000,-0.926360083,-1.573026102,8.000000000,1,-73.987245000,40.729968000
129571,2014-06-19 20:07:00+00:00,-74.006387000,40.714222000,-1.075102321,-2.491520413,10.500000000,1,-73.990037000,40.721775000
128237,2014-06-19 20:54:00+00:00,-73.997752000,40.725977000,-0.360633477,-1.178350177,5.000000000,1,-73.999500000,40.733567000
91663,2014-06-20 00:25:40+00:00,-73.936095000,40.760682000,4.799663572,2.735423085,4.000000000,2,-73.943222000,40.756824000
86293,2014-06-20 01:15:26+00:00,-73.983842000,40.725607000,0.814553154,-1.205921444,14.000000000,1,-73.952510000,40.768732000
67007,2014-06-20 02:56:03+00:00,-73.990623000,40.760946000,0.196778418,2.710354066,21.500000000,1,-73.920010000,40.739376000
33767,2014-06-20 03:01:00+00:00,-73.986623000,40.703650000,0.607816731,-3.646007558,15.000000000,1,-73.958097000,40.670412000
27198,2014-06-20 04:23:00+00:00,-73.983147000,40.762662000,0.825594848,2.908128737,16.500000000,1,-73.920755000,40.770772000
142021,2014-06-20 06:10:51+00:00,-73.953265000,40.787020000,3.315506205,5.641718262,11.000000000,1,-73.977781000,40.759833000
126533,2014-06-20 06:48:10+00:00,-73.991476000,40.759914000,0.126096272,2.594966514,5.500000000,1,-73.982501000,40.764361000
143963,2014-06-20 06:49:00+00:00,-73.960517000,40.778390000,2.714981804,4.676441358,3.000000000,1,-73.958270000,40.778927000
92509,2014-06-20 07:05:55+00:00,-74.016812000,40.709315000,-1.949559229,-3.046138209,12.000000000,4,-73.995156000,40.749790000
130740,2014-06-20 08:54:27+00:00,-73.993827000,40.751452000,-0.061576552,1.653344339,10.000000000,1,-73.974448000,40.756793000
84108,2014-06-20 08:55:35+00:00,-73.959804000,40.774084000,2.780816361,4.199154634,15.000000000,1,-73.975848000,40.756671000
49354,2014-06-20 09:49:00+00:00,-73.978445000,40.761750000,1.223643399,2.811499830,8.500000000,1,-73.962872000,40.775185000
176507,2014-06-20 11:53:00+00:00,-73.978212000,40.750782000,1.257486527,1.594199403,6.000000000,1,-73.971795000,40.760100000
184209,2014-06-20 12:08:24+00:00,-74.001295000,40.762620000,-0.706123829,2.885873156,6.500000000,1,-73.990292000,40.757355000
109317,2014-06-20 12:16:00+00:00,-74.016722000,40.708237000,-1.940617232,-3.165717942,19.500000000,2,-73.994917000,40.750115000
85553,2014-06-20 12:34:00+00:00,-74.006695000,40.730942000,-1.122112027,-0.635783533,6.000000000,2,-73.995017000,40.738395000
186060,2014-06-20 12:44:00+00:00,-73.955733000,40.768312000,3.131995587,3.562499262,5.500000000,1,-73.944892000,40.780002000
71441,2014-06-20 12:50:00+00:00,-73.983862000,40.770577000,0.755069606,3.786054651,10.500000000,1,-73.959530000,40.763562000
78830,2014-06-20 13:16:00+00:00,-73.977640000,40.746567000,1.311224771,1.126866048,16.500000000,2,-73.953197000,40.791130000
46760,2014-06-20 14:08:51+00:00,-73.873001000,40.774058000,10.106183551,4.286756197,37.830000000,1,-73.978196000,40.766021000
111026,2014-06-20 15:04:00+00:00,-74.011528000,40.710407000,-1.504574236,-2.919909759,22.000000000,1,-73.984503000,40.754085000
65492,2014-06-20 16:02:58+00:00,-73.987853000,40.774860000,0.412765816,4.257606945,16.500000000,1,-74.008230000,40.748800000
14202,2014-06-20 17:13:00+00:00,-74.009112000,40.703772000,-1.292185350,-3.654137419,24.000000000,5,-73.976872000,40.751550000
159307,2014-06-20 18:42:00+00:00,-74.017257000,40.705047000,-1.981848786,-3.520333777,19.500000000,3,-73.963975000,40.718955000
189554,2014-06-20 18:55:00+00:00,-73.993333000,40.729605000,0.007937501,-0.771348484,15.500000000,1,-73.982905000,40.739335000
190302,2014-06-20 20:22:50+00:00,-74.002418000,40.739765000,-0.772071947,0.347725233,6.500000000,1,-73.990467000,40.755847000
34491,2014-06-20 20:46:34+00:00,-73.980090000,40.775585000,1.066942139,4.345675390,11.500000000,1,-73.986458000,40.747640000
11355,2014-06-20 23:24:22+00:00,-73.952743000,40.776660000,3.373281086,4.492200842,12.000000000,3,-73.980696000,40.763680000
17855,2014-06-20 23:26:00+00:00,-73.962060000,40.713382000,2.670112425,-2.541463977,5.500000000,6,-73.951352000,40.723715000
21316,2014-06-20 23:28:14+00:00,-73.984471000,40.728649000,0.757527760,-0.868853152,13.000000000,1,-73.948532000,40.778060000
147338,2014-06-21 01:09:00+00:00,-74.005965000,40.735160000,-1.065768848,-0.166858993,9.500000000,1,-74.010472000,40.713940000
45940,2014-06-21 01:44:00+00:00,-73.987162000,40.729547000,0.529129667,-0.771793839,6.000000000,1,-73.999597000,40.730177000
155427,2014-06-21 02:42:00+00:00,-73.992052000,40.725897000,0.120838215,-1.181720723,5.500000000,1,-73.992147000,40.734707000
39547,2014-06-21 03:11:00+00:00,-74.002177000,40.719475000,-0.726126996,-1.904371513,10.500000000,1,-73.990590000,40.756082000
51420,2014-06-21 03:21:00+00:00,-74.007300000,40.705622000,-1.141430335,-3.447047541,16.500000000,5,-73.965438000,40.759285000
173444,2014-06-21 03:23:26+00:00,-73.985951000,40.742304000,0.615036945,0.645502877,9.500000000,1,-74.002667000,40.749960000
58496,2014-06-21 04:11:29+00:00,-73.986725000,40.747420000,0.543131940,1.212660898,14.500000000,1,-74.016123000,40.717412000
8997,2014-06-21 08:20:02+00:00,-73.992279000,40.737770000,0.086540367,0.136044100,4.500000000,1,-74.002433000,40.739944000
451,2014-06-21 09:58:08+00:00,-73.985774000,40.762882000,0.603582018,2.929984071,5.500000000,1,-73.979744000,40.775181000
14767,2014-06-21 11:24:47+00:00,-73.994906000,40.755459000,-0.157758524,2.097106801,5.500000000,1,-74.006287000,40.739468000
142194,2014-06-21 12:00:00+00:00,-73.994520000,40.736470000,-0.101027707,-0.010434649,6.500000000,1,-74.007800000,40.740550000
44911,2014-06-21 12:53:09+00:00,-73.977336000,40.750786000,1.331432858,1.595504779,11.500000000,1,-73.959069000,40.783378000
170155,2014-06-21 14:15:56+00:00,-73.951837000,40.773716000,3.453640603,4.166306725,5.000000000,1,-73.953935000,40.781333000
179746,2014-06-21 14:38:00+00:00,-73.979305000,40.740675000,1.178262936,0.471175743,6.000000000,1,-73.991577000,40.749065000
125803,2014-06-21 16:12:00+00:00,-73.991123000,40.755982000,0.160910485,2.158827981,10.000000000,1,-74.001955000,40.737875000
174527,2014-06-21 17:56:00+00:00,-73.966968000,40.772672000,2.178091523,4.035267407,13.500000000,1,-73.987205000,40.738905000
191110,2014-06-21 20:00:02+00:00,-73.995547000,40.731025000,-0.180829801,-0.615859983,3.000000000,1,-73.991829000,40.735105000
120540,2014-06-21 20:09:43+00:00,-73.987011000,40.720789000,0.553096523,-1.743844259,4.500000000,1,-73.990288000,40.714162000
180176,2014-06-21 20:34:00+00:00,-73.995445000,40.744070000,-0.188786908,0.832324677,10.000000000,1,-73.989440000,40.767992000
8617,2014-06-21 20:41:00+00:00,-73.998240000,40.713422000,-0.385947645,-2.572508780,24.000000000,1,-73.908043000,40.681575000
7368,2014-06-21 22:30:17+00:00,-74.006459000,40.732968000,-1.104728140,-0.410658219,15.000000000,4,-73.977859000,40.745616000
125370,2014-06-21 23:19:53+00:00,-73.987611000,40.732759000,0.487101917,-0.415676947,5.000000000,1,-73.978039000,40.745851000
189748,2014-06-21 23:26:00+00:00,-73.961222000,40.765087000,2.672976830,3.198999810,9.500000000,1,-73.982047000,40.734450000
131484,2014-06-21 23:37:33+00:00,-73.981338000,40.780322000,0.955519014,4.870295644,12.000000000,1,-73.994481000,40.750859000
69567,2014-06-22 01:30:00+00:00,-73.992652000,40.741140000,0.050752943,0.509776344,17.500000000,1,-73.990733000,40.749332000
168522,2014-06-22 01:43:54+00:00,-73.996285000,40.723777000,-0.233952621,-1.421149900,5.000000000,2,-73.992088000,40.721772000
122036,2014-06-22 02:53:42+00:00,-73.995596000,40.759395000,-0.221004859,2.533364882,10.500000000,3,-73.957253000,40.765933000
171012,2014-06-22 02:55:00+00:00,-73.954210000,40.806170000,3.210418357,7.766576003,12.500000000,1,-73.991980000,40.770650000
131619,2014-06-22 04:28:00+00:00,-73.965790000,40.754370000,2.301452483,2.004777230,8.000000000,1,-73.983952000,40.731847000
122581,2014-06-22 04:34:59+00:00,-73.982146000,40.758097000,0.915961958,2.402359216,17.000000000,1,-73.914251000,40.760813000
108708,2014-06-22 09:33:15+00:00,-73.985746000,40.722818000,0.657333773,-1.517378412,12.000000000,2,-73.994122000,40.751375000
96827,2014-06-22 09:35:00+00:00,-73.991775000,40.742297000,0.123324337,0.639061640,4.000000000,5,-73.981445000,40.738172000
1706,2014-06-22 13:47:00+00:00,-73.780282000,40.645427000,18.129095478,-9.887609736,52.000000000,4,-73.982302000,40.778927000
3787,2014-06-22 15:32:00+00:00,-74.014890000,40.709497000,-1.787430973,-3.024116014,11.500000000,1,-74.008542000,40.750797000
18679,2014-06-22 16:31:41+00:00,-73.997216000,40.714523000,-0.300849156,-2.449303569,11.500000000,1,-73.983617000,40.748129000
31755,2014-06-22 19:42:00+00:00,-73.980941000,40.760388000,1.014722832,2.657857836,9.500000000,2,-73.959188000,40.771604000
178901,2014-06-22 19:46:00+00:00,-73.991670000,40.750477000,0.121757904,1.547202115,17.000000000,1,-73.953008000,40.773557000
22344,2014-06-22 19:49:00+00:00,-73.987337000,40.747852000,0.490911316,1.260019713,8.000000000,1,-73.969180000,40.751152000
17292,2014-06-22 20:14:48+00:00,-74.005506000,40.741074000,-1.034448366,0.490075013,11.000000000,1,-73.978669000,40.752868000
134148,2014-06-22 20:39:00+00:00,-74.003702000,40.749942000,-0.893307375,1.476213069,3.000000000,3,-74.003940000,40.750892000
81983,2014-06-22 21:22:18+00:00,-73.988233000,40.734559000,0.432276126,-0.216469903,7.500000000,1,-73.992221000,40.749156000
51616,2014-06-22 22:05:56+00:00,-73.997356000,40.716752000,-0.315499038,-2.202004939,2.500000000,1,-73.997593000,40.716858000
152860,2014-06-22 22:44:02+00:00,-73.783087000,40.648513000,17.887182635,-9.548329116,57.330000000,1,-74.001840000,40.727264000
190698,2014-06-22 23:13:12+00:00,-74.005411000,40.738165000,-1.022768704,0.167246605,7.000000000,2,-74.004875000,40.718709000
63604,2014-06-23 01:16:28+00:00,-73.936107000,40.749530000,4.813658914,1.497453783,9.500000000,2,-73.909543000,40.761402000
153663,2014-06-23 05:38:00+00:00,-73.952818000,40.783402000,3.358016781,5.240541215,8.500000000,1,-73.978792000,40.766740000
2273,2014-06-23 06:57:00+00:00,-73.979972000,40.741302000,1.121137812,0.540122601,33.330000000,2,-73.861500000,40.768127000
105574,2014-06-23 07:40:00+00:00,-74.004705000,40.725540000,-0.947270104,-1.233539025,13.500000000,1,-73.973497000,40.758217000
85251,2014-06-23 08:02:00+00:00,-73.974882000,40.750830000,1.538541329,1.602805984,7.500000000,6,-73.978302000,40.765145000
174660,2014-06-23 08:17:24+00:00,-73.960226000,40.769639000,2.751052110,3.705302724,27.500000000,1,-73.984176000,40.693686000
77816,2014-06-23 08:37:55+00:00,-73.970342000,40.796717000,1.862016566,6.701107099,15.000000000,1,-73.972967000,40.757610000
5097,2014-06-23 09:30:17+00:00,-73.991695000,40.750145000,0.120070817,1.510323463,15.000000000,1,-73.965673000,40.771134000
117044,2014-06-23 09:41:00+00:00,-73.949567000,40.784597000,3.630741989,5.376476209,12.000000000,1,-73.973095000,40.755307000
168122,2014-06-23 10:31:00+00:00,-73.873050000,40.774082000,10.102014189,4.289367271,37.330000000,1,-73.974168000,40.762817000
170298,2014-06-23 11:54:46+00:00,-73.987084000,40.725148000,0.541349668,-1.260036930,12.500000000,1,-73.990343000,40.750113000
4798,2014-06-23 11:57:19+00:00,-73.984824000,40.745198000,0.706474346,0.967857427,7.000000000,1,-73.990387000,40.737219000
75259,2014-06-23 12:36:00+00:00,-73.955390000,40.768620000,3.160536808,3.597034280,5.500000000,1,-73.944190000,40.775750000
156050,2014-06-23 12:47:05+00:00,-73.987106000,40.754348000,0.502090696,1.981348042,7.500000000,2,-73.987107000,40.740620000
156272,2014-06-23 12:49:00+00:00,-73.969527000,40.757615000,1.981763589,2.361285518,9.000000000,6,-73.982140000,40.773962000
84029,2014-06-23 13:03:30+00:00,-73.972524000,40.747049000,1.742516050,1.185415116,8.500000000,1,-73.967782000,40.760056000
64283,2014-06-23 13:21:00+00:00,-73.956160000,40.781737000,3.078224108,5.052351301,11.000000000,5,-73.973517000,40.763580000
1331,2014-06-23 13:39:00+00:00,-73.952442000,40.772792000,3.403809150,4.063125574,4.000000000,1,-73.946283000,40.781075000
29598,2014-06-23 14:14:23+00:00,-73.975671000,40.752113000,1.470272068,1.744450712,9.500000000,1,-73.999128000,40.729924000
74891,2014-06-23 15:35:00+00:00,-74.000760000,40.747237000,-0.641523663,1.178762236,8.500000000,2,-73.998687000,40.727130000
48495,2014-06-23 18:05:44+00:00,-73.962190000,40.770014000,2.584806454,3.744967988,4.500000000,1,-73.966840000,40.764123000
23319,2014-06-23 18:51:18+00:00,-73.979463000,40.764455000,1.134225919,3.110775365,19.000000000,1,-74.007651000,40.740876000
114017,2014-06-23 19:01:26+00:00,-73.985578000,40.764074000,0.618595412,3.062496279,9.000000000,1,-73.991343000,40.750282000
144323,2014-06-23 19:35:00+00:00,-73.983252000,40.771455000,0.805420630,3.884115852,4.500000000,1,-73.985067000,40.765182000
192908,2014-06-23 20:05:00+00:00,-74.003690000,40.748580000,-0.890578039,1.325032814,9.000000000,1,-73.991020000,40.774770000
76168,2014-06-23 22:15:31+00:00,-73.982685000,40.772298000,0.852186468,3.978250079,6.000000000,2,-73.984032000,40.760254000
75095,2014-06-23 22:21:00+00:00,-73.982102000,40.766960000,0.908262365,3.386261948,4.500000000,1,-73.982407000,40.771432000
52129,2014-06-23 22:38:00+00:00,-73.873090000,40.774165000,10.098520206,4.298537597,37.330000000,1,-73.917660000,40.872232000
77751,2014-06-23 23:21:29+00:00,-73.979537000,40.765401000,1.126758779,3.215715889,28.500000000,1,-73.934069000,40.684398000
120741,2014-06-24 04:49:06+00:00,-74.004087000,40.742468000,-0.916395427,0.646177100,9.000000000,1,-73.986831000,40.768478000
77019,2014-06-24 05:57:00+00:00,-73.980150000,40.767607000,1.072174418,3.459997093,6.500000000,1,-73.961098000,40.775065000
96845,2014-06-24 06:25:06+00:00,-73.975007000,40.756445000,1.520708885,2.225989233,7.500000000,1,-73.985641000,40.752137000
139113,2014-06-24 07:19:03+00:00,-73.990789000,40.734639000,0.216345396,-0.210073515,7.000000000,1,-73.977980000,40.721354000
106614,2014-06-24 08:56:53+00:00,-73.996713000,40.725333000,-0.272072259,-1.248836491,11.000000000,1,-74.013891000,40.714606000
114736,2014-06-24 12:15:13+00:00,-73.975866000,40.760605000,1.442809083,2.686933752,6.500000000,1,-73.985846000,40.745698000
157290,2014-06-24 12:31:00+00:00,-73.978862000,40.756102000,1.195742279,2.184119946,7.500000000,5,-73.993798000,40.750055000
170030,2014-06-24 13:10:00+00:00,-73.981554000,40.773659000,0.945880145,4.130439061,8.000000000,3,-73.996266000,40.763793000
10532,2014-06-24 13:45:54+00:00,-73.959138000,40.809458000,2.790410257,8.126624856,27.000000000,1,-73.986815000,40.740559000
7967,2014-06-24 14:43:23+00:00,-74.006030000,40.734998000,-1.071053792,-0.184904251,12.500000000,1,-73.984145000,40.750435000
172845,2014-06-24 15:28:00+00:00,-73.973740000,40.763250000,1.618824457,2.982645350,7.000000000,1,-73.959920000,40.758260000
142089,2014-06-24 15:42:00+00:00,-73.992062000,40.749082000,0.090443736,1.391966901,5.500000000,1,-74.001772000,40.735332000
182270,2014-06-24 15:42:00+00:00,-73.960817000,40.761177000,2.712300059,2.765364714,10.000000000,1,-73.980327000,40.739330000
95827,2014-06-24 16:41:56+00:00,-74.011085000,40.710458000,-1.467217563,-2.913827225,8.000000000,1,-74.003627000,40.722402000
82853,2014-06-24 18:30:09+00:00,-73.994159000,40.751147000,-0.089215500,1.619165862,36.330000000,1,-73.872280000,40.774461000
111608,2014-06-24 18:38:41+00:00,-74.000555000,40.727162000,-0.598846372,-1.049505275,23.000000000,1,-73.949482000,40.781970000
131271,2014-06-24 19:06:55+00:00,-74.003107000,40.726891000,-0.814019469,-1.082038041,38.440000000,1,-73.914944000,40.879002000
70085,2014-06-24 20:20:00+00:00,-73.997580000,40.721090000,-0.339915183,-1.720674168,16.500000000,1,-73.957970000,40.733490000
94572,2014-06-24 20:20:00+00:00,-73.984738000,40.748350000,0.709687747,1.317836139,19.500000000,1,-74.016587000,40.704770000
145237,2014-06-24 20:49:17+00:00,-74.008906000,40.711016000,-1.283855487,-2.849811090,21.500000000,1,-73.978490000,40.789999000
115535,2014-06-24 21:18:00+00:00,-73.973327000,40.763802000,1.652966211,3.044329340,8.500000000,1,-73.965377000,40.777985000
160112,2014-06-24 23:22:00+00:00,-73.960095000,40.782040000,2.745788328,5.082042523,6.000000000,2,-73.950900000,40.775967000
25682,2014-06-24 23:46:39+00:00,-73.971968000,40.782066000,1.743910599,5.073118258,7.000000000,1,-73.949296000,40.772819000
31837,2014-06-25 00:17:00+00:00,-73.873177000,40.774032000,10.091367898,4.283679174,35.330000000,2,-73.979627000,40.771247000
190380,2014-06-25 03:38:31+00:00,-73.972476000,40.753541000,1.738131136,1.906122216,11.000000000,1,-73.939920000,40.798089000
141344,2014-06-25 06:28:00+00:00,-73.982953000,40.742110000,0.868408278,0.626895950,12.000000000,6,-74.013510000,40.716670000
39524,2014-06-25 07:40:00+00:00,-73.960907000,40.780895000,2.678777547,4.954126337,17.000000000,1,-73.975547000,40.741337000
49141,2014-06-25 07:50:34+00:00,-73.954788000,40.769663000,3.209964430,3.713420527,14.500000000,1,-73.982618000,40.748082000
41890,2014-06-25 08:21:00+00:00,-73.982200000,40.745502000,0.927618350,1.004169161,4.000000000,1,-73.979722000,40.743455000
3316,2014-06-25 08:28:00+00:00,-73.979237000,40.764487000,1.153259494,3.114549500,10.000000000,6,-73.975010000,40.751972000
198462,2014-06-25 08:30:12+00:00,-74.004141000,40.720899000,-0.893797059,-1.748180959,6.000000000,1,-74.007004000,40.726438000
125551,2014-06-25 09:34:00+00:00,-73.970150000,40.756700000,1.930367623,2.259096315,7.000000000,1,-73.955010000,40.764980000
49781,2014-06-25 09:35:02+00:00,-73.961248000,40.774376000,2.658573216,4.230124940,4.000000000,1,-73.959806000,40.778896000
110148,2014-06-25 09:44:00+00:00,-73.966422000,40.804472000,2.182564798,7.565867348,12.500000000,1,-73.982237000,40.774985000
60564,2014-06-25 11:43:00+00:00,-73.987132000,40.725080000,0.537383046,-1.267632151,28.000000000,6,-73.872320000,40.774497000
141880,2014-06-25 12:17:37+00:00,-73.999785000,40.723368000,-0.529023093,-1.469924384,24.000000000,1,-73.970455000,40.789192000
109703,2014-06-25 12:47:00+00:00,-74.003173000,40.727652000,-0.820552167,-0.997625179,11.500000000,1,-73.987058000,40.742965000
134926,2014-06-25 13:20:31+00:00,-73.863369000,40.769982000,10.924895685,3.844774002,28.330000000,1,-73.947509000,40.801168000
27751,2014-06-25 13:37:53+00:00,-73.961500000,40.768481000,2.645053598,3.575482206,15.500000000,1,-73.980061000,40.754376000
192270,2014-06-25 13:48:49+00:00,-73.984141000,40.759648000,0.745570304,2.572580360,8.000000000,1,-73.986711000,40.745348000
15300,2014-06-25 14:37:00+00:00,-74.008838000,40.717957000,-1.286806692,-2.079250262,23.500000000,3,-73.997810000,40.760675000
109886,2014-06-25 15:32:00+00:00,-73.982917000,40.766287000,0.840343208,3.310756117,7.000000000,1,-73.973892000,40.763777000
128889,2014-06-25 17:47:19+00:00,-73.962212000,40.762977000,2.592189778,2.963784857,18.500000000,1,-74.003477000,40.744215000
145384,2014-06-25 18:49:39+00:00,-74.008141000,40.738313000,-1.253462899,0.181067648,7.500000000,1,-73.994945000,40.746343000
26300,2014-06-25 19:10:00+00:00,-73.998112000,40.720360000,-0.383921804,-1.802221773,19.000000000,5,-73.985685000,40.760352000
164969,2014-06-25 20:20:13+00:00,-73.997417000,40.756684000,-0.371274508,2.230666136,10.000000000,1,-73.979230000,40.746295000
159738,2014-06-25 20:21:04+00:00,-73.985777000,40.757132000,0.610706452,2.291688283,6.000000000,1,-73.979584000,40.766150000
136469,2014-06-25 20:29:55+00:00,-73.958694000,40.764131000,2.887603308,3.095405704,4.500000000,1,-73.966110000,40.765037000
26262,2014-06-25 21:02:26+00:00,-73.978553000,40.744993000,1.236178224,0.951243251,35.500000000,2,-73.935982000,40.631875000
41434,2014-06-25 21:39:10+00:00,-73.991733000,40.744029000,0.124661944,0.831366683,8.500000000,1,-73.988941000,40.722957000
188649,2014-06-25 22:22:00+00:00,-73.961957000,40.763752000,2.612695030,3.050070378,21.500000000,5,-74.018198000,40.709642000
90300,2014-06-25 22:41:00+00:00,-73.983252000,40.760422000,0.819613701,2.659369244,28.500000000,1,-73.993972000,40.697712000
125778,2014-06-25 23:56:51+00:00,-73.961737000,40.759147000,2.637312527,2.539100059,16.000000000,1,-73.991821000,40.720294000
6699,2014-06-26 03:35:00+00:00,-73.986535000,40.751347000,0.554138698,1.648771575,6.500000000,1,-73.978392000,40.765487000
19710,2014-06-26 03:53:56+00:00,-74.002645000,40.730402000,-0.779430809,-0.691850173,15.000000000,1,-73.964131000,40.719052000
74633,2014-06-26 07:30:21+00:00,-73.969203000,40.769662000,1.993401767,3.698915381,6.000000000,1,-73.980319000,40.760808000
103227,2014-06-26 07:43:00+00:00,-73.984355000,40.754727000,0.733829405,2.026103805,3.500000000,1,-73.981025000,40.757997000
153146,2014-06-26 07:50:00+00:00,-73.992750000,40.763365000,0.014163020,2.976818049,12.000000000,6,-73.990402000,40.737175000
20816,2014-06-26 09:25:00+00:00,-74.015000000,40.716002000,-1.804820844,-2.302123445,9.500000000,5,-73.999492000,40.723345000
129888,2014-06-26 09:43:56+00:00,-74.008699000,40.719264000,-1.276704299,-1.934032178,25.000000000,1,-73.970840000,40.764129000
140958,2014-06-26 09:59:00+00:00,-73.949655000,40.776435000,3.634166858,4.470339779,2.500000000,1,-73.949835000,40.777132000
63742,2014-06-26 11:33:09+00:00,-73.974021000,40.762542000,1.596025998,2.903774621,26.500000000,1,-74.011208000,40.710136000
42229,2014-06-26 11:56:00+00:00,-73.871225000,40.773895000,10.256293926,4.270588924,43.830000000,3,-73.994512000,40.754338000
42500,2014-06-26 13:44:00+00:00,-73.968337000,40.765635000,2.071745028,3.252746527,7.000000000,1,-73.970602000,40.783442000
146987,2014-06-26 14:15:00+00:00,-73.955110000,40.773340000,3.177927330,4.121272595,4.500000000,1,-73.955750000,40.781760000
130421,2014-06-26 15:42:00+00:00,-73.958847000,40.771545000,2.864922807,3.918263842,3.500000000,5,-73.963795000,40.774062000
34110,2014-06-26 15:56:27+00:00,-73.987073000,40.760407000,0.497112628,2.653974022,116.000000000,1,-74.176678000,40.694202000
32693,2014-06-26 18:39:00+00:00,-73.988682000,40.744225000,0.382001156,0.856087443,10.500000000,2,-74.003518000,40.751502000
189020,2014-06-26 19:14:00+00:00,-73.964587000,40.756272000,2.400512613,2.217110917,16.000000000,1,-73.949290000,40.786137000
56073,2014-06-26 19:15:13+00:00,-73.997612000,40.720927000,-0.342411273,-1.738799104,12.000000000,3,-74.003852000,40.742165000
126882,2014-06-26 20:23:00+00:00,-73.963840000,40.761207000,2.457100080,2.765677420,11.500000000,5,-73.985585000,40.747180000
197593,2014-06-26 20:56:00+00:00,-73.993182000,40.722420000,0.029834057,-1.568785994,12.500000000,2,-73.977947000,40.751362000
34255,2014-06-27 00:17:00+00:00,-73.994795000,40.760592000,-0.154915776,2.667014959,4.000000000,2,-73.991240000,40.755837000
173443,2014-06-27 05:24:18+00:00,-73.983821000,40.762641000,0.768733232,2.905138515,20.000000000,1,-73.983751000,40.762559000
155998,2014-06-27 07:36:00+00:00,-73.962165000,40.759557000,2.600647171,2.584185785,10.000000000,1,-73.984802000,40.761382000
174269,2014-06-27 10:15:00+00:00,-73.960047000,40.773277000,2.761371573,4.109328167,7.500000000,1,-73.968560000,40.764032000
75681,2014-06-27 10:37:28+00:00,-73.991255000,40.749820000,0.157630399,1.474672949,12.500000000,1,-73.976599000,40.765595000
86696,2014-06-27 10:45:00+00:00,-74.003300000,40.722145000,-0.824338377,-1.609060870,11.000000000,1,-74.010832000,40.708830000
73743,2014-06-27 11:26:12+00:00,-73.979301000,40.785103000,1.121229024,5.403022717,18.000000000,1,-73.993049000,40.742978000
15910,2014-06-27 12:19:12+00:00,-73.982613000,40.763031000,0.870191880,2.949612990,8.500000000,1,-73.977397000,40.772510000
159548,2014-06-27 12:29:00+00:00,-74.008300000,40.705037000,-1.225173749,-3.512940392,20.500000000,2,-73.969455000,40.759402000
21726,2014-06-27 12:37:00+00:00,-73.994313000,40.740485000,-0.088655040,0.435458695,20.000000000,1,-73.988243000,40.759300000
119360,2014-06-27 12:49:51+00:00,-73.982802000,40.742067000,0.881212594,0.622270369,6.500000000,1,-73.988743000,40.727012000
401,2014-06-27 14:12:49+00:00,-73.776736000,40.645518000,18.428781895,-9.873343897,57.330000000,1,-73.994633000,40.719009000
192808,2014-06-27 14:46:00+00:00,-73.950275000,40.779927000,3.577207735,4.857353337,13.500000000,6,-73.978607000,40.750902000
175588,2014-06-27 15:19:32+00:00,-73.974934000,40.759212000,1.523282931,2.533218879,16.500000000,1,-73.991200000,40.750185000
91902,2014-06-27 17:05:49+00:00,-73.978897000,40.761990000,1.185182010,2.837697561,11.000000000,1,-73.980713000,40.787317000
105933,2014-06-27 20:32:00+00:00,-73.972992000,40.744342000,1.706521526,0.884456061,9.000000000,2,-73.948522000,40.770587000
53448,2014-06-27 20:41:49+00:00,-74.006882000,40.744086000,-1.154409200,0.823112870,23.500000000,3,-73.955230000,40.823804000
64037,2014-06-27 23:27:52+00:00,-73.973444000,40.738075000,1.676495884,0.188327742,10.500000000,1,-73.990685000,40.751070000
167335,2014-06-28 00:58:54+00:00,-73.993920000,40.741122000,-0.056283505,0.506550414,8.500000000,1,-73.996012000,40.760772000
73178,2014-06-28 01:02:00+00:00,-73.993080000,40.733570000,0.024254606,-0.330961200,5.500000000,1,-73.991160000,40.723960000
7390,2014-06-28 01:15:00+00:00,-73.989372000,40.719017000,0.355956236,-1.942845584,33.500000000,3,-73.910785000,40.767492000
35324,2014-06-28 01:42:53+00:00,-73.987462000,40.720138000,0.515839442,-1.816548905,7.500000000,2,-73.982932000,40.730901000
163360,2014-06-28 02:36:24+00:00,-73.970585000,40.756321000,1.894141907,2.216593648,11.000000000,1,-74.000100000,40.730421000
86548,2014-06-28 07:09:00+00:00,-73.911117000,40.744632000,6.930093386,0.979612611,14.000000000,1,-73.877477000,40.763287000
150599,2014-06-28 07:29:22+00:00,-74.016419000,40.710130000,-1.917374864,-2.955296369,52.000000000,1,-73.783076000,40.643898000
31125,2014-06-28 10:30:20+00:00,-73.980575000,40.733951000,1.079701509,-0.276481750,9.000000000,1,-73.992405000,40.748807000
38177,2014-06-28 12:02:24+00:00,-73.957570000,40.776792000,2.965771542,4.502001928,40.830000000,1,-73.865608000,40.770945000
137795,2014-06-28 12:17:00+00:00,-73.982172000,40.761917000,0.908848541,2.826382305,7.000000000,1,-73.977290000,40.777700000
4268,2014-06-28 13:10:24+00:00,-73.976723000,40.758398000,1.373329184,2.441096291,5.000000000,2,-73.968396000,40.762404000
60828,2014-06-28 17:53:00+00:00,-73.988720000,40.670240000,0.473343203,-7.356761909,7.500000000,1,-73.988720000,40.670240000
129237,2014-06-28 18:51:22+00:00,-73.986114000,40.746573000,0.595800958,1.119233478,11.000000000,2,-74.000436000,40.737506000
12375,2014-06-28 18:55:00+00:00,-73.974277000,40.783832000,1.546784616,5.266877199,9.500000000,1,-73.991022000,40.760702000
160697,2014-06-28 19:46:00+00:00,-73.989512000,40.741845000,0.314967502,0.591083457,9.500000000,2,-73.988537000,40.723015000
71277,2014-06-28 21:45:00+00:00,-74.008397000,40.731037000,-1.265955679,-0.626862494,18.000000000,6,-73.956520000,40.762992000
51018,2014-06-28 22:07:00+00:00,-73.990028000,40.735327000,0.279725556,-0.132961767,7.500000000,1,-73.975877000,40.753615000
37273,2014-06-28 23:21:24+00:00,-73.978104000,40.741803000,1.278208443,0.597571572,9.500000000,1,-73.962554000,40.758248000
153575,2014-06-29 03:05:25+00:00,-73.988092000,40.722672000,0.459389431,-1.535871174,4.500000000,1,-73.986999000,40.729163000
182942,2014-06-29 03:12:00+00:00,-73.993587000,40.721080000,-0.002665618,-1.717927054,5.000000000,1,-73.995682000,40.720867000
105374,2014-06-29 07:00:00+00:00,-73.995788000,40.725267000,-0.193870702,-1.255269973,5.000000000,2,-73.983872000,40.722260000
177578,2014-06-29 07:01:53+00:00,-73.987302000,40.770914000,0.464320870,3.820107265,9.000000000,1,-73.962491000,40.804876000
177545,2014-06-29 12:31:00+00:00,-73.978167000,40.777152000,1.227194184,4.521513184,9.000000000,2,-73.955800000,40.784562000
3389,2014-06-29 14:37:44+00:00,-73.981247000,40.763711000,0.984611315,3.026435891,26.500000000,3,-74.011527000,40.716582000
93088,2014-06-29 14:57:00+00:00,-73.994945000,40.750102000,-0.154240404,1.502403139,17.000000000,2,-73.956192000,40.784342000
109013,2014-06-29 14:59:03+00:00,-73.947690000,40.790287000,3.781538188,6.010011242,6.500000000,1,-73.939454000,40.804241000
16498,2014-06-29 17:27:39+00:00,-73.994075000,40.741366000,-0.069680804,0.533486157,17.000000000,1,-74.000452000,40.737460000
23508,2014-06-29 18:17:29+00:00,-73.977012000,40.751797000,1.357476621,1.708051964,5.000000000,1,-73.982494000,40.751603000
119888,2014-06-29 20:20:00+00:00,-74.005910000,40.735950000,-1.062117695,-0.079110961,23.000000000,1,-73.950762000,40.782445000
109396,2014-06-29 21:31:06+00:00,-73.984260000,40.749230000,0.748911208,1.415989427,5.000000000,2,-73.982711000,40.761195000
28980,2014-06-29 23:15:30+00:00,-73.998947000,40.720139000,-0.454164521,-1.827558470,14.500000000,2,-73.955078000,40.694769000
92372,2014-06-29 23:32:42+00:00,-73.993178000,40.692985000,0.067623297,-4.836256631,13.500000000,1,-74.001203000,40.729337000
44919,2014-06-30 02:51:13+00:00,-74.008353000,40.716602000,-1.244144779,-2.229201700,45.000000000,1,-73.865768000,40.859472000
31506,2014-06-30 06:48:41+00:00,-73.992296000,40.758998000,0.058049502,2.492488539,25.500000000,1,-73.933612000,40.854258000
482,2014-06-30 07:13:23+00:00,-73.954566000,40.719553000,3.294953119,-1.848933508,8.500000000,1,-73.949270000,40.720892000
110032,2014-06-30 09:44:00+00:00,-73.977275000,40.764097000,1.319361214,3.073184954,17.000000000,1,-73.961828000,40.810682000
84308,2014-06-30 09:55:08+00:00,-73.993507000,40.762142000,-0.048173146,2.840322716,7.000000000,1,-73.980823000,40.755610000
150692,2014-06-30 10:29:00+00:00,-73.987470000,40.751002000,0.475648983,1.609563003,10.000000000,1,-73.982757000,40.776537000
51139,2014-06-30 12:35:00+00:00,-73.981002000,40.764275000,1.004562969,3.089284279,16.500000000,1,-73.966342000,40.803987000
126670,2014-06-30 13:21:13+00:00,-73.957596000,40.769868000,2.972710855,3.733357506,28.500000000,1,-73.870972000,40.773966000
197681,2014-06-30 15:27:00+00:00,-74.013567000,40.702277000,-1.666675147,-3.824327309,19.500000000,1,-73.984288000,40.748892000
68890,2014-06-30 16:25:00+00:00,-73.951047000,40.778575000,3.513859084,4.706491184,4.500000000,1,-73.957020000,40.777397000
49601,2014-06-30 17:22:42+00:00,-74.016341000,40.710046000,-1.910681720,-2.964547122,8.500000000,1,-74.002188000,40.724725000
152777,2014-06-30 17:26:12+00:00,-73.995878000,40.758993000,-0.244297426,2.488467491,8.500000000,1,-73.979525000,40.753662000
88580,2014-06-30 17:43:00+00:00,-73.997200000,40.747137000,-0.340847648,1.171089271,12.500000000,1,-73.980998000,40.774897000
131343,2014-06-30 17:49:24+00:00,-73.992442000,40.737621000,0.072967145,0.119346082,6.500000000,1,-73.994789000,40.748730000
6686,2014-06-30 19:02:00+00:00,-74.007928000,40.716282000,-1.207846903,-2.264318388,6.000000000,6,-73.997405000,40.719512000
8226,2014-06-30 21:24:00+00:00,-73.981767000,40.732407000,0.981035875,-0.449044578,11.000000000,1,-73.984302000,40.757610000
38211,2014-06-30 22:13:54+00:00,-73.960919000,40.775604000,2.684722709,4.366771416,14.500000000,1,-73.997303000,40.744869000
111868,2014-06-30 22:28:00+00:00,-73.989045000,40.718930000,0.383685718,-1.952185285,26.000000000,1,-73.964085000,40.807790000
185824,2014-07-01 01:52:22+00:00,-73.984929000,40.766189000,0.670656505,3.297910774,16.500000000,2,-73.983851000,40.725750000
79965,2014-07-01 04:49:25+00:00,-73.984435000,40.736844000,0.750045064,0.040883978,4.000000000,1,-73.979870000,40.732449000
163425,2014-07-01 06:24:48+00:00,-73.917974000,40.746390000,6.348767819,1.167604650,15.500000000,1,-73.967736000,40.697763000
77109,2014-07-01 08:09:24+00:00,-74.008039000,40.715005000,-1.215621247,-2.406179600,12.000000000,1,-73.986175000,40.740608000
34345,2014-07-01 12:03:29+00:00,-74.007227000,40.748878000,-1.189553557,1.354729357,12.000000000,1,-73.997265000,40.724977000
9706,2014-07-01 12:31:00+00:00,-74.007962000,40.739437000,-1.239759008,0.306010236,7.000000000,1,-73.996495000,40.732112000
47064,2014-07-01 13:09:00+00:00,-73.991190000,40.690857000,0.238306503,-5.070551133,6.000000000,1,-73.980218000,40.686090000
181266,2014-07-01 13:41:00+00:00,-73.991557000,40.749722000,0.132260348,1.463501254,18.000000000,1,-73.954822000,40.765472000
1548,2014-07-01 14:36:00+00:00,-73.982240000,40.768207000,0.895009481,3.524553324,7.500000000,1,-73.977970000,40.753767000
158507,2014-07-01 15:36:20+00:00,-73.992635000,40.723951000,0.074081502,-1.398304884,16.000000000,1,-73.970937000,40.764453000
181527,2014-07-01 17:10:50+00:00,-74.007061000,40.727169000,-1.148282310,-1.054961657,4.000000000,1,-74.006250000,40.733151000
8853,2014-07-01 19:22:00+00:00,-74.005962000,40.745065000,-1.077966276,0.932668006,5.500000000,2,-73.991135000,40.742375000
93484,2014-07-01 19:44:00+00:00,-73.971185000,40.782837000,1.808976164,5.159480085,6.000000000,2,-73.979940000,40.770682000
54102,2014-07-01 19:47:00+00:00,-73.986545000,40.730182000,0.580419435,-0.700703244,18.000000000,1,-73.994008000,40.695425000
170468,2014-07-01 21:57:00+00:00,-73.979132000,40.744232000,1.188277585,0.866198069,7.500000000,1,-73.963680000,40.765447000
167571,2014-07-01 22:53:00+00:00,-73.959883000,40.710958000,2.857183321,-2.808368860,15.000000000,1,-73.999897000,40.683517000
55656,2014-07-02 03:32:00+00:00,-73.963065000,40.798780000,2.473206324,6.937351698,8.000000000,1,-73.982765000,40.777170000
516,2014-07-02 04:19:49+00:00,-73.988212000,40.764600000,0.395605441,3.118319232,20.000000000,2,-73.940585000,40.848880000
1204,2014-07-02 06:57:22+00:00,-73.976392000,40.727267000,1.441567650,-1.014342419,8.000000000,1,-73.992814000,40.738847000
116685,2014-07-02 07:11:57+00:00,-73.985547000,40.752161000,0.636499973,1.740095135,5.500000000,1,-73.973919000,40.760404000
37148,2014-07-02 08:15:10+00:00,-73.789829000,40.646831000,17.319718371,-9.742908080,57.330000000,1,-74.004713000,40.728637000
193779,2014-07-02 08:51:22+00:00,-74.014873000,40.709457000,-1.785945157,-3.028540163,8.500000000,1,-74.005476000,40.715540000
55131,2014-07-02 10:36:00+00:00,-73.950722000,40.771412000,3.550795311,3.911669497,15.500000000,1,-73.989807000,40.739797000
66083,2014-07-02 11:08:26+00:00,-73.959432000,40.767617000,2.820724566,3.481639555,19.000000000,1,-73.997367000,40.753838000
100580,2014-07-02 11:43:00+00:00,-73.992115000,40.749802000,0.085051552,1.471840719,9.000000000,1,-74.001525000,40.761392000
181114,2014-07-02 11:51:00+00:00,-73.976422000,40.751110000,1.408172832,1.632370653,10.500000000,1,-73.990370000,40.740200000
82140,2014-07-02 12:21:46+00:00,-73.982616000,40.756815000,0.877939075,2.259587627,12.000000000,1,-73.963449000,40.765760000
178048,2014-07-02 13:04:00+00:00,-73.971083000,40.750857000,1.859215813,1.609556149,7.500000000,6,-73.979207000,40.743850000
168668,2014-07-02 13:29:00+00:00,-73.982103000,40.771577000,0.902231447,3.898783272,6.500000000,1,-73.975040000,40.787560000
97419,2014-07-02 13:34:00+00:00,-73.975515000,40.757180000,1.476874863,2.307078962,4.500000000,1,-73.969472000,40.766085000
4973,2014-07-02 14:49:00+00:00,-73.789025000,40.644982000,17.390524139,-9.947223278,57.330000000,2,-73.991552000,40.744680000
149895,2014-07-02 16:42:35+00:00,-73.975943000,40.751397000,1.448237844,1.664701482,3.500000000,1,-73.978724000,40.747784000
20373,2014-07-02 17:17:18+00:00,-73.960649000,40.769527000,2.715500009,3.692446832,10.500000000,1,-73.966173000,40.757873000
57521,2014-07-02 17:47:00+00:00,-73.951720000,40.766277000,3.473381660,3.340637550,7.000000000,5,-73.966743000,40.764307000
190108,2014-07-02 20:25:04+00:00,-73.988470000,40.738781000,0.406863689,0.251971064,13.500000000,1,-73.975613000,40.776935000
148301,2014-07-02 21:40:18+00:00,-73.954317000,40.766324000,3.254132630,3.343239285,6.000000000,1,-73.947221000,40.780075000
151511,2014-07-02 23:14:00+00:00,-73.991250000,40.745065000,0.164119008,0.946838606,22.500000000,2,-73.954815000,40.736597000
90727,2014-07-02 23:15:58+00:00,-73.985978000,40.762451000,0.586916488,2.881940828,12.500000000,1,-73.959014000,40.801831000
12940,2014-07-02 23:43:23+00:00,-73.985801000,40.731135000,0.642024922,-0.594188200,6.000000000,1,-73.997056000,40.720571000
116086,2014-07-03 00:07:00+00:00,-73.991977000,40.725897000,0.127172036,-1.181648014,9.500000000,2,-73.967043000,40.757602000
81723,2014-07-03 00:11:12+00:00,-73.965094000,40.775136000,2.333015005,4.310654718,7.500000000,1,-73.988274000,40.779050000
196930,2014-07-03 01:39:43+00:00,-73.972239000,40.760693000,1.748839259,2.700281916,9.000000000,1,-73.969869000,40.786417000
140074,2014-07-03 02:14:38+00:00,-74.004933000,40.741555000,-0.986674267,0.544017640,9.500000000,1,-73.981825000,40.749388000
153408,2014-07-03 08:07:00+00:00,-73.995937000,40.724342000,-0.205279908,-1.358095107,4.500000000,1,-73.989527000,40.731070000
176476,2014-07-03 08:26:00+00:00,-73.945890000,40.782020000,3.944433838,5.094130792,5.500000000,1,-73.945600000,40.790230000
95985,2014-07-03 09:54:27+00:00,-73.979475000,40.750190000,1.151628820,1.527242503,21.000000000,1,-74.006153000,40.705713000
23276,2014-07-03 10:12:29+00:00,-73.992041000,40.733624000,0.111920235,-0.323960079,7.500000000,2,-73.980993000,40.727373000
1036,2014-07-03 11:08:04+00:00,-73.993304000,40.727814000,0.012665902,-0.970133639,13.500000000,1,-73.993497000,40.727582000
148324,2014-07-03 11:23:14+00:00,-73.978505000,40.788145000,1.184459163,5.741490981,19.500000000,1,-73.995053000,40.749995000
99328,2014-07-03 12:02:00+00:00,-73.980715000,40.759792000,1.034567423,2.591918943,5.000000000,1,-73.971057000,40.761657000
13550,2014-07-03 12:10:00+00:00,-74.008655000,40.713888000,-1.266251926,-2.530761308,39.500000000,5,-73.888930000,40.816510000
26796,2014-07-03 12:14:00+00:00,-73.980202000,40.755770000,1.083057428,2.145950132,6.000000000,4,-73.991320000,40.750017000
100959,2014-07-03 12:33:00+00:00,-73.994737000,40.740297000,-0.124215425,0.414179320,6.000000000,1,-73.987885000,40.738565000
128859,2014-07-03 13:59:55+00:00,-73.984485000,40.745156000,0.735148893,0.963526201,10.000000000,1,-73.995170000,40.739402000
7962,2014-07-03 17:07:20+00:00,-73.972687000,40.780868000,1.684799054,4.939419909,16.500000000,2,-73.993018000,40.733783000
85900,2014-07-03 18:05:21+00:00,-73.951235000,40.770854000,3.508241943,3.849209421,6.000000000,1,-73.959937000,40.758617000
71797,2014-07-03 18:28:00+00:00,-73.885343000,40.770907000,9.069080849,3.923661177,27.830000000,5,-73.955715000,40.779345000
13101,2014-07-03 18:46:35+00:00,-73.988311000,40.745212000,0.412061032,0.966012459,10.000000000,3,-73.995082000,40.719798000
38962,2014-07-03 20:13:00+00:00,-73.991979000,40.735416000,0.114871581,-0.124975523,10.000000000,2,-73.978649000,40.762462000
12327,2014-07-03 20:45:00+00:00,-73.977975000,40.745732000,1.284021744,1.033845628,17.000000000,4,-73.989592000,40.743855000
173344,2014-07-03 22:06:00+00:00,-73.978562000,40.736927000,1.245837205,0.055850854,16.000000000,1,-73.982760000,40.781512000
187657,2014-07-03 22:44:56+00:00,-73.982167000,40.774500000,0.893065518,4.223196159,5.500000000,1,-73.976291000,40.788820000
39864,2014-07-04 02:01:22+00:00,-73.982076000,40.768771000,0.908124246,3.587322208,17.000000000,1,-74.013712000,40.702100000
198519,2014-07-04 11:38:16+00:00,-74.016335000,40.706353000,-1.905584184,-3.374487821,37.000000000,2,-73.873012000,40.774402000
9839,2014-07-04 11:43:24+00:00,-73.987159000,40.736565000,0.520395650,0.007255811,5.500000000,2,-73.998143000,40.740479000
47359,2014-07-04 13:38:00+00:00,-73.984380000,40.774742000,0.706000552,4.247895489,7.000000000,5,-73.983037000,40.763145000
91438,2014-07-04 15:11:00+00:00,-73.979717000,40.752287000,1.128492923,1.759787330,5.000000000,2,-73.974182000,40.763187000
178712,2014-07-04 16:22:00+00:00,-73.948962000,40.797122000,3.665125557,6.767465772,11.000000000,1,-73.967770000,40.762712000
63531,2014-07-04 16:26:59+00:00,-73.781060000,40.644951000,18.064045154,-9.941360854,39.500000000,2,-73.924105000,40.773642000
155549,2014-07-04 18:08:00+00:00,-73.972317000,40.785717000,1.709713010,5.478063246,8.000000000,1,-73.981690000,40.763817000
193354,2014-07-04 19:13:54+00:00,-74.005465000,40.727611000,-1.014056990,-1.004371310,7.000000000,4,-73.996945000,40.715054000
70776,2014-07-04 21:01:42+00:00,-73.983734000,40.737791000,0.808018544,0.146692613,9.000000000,1,-73.995285000,40.721565000
154068,2014-07-05 10:03:32+00:00,-73.991183000,40.760771000,0.149734057,2.690384175,4.000000000,1,-73.988598000,40.766481000
33175,2014-07-05 10:18:00+00:00,-73.985117000,40.747517000,0.678760820,1.224997068,8.000000000,6,-73.970075000,40.748820000
126542,2014-07-05 14:44:00+00:00,-73.977815000,40.786932000,1.244245472,5.607516600,20.000000000,1,-74.007142000,40.719232000
126650,2014-07-05 15:18:00+00:00,-73.994262000,40.703125000,-0.036851741,-3.711702147,14.500000000,1,-73.980867000,40.727207000
99786,2014-07-05 19:13:00+00:00,-73.982725000,40.731227000,0.901657423,-0.580970533,9.000000000,6,-73.996422000,40.737087000
135393,2014-07-05 19:14:38+00:00,-73.988456000,40.696371000,0.462269930,-4.455807223,15.500000000,1,-73.954541000,40.732234000
72415,2014-07-05 20:04:32+00:00,-73.962159000,40.795223000,2.554309134,6.543399580,7.000000000,2,-73.978227000,40.778158000
158100,2014-07-05 23:20:09+00:00,-73.973949000,40.754536000,1.612494900,2.015119736,8.500000000,1,-73.980680000,40.730751000
161501,2014-07-06 00:59:00+00:00,-74.007122000,40.716440000,-1.139967971,-2.246010050,8.500000000,1,-73.985988000,40.732887000
178990,2014-07-06 03:22:58+00:00,-73.994026000,40.720310000,-0.038763115,-1.803827014,12.000000000,4,-73.994043000,40.751450000
153686,2014-07-06 10:44:00+00:00,-73.862692000,40.768732000,10.983830457,3.706754125,16.500000000,5,-73.822255000,40.744640000
94257,2014-07-06 14:46:25+00:00,-73.874181000,40.773761000,10.007025895,4.252508022,35.830000000,2,-73.983708000,40.757647000
57482,2014-07-06 15:31:00+00:00,-73.961365000,40.761007000,2.666268708,2.745945762,15.000000000,6,-74.008813000,40.738207000
183403,2014-07-06 16:06:00+00:00,-73.982850000,40.745287000,0.873017901,0.979666475,10.500000000,1,-73.975998000,40.765502000
8110,2014-07-06 17:33:04+00:00,-73.982750000,40.773907000,0.844629796,4.156797880,5.000000000,1,-73.982597000,40.783280000
107886,2014-07-06 18:26:58+00:00,-74.007853000,40.751492000,-1.245681879,1.644304475,4.500000000,1,-74.002193000,40.760493000
34666,2014-07-06 18:55:54+00:00,-73.991370000,40.750545000,0.146997111,1.555041621,8.500000000,1,-73.976169000,40.733315000
32873,2014-07-06 20:52:45+00:00,-73.961496000,40.757662000,2.659606019,2.374494573,14.500000000,1,-73.945338000,40.722365000
161710,2014-07-06 20:55:00+00:00,-73.948322000,40.778357000,3.744096902,4.685044908,25.500000000,1,-73.962750000,40.719152000
2844,2014-07-06 22:01:00+00:00,-73.981753000,40.779212000,0.921930867,4.746670322,12.500000000,1,-73.968652000,40.754435000
72641,2014-07-07 01:01:00+00:00,-73.876327000,40.768715000,9.833097992,3.690038301,29.330000000,1,-73.961292000,40.813222000
92395,2014-07-07 08:44:51+00:00,-73.997687000,40.741062000,-0.374261579,0.496251536,10.500000000,1,-73.881447000,40.747854000
147936,2014-07-07 10:10:00+00:00,-73.992265000,40.753937000,0.067117779,1.930710366,14.500000000,1,-73.957892000,40.765175000
55670,2014-07-07 12:22:00+00:00,-73.972605000,40.753292000,1.727565056,1.878353880,5.000000000,2,-73.966457000,40.761325000
14449,2014-07-07 13:27:12+00:00,-73.963307000,40.769269000,2.491514222,3.661152638,5.500000000,1,-73.964493000,40.758892000
23292,2014-07-07 15:22:44+00:00,-73.985695000,40.750733000,0.625838196,1.581432311,31.830000000,2,-73.871038000,40.774163000
196724,2014-07-07 15:28:00+00:00,-73.873100000,40.774130000,10.097726215,4.294641464,30.830000000,1,-73.964938000,40.803527000
182462,2014-07-07 16:07:04+00:00,-73.971941000,40.765600000,1.767610206,3.245290792,26.500000000,1,-73.873534000,40.774384000
171527,2014-07-07 16:19:00+00:00,-73.975730000,40.776520000,1.433662468,4.453754744,3.000000000,1,-73.976620000,40.775340000
191624,2014-07-07 18:17:00+00:00,-73.976867000,40.765912000,1.351448034,3.275065215,8.500000000,1,-73.977237000,40.755565000
67819,2014-07-07 19:36:00+00:00,-73.975390000,40.752230000,1.493841851,1.757715481,8.000000000,5,-73.968455000,40.768070000
98982,2014-07-07 20:24:53+00:00,-73.986780000,40.733871000,0.555848873,-0.291427729,6.500000000,1,-73.976984000,40.726750000
76749,2014-07-07 21:08:14+00:00,-73.981188000,40.758623000,0.996149057,2.461687555,7.500000000,1,-73.993395000,40.752480000
43550,2014-07-07 21:33:00+00:00,-73.995303000,40.744472000,-0.177308923,0.877086751,5.500000000,1,-74.005272000,40.728902000
150772,2014-07-07 21:45:00+00:00,-73.978378000,40.778002000,1.208289745,4.615662433,14.500000000,1,-73.936550000,40.794460000
170903,2014-07-07 22:01:08+00:00,-73.979321000,40.762694000,1.148485071,2.915430476,7.000000000,1,-73.977877000,40.748924000
59447,2014-07-07 22:57:43+00:00,-73.992264000,40.742005000,0.082410090,0.606173474,9.500000000,2,-73.967490000,40.755770000
131369,2014-07-07 23:28:00+00:00,-73.946287000,40.781275000,3.911928485,5.011027256,5.000000000,1,-73.954338000,40.787055000
10183,2014-07-07 23:31:18+00:00,-73.961687000,40.806129000,2.579791131,7.754527931,7.000000000,1,-73.975009000,40.790435000
145564,2014-07-08 03:04:46+00:00,-73.929320000,40.684016000,5.475287321,-5.768087641,5.500000000,1,-73.930892000,40.671086000
159449,2014-07-08 10:29:00+00:00,-73.972272000,40.765327000,1.740028525,3.214658417,7.500000000,6,-73.977645000,40.753972000
13020,2014-07-08 11:22:00+00:00,-73.961260000,40.769090000,2.664508498,3.643325716,5.500000000,1,-73.968905000,40.764310000
171516,2014-07-08 11:34:38+00:00,-73.972888000,40.780411000,1.668432444,4.888490662,7.500000000,3,-73.956731000,40.780781000
105426,2014-07-08 11:52:00+00:00,-73.968215000,40.765345000,2.082420499,3.220675393,9.500000000,1,-73.984460000,40.767027000
130991,2014-07-08 12:48:00+00:00,-74.003445000,40.727062000,-0.842778885,-1.063379899,4.000000000,1,-73.997118000,40.725477000
182932,2014-07-08 14:29:00+00:00,-73.968220000,40.770712000,2.074991877,3.816448728,10.000000000,1,-73.967755000,40.761057000
55578,2014-07-08 14:39:17+00:00,-73.972544000,40.756409000,1.728663360,2.224424313,27.000000000,1,-73.962801000,40.811277000
111782,2014-07-08 14:47:12+00:00,-73.789621000,40.644554000,17.340783769,-9.995427744,57.330000000,2,-73.990864000,40.751933000
129370,2014-07-08 18:36:02+00:00,-73.972432000,40.749834000,1.746663561,1.494661394,7.500000000,1,-73.984411000,40.727312000
108150,2014-07-08 18:51:51+00:00,-73.866294000,40.770282000,10.677607899,3.874882230,33.830000000,1,-73.966323000,40.773639000
3051,2014-07-08 19:43:40+00:00,-73.983926000,40.755162000,0.769484134,2.074811215,10.000000000,1,-73.988256000,40.779097000
70937,2014-07-08 19:52:00+00:00,-73.985958000,40.757962000,0.594363274,2.383647862,38.830000000,6,-73.870987000,40.774147000
49697,2014-07-08 22:27:54+00:00,-73.960934000,40.718923000,2.757944992,-1.925250918,15.000000000,1,-73.999917000,40.731989000
182308,2014-07-08 23:32:46+00:00,-74.005638000,40.725674000,-1.026231656,-1.219556806,12.000000000,2,-73.981958000,40.762602000
195335,2014-07-09 00:19:00+00:00,-73.981385000,40.729000000,1.017680731,-0.826871009,14.000000000,1,-73.987195000,40.769497000
5916,2014-07-09 00:31:00+00:00,-73.956552000,40.766962000,3.064656438,3.411816380,9.000000000,1,-73.973630000,40.750432000
22782,2014-07-09 00:41:00+00:00,-73.874450000,40.774020000,9.983955843,4.280967862,31.000000000,2,-74.010290000,40.707680000
129693,2014-07-09 08:21:43+00:00,-73.961723000,40.757828000,2.640226715,2.392695083,9.500000000,1,-73.982367000,40.766901000
187447,2014-07-09 08:38:00+00:00,-73.969823000,40.758517000,1.955602467,2.461120918,16.000000000,1,-74.000565000,40.761860000
143658,2014-07-09 08:43:34+00:00,-73.981348000,40.779047000,0.956318912,4.728750842,4.500000000,1,-73.972976000,40.791024000
53267,2014-07-09 09:14:04+00:00,-73.991635000,40.749855000,0.125505898,1.478189558,5.500000000,2,-73.988250000,40.741341000
159846,2014-07-09 09:34:00+00:00,-73.957662000,40.776422000,2.958496031,4.460836743,12.000000000,1,-73.984025000,40.780335000
132592,2014-07-09 11:46:00+00:00,-73.994387000,40.750747000,-0.107954257,1.574542398,10.500000000,1,-73.983262000,40.764520000
198003,2014-07-09 12:39:00+00:00,-73.977757000,40.757357000,1.287395537,2.324520253,5.500000000,1,-73.985142000,40.757890000
116998,2014-07-09 13:00:00+00:00,-73.975003000,40.761485000,1.514511293,2.785470928,34.830000000,1,-73.872310000,40.774540000
57047,2014-07-09 13:11:00+00:00,-73.973572000,40.759095000,1.638399741,2.521574892,15.000000000,5,-73.983632000,40.755935000
106204,2014-07-09 13:25:31+00:00,-73.995613000,40.749166000,-0.209444126,1.397854818,2.500000000,1,-73.995643000,40.749155000
637,2014-07-09 15:00:00+00:00,-74.006223000,40.741277000,-1.095241007,0.511923841,26.330000000,2,-74.012008000,40.675830000
86799,2014-07-09 15:12:04+00:00,-73.987501000,40.750185000,0.474078272,1.518839872,9.500000000,1,-73.989132000,40.757709000
188651,2014-07-09 15:42:00+00:00,-73.952462000,40.780977000,3.391270600,4.971705429,10.500000000,2,-73.951245000,40.808557000
46524,2014-07-09 16:06:00+00:00,-73.982022000,40.778517000,0.900127077,4.669256408,5.500000000,6,-73.991417000,40.775280000
148831,2014-07-09 18:17:00+00:00,-73.991310000,40.733317000,0.174038275,-0.357330275,5.000000000,1,-73.992447000,40.724670000
119933,2014-07-09 18:58:00+00:00,-73.997090000,40.725525000,-0.304153956,-1.227886902,24.500000000,1,-73.919712000,40.662602000
53072,2014-07-09 19:23:00+00:00,-74.003218000,40.749145000,-0.851443057,1.388204295,57.330000000,6,-73.788855000,40.641502000
64026,2014-07-09 19:24:09+00:00,-73.985876000,40.780221000,0.572722587,4.854646543,5.500000000,3,-73.983513000,40.773534000
118555,2014-07-09 20:29:00+00:00,-74.010150000,40.720395000,-1.400669801,-1.809866049,14.000000000,2,-73.984418000,40.767385000
162912,2014-07-09 21:57:00+00:00,-73.987510000,40.728440000,0.501159369,-0.895017379,11.000000000,6,-73.959160000,40.763750000
171127,2014-07-10 00:03:00+00:00,-73.984970000,40.760282000,0.674781726,2.642149327,8.000000000,1,-74.001917000,40.745857000
71261,2014-07-10 02:20:57+00:00,-74.004750000,40.706351000,-0.926932040,-3.363686465,9.500000000,1,-73.983000000,40.730924000
20056,2014-07-10 05:31:00+00:00,-73.975805000,40.747797000,1.464551116,1.265211106,8.000000000,1,-73.953200000,40.767645000
70039,2014-07-10 07:42:26+00:00,-73.979984000,40.743656000,1.117088121,0.801421674,8.500000000,1,-73.975214000,40.758287000
68498,2014-07-10 07:48:00+00:00,-73.985628000,40.744115000,0.639984723,0.846851901,7.500000000,1,-73.971732000,40.760687000
48462,2014-07-10 08:27:00+00:00,-73.787897000,40.642030000,17.490417210,-10.273600365,33.000000000,1,-73.861587000,40.768230000
194852,2014-07-10 09:38:41+00:00,-73.978129000,40.752863000,1.261803591,1.825287259,7.000000000,1,-73.986687000,40.743125000
67599,2014-07-10 09:39:00+00:00,-73.944557000,40.780017000,4.059588153,4.873134316,16.000000000,1,-73.985715000,40.743552000
110752,2014-07-10 12:03:52+00:00,-73.962492000,40.758773000,2.574074606,2.496829454,4.000000000,1,-73.960724000,40.759079000
151622,2014-07-10 13:29:57+00:00,-73.985022000,40.745685000,0.689132753,1.021724607,10.500000000,2,-73.997373000,40.723408000
28375,2014-07-10 13:30:55+00:00,-73.981806000,40.768755000,0.930931981,3.585810512,7.000000000,1,-73.975850000,40.782941000
82894,2014-07-10 13:36:00+00:00,-73.990187000,40.737215000,0.263889021,0.076464985,9.500000000,3,-73.995397000,40.749607000
94180,2014-07-10 13:46:00+00:00,-73.993000000,40.752865000,0.006437872,1.810998338,10.500000000,4,-73.989895000,40.769642000
16964,2014-07-10 14:04:09+00:00,-73.985310000,40.763455000,0.642009976,2.994044177,5.000000000,1,-73.983167000,40.770285000
65466,2014-07-10 14:39:00+00:00,-73.967052000,40.772462000,2.171277097,4.011872297,10.000000000,6,-73.972902000,40.755757000
109161,2014-07-10 15:34:00+00:00,-73.966492000,40.753675000,2.243101712,1.926928930,8.000000000,1,-73.971638000,40.750662000
63259,2014-07-10 15:36:55+00:00,-73.905002000,40.862947000,7.282321682,14.120029536,8.500000000,1,-73.935607000,40.850449000
68216,2014-07-10 15:49:00+00:00,-74.002240000,40.714897000,-0.725674448,-2.412620042,24.000000000,2,-73.973587000,40.763672000
126874,2014-07-10 16:01:34+00:00,-73.990997000,40.739399000,0.192708783,0.318117916,7.000000000,1,-73.991459000,40.749090000
152707,2014-07-10 16:38:00+00:00,-73.986255000,40.761772000,0.564407208,2.806296582,4.000000000,1,-73.981462000,40.763392000
178382,2014-07-10 18:28:00+00:00,-73.984632000,40.736927000,0.733304384,0.049905152,14.500000000,1,-73.953652000,40.743967000
95757,2014-07-10 19:39:00+00:00,-73.995795000,40.737022000,-0.209386524,0.049608943,9.000000000,5,-73.976640000,40.733622000
27039,2014-07-10 20:09:00+00:00,-73.968335000,40.759020000,2.080547742,2.518433319,5.000000000,1,-73.961432000,40.770137000
51451,2014-07-10 20:47:00+00:00,-73.982950000,40.739095000,0.872539271,0.292212460,6.000000000,2,-73.996325000,40.747800000
139138,2014-07-10 22:22:00+00:00,-73.981562000,40.741090000,0.987164752,0.515030344,8.500000000,1,-73.988392000,40.722810000
126586,2014-07-10 22:55:09+00:00,-73.960150000,40.766107000,2.762113270,3.313299429,18.000000000,1,-73.915135000,40.763671000
174201,2014-07-10 22:56:00+00:00,-73.968392000,40.791680000,2.033099545,6.143892502,9.500000000,3,-73.968962000,40.764422000
187971,2014-07-10 23:04:20+00:00,-73.985748000,40.727657000,0.650960324,-0.980218436,9.500000000,3,-73.990793000,40.747814000
142349,2014-07-10 23:28:17+00:00,-73.985977000,40.762492000,0.586948294,2.886493111,7.000000000,2,-73.968045000,40.759177000
90456,2014-07-10 23:45:00+00:00,-73.976367000,40.756337000,1.406047910,2.212660409,6.500000000,1,-73.961153000,40.759252000
90674,2014-07-10 23:59:31+00:00,-73.994524000,40.752560000,-0.121825473,1.775666039,8.500000000,4,-73.980056000,40.750796000
19511,2014-07-11 00:04:15+00:00,-73.997837000,40.741110000,-0.386987172,0.501435275,12.000000000,1,-73.964466000,40.772915000
158831,2014-07-11 02:30:00+00:00,-73.984497000,40.742717000,0.737268101,0.692768016,7.500000000,1,-73.987330000,40.760522000
117708,2014-07-11 07:42:21+00:00,-73.982008000,40.783291000,0.895157696,5.199221662,10.000000000,1,-73.980629000,40.760161000
81041,2014-07-11 07:46:47+00:00,-73.959444000,40.782846000,2.799658235,5.172166474,7.000000000,1,-73.972894000,40.764282000
100955,2014-07-11 08:25:00+00:00,-73.987545000,40.738602000,0.485194925,0.233001165,6.000000000,2,-73.982178000,40.750002000
52558,2014-07-11 08:57:00+00:00,-73.947027000,40.771802000,3.862109781,3.958698907,5.500000000,1,-73.958090000,40.769522000
64051,2014-07-11 09:04:00+00:00,-73.969617000,40.757842000,1.973870722,2.386395012,10.500000000,1,-73.984625000,40.748287000
191858,2014-07-11 11:33:43+00:00,-73.982726000,40.768507000,0.853606171,3.557379900,8.500000000,1,-73.969980000,40.761622000
172441,2014-07-11 11:41:00+00:00,-73.967790000,40.762352000,2.122199638,2.888851508,7.000000000,1,-73.979575000,40.754630000
102198,2014-07-11 12:57:00+00:00,-73.968790000,40.769740000,2.028155403,3.707983604,5.000000000,5,-73.955410000,40.767550000
121022,2014-07-11 14:00:11+00:00,-73.985668000,40.727001000,0.658557446,-1.052960884,4.500000000,1,-73.981990000,40.723033000
187570,2014-07-11 14:40:59+00:00,-73.977222000,40.752076000,1.339387852,1.738816393,4.000000000,1,-73.982504000,40.754175000
61044,2014-07-11 15:59:36+00:00,-73.961176000,40.780647000,2.656404987,4.926327487,10.000000000,4,-73.958606000,40.764220000
172937,2014-07-11 18:05:00+00:00,-73.979447000,40.756072000,1.146399526,2.180215271,10.500000000,2,-73.991745000,40.768685000
197794,2014-07-11 19:01:00+00:00,-73.981660000,40.746532000,0.971881944,1.119035384,4.000000000,1,-73.978640000,40.750840000
69594,2014-07-11 19:14:16+00:00,-73.973064000,40.785361000,1.647147378,5.437806106,26.000000000,1,-74.002621000,40.726010000
64289,2014-07-11 21:28:00+00:00,-73.957727000,40.773897000,2.956341269,4.180476662,26.500000000,6,-73.917823000,40.870972000
90031,2014-07-11 21:30:29+00:00,-74.002572000,40.739495000,-0.784734137,0.317605594,6.500000000,1,-74.008477000,40.734208000
80750,2014-07-11 22:59:00+00:00,-73.951427000,40.778592000,3.481770430,4.707994918,10.500000000,5,-73.976512000,40.744100000
180339,2014-07-11 23:14:39+00:00,-73.972658000,40.785898000,1.680705657,5.497818602,17.000000000,1,0.000000000,0.000000000
189970,2014-07-12 10:34:43+00:00,-73.956978000,40.766296000,3.029581320,3.337457712,13.000000000,2,-73.989255000,40.752980000
97720,2014-07-12 11:07:55+00:00,-73.964161000,40.774600000,2.412452316,4.252083827,5.000000000,1,-73.961924000,40.768544000
197446,2014-07-12 13:21:00+00:00,-73.789945000,40.644395000,17.313630914,-10.013454740,37.500000000,3,-73.944937000,40.694372000
79129,2014-07-12 13:25:00+00:00,-73.997920000,40.722552000,-0.370482501,-1.558710131,14.000000000,1,-73.977705000,40.749682000
196223,2014-07-12 13:51:00+00:00,-73.982147000,40.778157000,0.890042757,4.629171186,5.500000000,2,-73.992737000,40.768492000
70413,2014-07-12 15:15:00+00:00,-73.986905000,40.733172000,0.546189146,-0.369143397,7.000000000,2,-73.997925000,40.723962000
177559,2014-07-12 18:08:00+00:00,-74.016500000,40.714930000,-1.930183331,-2.422542216,17.500000000,1,-73.985830000,40.769050000
167504,2014-07-12 18:23:00+00:00,-73.987323000,40.750912000,0.488173886,1.599715528,10.500000000,1,-73.978835000,40.757985000
173340,2014-07-12 22:13:00+00:00,-73.975662000,40.751942000,1.471253386,1.725477322,5.500000000,1,-73.985815000,40.755690000
66987,2014-07-12 23:01:27+00:00,-73.870658000,40.773756000,10.304342115,4.255774639,14.500000000,1,-73.855653000,40.746097000
116807,2014-07-13 01:33:00+00:00,-74.000823000,40.730645000,-0.625878608,-0.663126182,30.500000000,2,-73.939237000,40.848602000
132771,2014-07-13 02:52:05+00:00,-73.993809000,40.720930000,-0.021224295,-1.734792908,13.000000000,3,-73.988732000,40.763829000
63347,2014-07-13 03:59:00+00:00,-73.997547000,40.721125000,-0.337172453,-1.716757120,9.500000000,1,-73.978990000,40.740592000
15684,2014-07-13 04:15:00+00:00,-73.988027000,40.748300000,0.432085912,1.309079078,6.000000000,1,-73.992168000,40.754257000
190666,2014-07-13 08:26:30+00:00,-73.996125000,40.731037000,-0.229653921,-0.615086129,7.500000000,1,-74.006322000,40.748681000
55118,2014-07-13 12:24:00+00:00,-73.948015000,40.782995000,3.763827916,5.200210838,16.500000000,1,-73.993978000,40.745155000
101744,2014-07-13 12:51:13+00:00,-74.003848000,40.722253000,-0.870756068,-1.597597302,9.500000000,1,-73.984111000,40.725349000
48911,2014-07-13 14:00:48+00:00,-73.991828000,40.750607000,0.108253795,1.561479824,4.000000000,1,-73.994928000,40.752537000
172477,2014-07-13 15:07:00+00:00,-74.012395000,40.701765000,-1.567024808,-3.880050092,4.500000000,1,-74.004317000,40.705555000
143210,2014-07-13 16:58:00+00:00,-73.976805000,40.748210000,1.379593342,1.310072441,13.500000000,5,-73.981187000,40.781787000
59872,2014-07-13 17:50:00+00:00,-73.988747000,40.763542000,0.351803994,3.000352703,9.000000000,1,-74.005542000,40.738642000
186669,2014-07-13 19:09:57+00:00,-73.953854000,40.775070000,3.281632259,4.314579524,11.000000000,1,-73.976868000,40.741901000
84162,2014-07-13 19:15:00+00:00,-73.990960000,40.744837000,0.188893708,0.921810397,8.000000000,1,-73.982000000,40.736460000
152000,2014-07-13 19:31:00+00:00,-73.963235000,40.793797000,2.465405836,6.384028005,6.500000000,2,-73.977838000,40.786945000
82625,2014-07-13 20:07:00+00:00,-73.993437000,40.741407000,-0.015865775,0.538654933,5.000000000,2,-73.990742000,40.750205000
44295,2014-07-13 20:38:00+00:00,-73.955285000,40.779460000,3.155067663,4.800465163,9.000000000,1,-73.962105000,40.757000000
7664,2014-07-13 21:06:32+00:00,-73.874540000,40.774071000,9.976288057,4.286531837,42.830000000,1,-74.011006000,40.714856000
72224,2014-07-13 22:02:00+00:00,-73.994535000,40.750487000,-0.120117690,1.545537370,17.000000000,2,-74.016387000,40.706677000
151900,2014-07-13 22:43:44+00:00,-73.984791000,40.760748000,0.689292167,2.694053598,9.000000000,1,-73.963313000,40.774928000
82046,2014-07-14 01:49:46+00:00,-73.977447000,40.747263000,1.326618657,1.204316906,22.500000000,1,-73.951795000,40.827086000
153760,2014-07-14 08:08:00+00:00,-73.987415000,40.729257000,0.508135998,-0.804232257,21.000000000,5,-73.985270000,40.768755000
111352,2014-07-14 08:53:16+00:00,-73.962640000,40.772916000,2.543019270,4.066663421,6.500000000,1,-73.954540000,40.783695000
92405,2014-07-14 09:00:00+00:00,-73.950388000,40.783377000,3.563089375,5.240216973,15.000000000,1,-73.969492000,40.760287000
131559,2014-07-14 10:47:00+00:00,-73.975307000,40.782260000,1.461914345,5.091356818,9.500000000,5,-73.960990000,40.810137000
165525,2014-07-14 10:59:00+00:00,-73.956030000,40.778968000,3.092852134,4.745100739,7.500000000,1,-73.968345000,40.762257000
1246,2014-07-14 11:39:00+00:00,-73.967868000,40.766365000,2.110375689,3.334247673,13.000000000,2,-73.990590000,40.750407000
79215,2014-07-14 11:40:00+00:00,-73.976327000,40.764745000,1.398535703,3.146050964,13.000000000,6,-73.974570000,40.791047000
95180,2014-07-14 13:06:47+00:00,-73.964601000,40.807259000,2.332515069,7.877060348,11.000000000,1,-73.978206000,40.782931000
109972,2014-07-14 13:39:01+00:00,-73.978352000,40.761464000,1.231862781,2.779843072,52.000000000,1,-73.787546000,40.644797000
195134,2014-07-14 17:04:00+00:00,-73.982872000,40.750827000,0.864033691,1.594625093,8.000000000,1,-73.982872000,40.750827000
44391,2014-07-14 17:07:00+00:00,-73.961010000,40.798417000,2.647041232,6.899107939,10.500000000,5,-73.955900000,40.777877000
75066,2014-07-14 17:41:16+00:00,-73.973653000,40.782835000,1.600731442,5.156818226,5.000000000,1,-73.977530000,40.787377000
183552,2014-07-14 18:05:00+00:00,-73.971562000,40.761370000,1.805101971,2.776103561,13.000000000,6,-73.974043000,40.789782000
45261,2014-07-14 18:09:00+00:00,-74.002570000,40.747030000,-0.794069827,1.154045676,21.000000000,1,-73.945780000,40.712760000
73506,2014-07-14 18:12:13+00:00,-73.990913000,40.739985000,0.199053468,0.383249571,6.000000000,1,-74.005074000,40.741277000
55255,2014-07-14 18:52:00+00:00,-73.970177000,40.759157000,1.924887630,2.531814986,10.000000000,1,-73.951873000,40.777137000
5506,2014-07-14 19:22:00+00:00,-73.979932000,40.743292000,1.121947976,0.761066081,8.500000000,1,-73.974195000,40.761812000
105799,2014-07-14 19:48:13+00:00,-73.990709000,40.751149000,0.202027522,1.622731510,11.000000000,1,-73.997734000,40.721606000
189871,2014-07-14 22:31:47+00:00,-73.781839000,40.644749000,17.998488055,-9.964696777,32.000000000,1,-73.828883000,40.765159000
61575,2014-07-14 23:08:30+00:00,-73.998754000,40.676433000,-0.382573766,-6.679011082,20.000000000,1,-73.953454000,40.724928000
101809,2014-07-14 23:33:00+00:00,-74.013968000,40.714297000,-1.715529783,-2.490411372,29.000000000,1,-73.956187000,40.767900000
88703,2014-07-15 05:36:15+00:00,-73.980711000,40.764441000,1.028910007,3.107996824,29.500000000,1,-73.872444000,40.774409000
195594,2014-07-15 07:08:00+00:00,-73.978497000,40.772295000,1.205625249,3.982024114,18.500000000,1,-73.946975000,40.835792000
103055,2014-07-15 08:10:00+00:00,-73.957418000,40.765707000,2.993222290,3.271632782,6.000000000,1,-73.967733000,40.762670000
161454,2014-07-15 10:41:00+00:00,-73.972350000,40.759667000,1.740803947,2.586278459,10.500000000,1,-73.979685000,40.777835000
31062,2014-07-15 10:51:00+00:00,-73.870870000,40.773742000,10.286471250,4.253990213,45.500000000,3,-73.927535000,40.624402000
146709,2014-07-15 11:02:20+00:00,-74.004557000,40.707990000,-0.912690021,-3.181562288,19.500000000,1,-73.982662000,40.748233000
172719,2014-07-15 14:47:00+00:00,-74.007970000,40.711800000,-1.205774783,-2.761889507,12.000000000,1,-74.005860000,40.744440000
93544,2014-07-15 15:56:00+00:00,-73.987707000,40.750017000,0.456902803,1.499990047,9.000000000,4,-73.974280000,40.759370000
72956,2014-07-15 17:08:00+00:00,-73.970077000,40.753102000,1.941217179,1.859763865,17.000000000,1,-73.991685000,40.762202000
15771,2014-07-15 17:08:52+00:00,-73.923125000,40.764843000,5.888755815,3.210681482,12.500000000,2,-73.957903000,40.765268000
81971,2014-07-15 17:51:32+00:00,-73.975928000,40.751682000,1.449134962,1.696353351,8.000000000,1,-73.988147000,40.754184000
23517,2014-07-15 18:05:36+00:00,-73.986353000,40.761952000,0.555904631,2.826182367,7.000000000,1,-74.002814000,40.760491000
151100,2014-07-15 18:09:00+00:00,-73.969480000,40.750372000,1.995172379,1.557305320,15.500000000,1,-73.988035000,40.748727000
67205,2014-07-15 18:21:00+00:00,-73.976900000,40.762275000,1.353370590,2.871298181,11.500000000,3,-73.999870000,40.748682000
22497,2014-07-15 18:24:00+00:00,-73.975333000,40.759535000,1.489185097,2.568680944,15.000000000,1,-73.998017000,40.735782000
102640,2014-07-15 18:27:51+00:00,-73.981344000,40.763118000,0.977188448,2.960513364,10.500000000,1,-73.992178000,40.758998000
76585,2014-07-15 18:59:00+00:00,-74.003180000,40.727622000,-0.821105502,-1.000962093,15.500000000,4,-73.983222000,40.773477000
61657,2014-07-15 19:51:00+00:00,-73.976897000,40.764127000,1.351226595,3.076887134,5.000000000,1,-73.966998000,40.759847000
186061,2014-07-15 20:15:00+00:00,-73.971660000,40.750537000,1.810922006,1.573462893,25.000000000,6,-73.960610000,40.659905000
132127,2014-07-15 20:38:49+00:00,-73.952013000,40.784535000,3.424438487,5.367124681,5.000000000,1,-73.953958000,40.775304000
53115,2014-07-15 20:57:00+00:00,-73.976927000,40.753910000,1.361917783,1.942694173,6.000000000,2,-73.982452000,40.760527000
123072,2014-07-15 20:57:06+00:00,-73.995655000,40.725046000,-0.182358026,-1.279674004,4.000000000,1,-73.991160000,40.727857000
94037,2014-07-15 22:09:18+00:00,-73.988702000,40.722149000,0.408540453,-1.594521170,15.000000000,2,-73.973897000,40.764355000
199461,2014-07-15 23:37:00+00:00,-73.862765000,40.768875000,10.977463678,3.722548442,42.000000000,1,-73.964023000,40.674755000
191320,2014-07-16 00:22:00+00:00,-74.011472000,40.709540000,-1.498760767,-3.016099062,17.000000000,6,-73.968490000,40.769067000
77511,2014-07-16 02:56:27+00:00,-73.976495000,40.719153000,1.443367604,-1.915153108,15.500000000,1,-73.972990000,40.693838000
151204,2014-07-16 03:06:00+00:00,-73.989730000,40.756962000,0.277245236,2.268967980,11.000000000,1,-73.951575000,40.770177000
127325,2014-07-16 07:30:34+00:00,-73.965692000,40.763607000,2.297638934,3.030251367,6.000000000,1,-73.974215000,40.753716000
149929,2014-07-16 08:51:00+00:00,-73.992815000,40.730042000,0.051124194,-0.722336835,3.500000000,5,-73.997273000,40.724347000
9809,2014-07-16 09:26:15+00:00,-73.977807000,40.748943000,1.294054053,1.390455102,10.500000000,1,-73.964065000,40.764131000
32678,2014-07-16 10:07:59+00:00,-73.967164000,40.789012000,2.140191431,5.848942376,12.500000000,1,-73.968748000,40.762830000
178511,2014-07-16 10:33:00+00:00,-73.961630000,40.767700000,2.635108073,3.488655304,8.000000000,1,-73.970950000,40.760890000
10770,2014-07-16 10:35:00+00:00,-73.982140000,40.768282000,0.903352635,3.532976807,10.500000000,1,-73.977265000,40.752702000
35067,2014-07-16 11:08:00+00:00,-73.945430000,40.680815000,4.118189965,-6.139879430,30.500000000,5,-73.870480000,40.773612000
123277,2014-07-16 12:50:21+00:00,-74.010579000,40.711599000,-1.425902288,-2.786687570,7.000000000,1,-74.007964000,40.727617000
139676,2014-07-16 14:59:00+00:00,-73.964220000,40.764782000,2.420340874,3.162150978,4.000000000,1,-73.958412000,40.768782000
129832,2014-07-16 15:02:00+00:00,-73.991333000,40.739055000,0.164777772,0.279605464,7.000000000,1,-73.998573000,40.726182000
82087,2014-07-16 15:41:35+00:00,-73.864753000,40.770479000,10.807378084,3.898432698,28.500000000,1,-73.968737000,40.692800000
190472,2014-07-16 16:20:00+00:00,-73.782147000,40.644810000,17.972351535,-9.958286048,41.500000000,4,-73.963978000,40.673072000
94958,2014-07-16 16:49:24+00:00,-73.976075000,40.755472000,1.431816741,2.116926545,10.500000000,1,-73.990130000,40.740825000
187810,2014-07-16 17:59:00+00:00,-73.991322000,40.770487000,0.125601960,3.768798467,7.000000000,5,-73.996385000,40.755042000
106403,2014-07-16 18:59:00+00:00,-73.980257000,40.737490000,1.101990448,0.116683969,13.000000000,2,-73.999195000,40.761160000
199107,2014-07-16 20:02:00+00:00,-73.982675000,40.771555000,0.853986861,3.895781149,10.500000000,1,-73.991385000,40.745497000
186685,2014-07-16 21:05:00+00:00,-73.789775000,40.647247000,17.323648693,-9.696666558,57.330000000,1,-73.970312000,40.794865000
7760,2014-07-16 22:53:08+00:00,-73.971780000,40.756970000,1.792424768,2.287454868,35.000000000,1,-73.810453000,40.815277000
52017,2014-07-16 23:38:27+00:00,-73.999766000,40.733620000,-0.540382663,-0.331864462,14.500000000,2,-73.984634000,40.693181000
81855,2014-07-17 08:05:00+00:00,-74.016420000,40.707967000,-1.914770729,-3.195404040,19.000000000,1,-73.974393000,40.748202000
32610,2014-07-17 09:35:00+00:00,-74.000720000,40.709927000,-0.591011157,-2.962862657,11.000000000,1,-73.972247000,40.743262000
83870,2014-07-17 10:06:13+00:00,-73.971722000,40.763722000,1.788537218,3.037035099,6.000000000,1,-73.963943000,40.773861000
41939,2014-07-17 10:24:00+00:00,-73.954790000,40.773880000,3.204218243,4.181538557,7.500000000,1,-73.966120000,40.758420000
155269,2014-07-17 10:54:00+00:00,-73.967897000,40.760195000,2.115984767,2.649301940,9.000000000,2,-73.950942000,40.782892000
128431,2014-07-17 11:23:08+00:00,-73.983435000,40.738316000,0.832590025,0.205263624,7.000000000,1,-73.982485000,40.748571000
141836,2014-07-17 11:30:34+00:00,-73.985724000,40.744188000,0.631786003,0.854861763,33.830000000,3,-73.870660000,40.773912000
156767,2014-07-17 12:41:00+00:00,-74.004747000,40.741662000,-0.971104753,0.556073427,15.000000000,5,-73.972780000,40.752802000
149100,2014-07-17 13:00:07+00:00,-73.968618000,40.791410000,2.014384940,6.113696023,3.500000000,1,-73.973106000,40.785039000
118449,2014-07-17 13:09:00+00:00,-73.972757000,40.795825000,1.659443818,6.599698144,4.500000000,2,-73.966877000,40.802507000
3074,2014-07-17 13:17:54+00:00,-73.980587000,40.733889000,1.078768134,-0.283375950,20.000000000,2,-73.982210000,40.781386000
99847,2014-07-17 13:40:12+00:00,-73.991302000,40.696172000,0.222069895,-4.480661912,29.000000000,1,-73.871216000,40.774108000
156930,2014-07-17 14:24:00+00:00,-73.776807000,40.645092000,18.423436300,-9.920716174,36.000000000,1,-73.958110000,40.669685000
397,2014-07-17 14:36:00+00:00,-73.991520000,40.729727000,0.160883011,-0.756048730,6.500000000,1,-74.006927000,40.729435000
27218,2014-07-17 14:40:20+00:00,-73.980842000,40.729601000,1.062761096,-0.759623748,16.000000000,3,-73.988096000,40.745942000
174627,2014-07-17 15:24:53+00:00,-73.990747000,40.750903000,0.199133630,1.595386834,10.000000000,1,-73.980217000,40.738735000
155926,2014-07-17 17:33:05+00:00,-73.950353000,40.779867000,3.570705587,4.850614089,4.000000000,1,-73.958549000,40.783276000
114803,2014-07-17 18:28:00+00:00,-73.986185000,40.754142000,0.580101067,1.959378279,39.330000000,1,-73.885367000,40.773037000
52481,2014-07-17 18:31:33+00:00,-73.963421000,40.761843000,2.491632309,2.836695968,4.500000000,1,-73.968384000,40.767262000
49248,2014-07-17 19:08:00+00:00,-74.012210000,40.707310000,-1.558317052,-3.264344545,15.500000000,1,-73.989410000,40.729280000
54873,2014-07-17 19:42:07+00:00,-73.985476000,40.738789000,0.659650833,0.255776354,10.000000000,1,-74.005604000,40.727196000
181793,2014-07-17 20:00:19+00:00,-74.005222000,40.740702000,-1.010001798,0.449052107,10.000000000,1,-74.007876000,40.712156000
178827,2014-07-17 21:30:25+00:00,-73.977775000,40.787122000,1.247374580,5.628647457,8.500000000,1,-73.957215000,40.782547000
185042,2014-07-17 21:35:31+00:00,-74.001326000,40.707048000,-0.638567163,-3.283032296,10.000000000,3,-73.999901000,40.733251000
111134,2014-07-17 21:38:38+00:00,-73.972360000,40.765485000,1.732395794,3.232110625,24.500000000,1,-73.994562000,40.694220000
64640,2014-07-17 22:00:11+00:00,-73.981667000,40.724475000,0.999692119,-1.329453255,11.000000000,3,-73.958860000,40.712096000
127033,2014-07-17 22:23:49+00:00,-73.992398000,40.728472000,0.088338059,-0.896213553,5.000000000,1,-73.996120000,40.737480000
77778,2014-07-17 23:51:00+00:00,-74.004150000,40.729720000,-0.905662171,-0.768999377,6.500000000,1,-73.987180000,40.729930000
30677,2014-07-17 23:52:00+00:00,-73.993577000,40.727327000,-0.009768906,-1.024458241,6.500000000,1,-73.988350000,40.722772000
155344,2014-07-18 00:20:04+00:00,-73.996500000,40.715052000,-0.241042941,-2.389890358,8.500000000,2,-73.993846000,40.695491000
194774,2014-07-18 01:01:00+00:00,-73.982735000,40.739197000,0.890561434,0.303745524,11.000000000,1,-73.992510000,40.763517000
178198,2014-07-18 01:36:07+00:00,-74.006611000,40.744302000,-1.131800604,0.847349296,7.000000000,2,-73.985643000,40.760394000
130826,2014-07-18 03:43:00+00:00,-73.984140000,40.742910000,0.767161560,0.714541159,25.000000000,1,-73.903362000,40.776137000
45404,2014-07-18 08:23:01+00:00,-73.952526000,40.778347000,3.389356720,4.679689908,4.500000000,1,-73.951484000,40.773242000
46636,2014-07-18 09:28:00+00:00,-74.004310000,40.747520000,-0.941584941,1.206771272,8.000000000,5,-73.988807000,40.768897000
5236,2014-07-18 09:29:00+00:00,-73.991587000,40.739154000,0.143205216,0.290348769,13.000000000,1,-73.984804000,40.710433000
9640,2014-07-18 10:00:00+00:00,-73.989062000,40.758592000,0.331547695,2.450559412,9.500000000,1,-73.969622000,40.759477000
16397,2014-07-18 12:38:00+00:00,-73.992987000,40.730792000,0.035644651,-0.639248289,5.500000000,1,-73.992927000,40.733692000
158376,2014-07-18 12:59:00+00:00,-73.970372000,40.799147000,1.856318047,6.970827408,12.000000000,1,-73.960227000,40.773042000
64215,2014-07-18 14:52:00+00:00,-73.975600000,40.751802000,1.476668709,1.709997383,19.500000000,4,-74.014792000,40.709567000
146533,2014-07-18 15:16:01+00:00,-73.991146000,40.736070000,0.184374923,-0.051569014,7.000000000,1,-74.003173000,40.732491000
125493,2014-07-18 18:16:00+00:00,-73.968890000,40.769962000,2.019426202,3.732528122,5.500000000,1,-73.954638000,40.765580000
168805,2014-07-18 18:58:25+00:00,-74.001401000,40.736047000,-0.681508387,-0.064022333,6.500000000,1,-73.989369000,40.740676000
178715,2014-07-18 19:07:00+00:00,-73.950785000,40.774157000,3.541833997,4.216322524,12.500000000,1,-73.981728000,40.773732000
96224,2014-07-18 19:24:32+00:00,-73.994866000,40.740527000,-0.135399590,0.439586217,13.000000000,1,-74.011893000,40.719026000
144917,2014-07-18 20:23:48+00:00,-73.957575000,40.776780000,2.965365439,4.500664819,17.500000000,1,-73.945075000,40.727464000
156159,2014-07-18 21:42:20+00:00,-73.989333000,40.740480000,0.331825188,0.439732779,5.000000000,2,-73.987632000,40.732844000
1161,2014-07-18 21:49:14+00:00,-73.991943000,40.735503000,0.117800489,-0.115283014,9.000000000,3,-74.005554000,40.725766000
84519,2014-07-18 23:09:00+00:00,-73.969817000,40.758622000,1.955972087,2.472782652,6.500000000,1,-73.981535000,40.744085000
131792,2014-07-18 23:26:36+00:00,-73.950683000,40.779536000,3.543298826,4.813537254,11.500000000,1,-73.976357000,40.748044000
11735,2014-07-19 00:42:57+00:00,-73.967104000,40.759054000,2.184410970,2.523429945,27.000000000,1,-73.863662000,40.830211000
23196,2014-07-19 00:56:01+00:00,-73.998727000,40.732265000,-0.450932901,-0.481278722,7.500000000,1,-73.985943000,40.752428000
187148,2014-07-19 02:40:45+00:00,-73.966484000,40.804148000,2.177759006,7.529838977,14.500000000,1,-73.938188000,40.853571000
58078,2014-07-19 07:13:00+00:00,-73.978752000,40.747522000,1.216110835,1.231785047,8.000000000,1,-73.989327000,40.726327000
154349,2014-07-19 09:56:00+00:00,-73.979922000,40.770912000,1.087151379,3.827101110,4.000000000,1,-73.987380000,40.765632000
83804,2014-07-19 11:29:00+00:00,-73.971970000,40.745847000,1.790849913,1.052532042,12.000000000,2,-73.986968000,40.766625000
97856,2014-07-19 11:47:00+00:00,-73.986837000,40.758645000,0.519291136,2.458608892,57.330000000,5,-73.787942000,40.641883000
40467,2014-07-19 12:19:00+00:00,-73.980943000,40.769452000,1.002867663,3.664028497,8.500000000,1,-73.977017000,40.787427000
48702,2014-07-19 13:33:00+00:00,-74.011783000,40.709622000,-1.525133827,-3.007292142,15.000000000,1,-73.986132000,40.752062000
7469,2014-07-19 14:06:00+00:00,-73.982432000,40.775215000,0.869781602,4.302307253,5.500000000,1,-73.982665000,40.764005000
195548,2014-07-19 15:13:00+00:00,-73.962393000,40.758951000,2.582197496,2.516687607,12.000000000,1,-73.986415000,40.748600000
145813,2014-07-19 15:34:00+00:00,-74.011517000,40.715285000,-1.509739114,-2.378409883,5.000000000,3,-74.010362000,40.723445000
69615,2014-07-19 15:49:00+00:00,-73.980797000,40.769567000,1.015041157,3.676937515,5.500000000,2,-73.979842000,40.780345000
136859,2014-07-19 16:16:15+00:00,-73.973781000,40.784561000,1.587689072,5.348291583,8.000000000,4,-73.976489000,40.765598000
85402,2014-07-19 18:01:08+00:00,-73.985333000,40.744453000,0.664457235,0.884660190,9.500000000,1,-74.007462000,40.740817000
97691,2014-07-19 18:02:00+00:00,-74.016130000,40.706680000,-1.888673253,-3.337994822,17.000000000,6,-73.980600000,40.766150000
114266,2014-07-19 18:18:00+00:00,-73.996010000,40.726505000,-0.214190299,-1.118057986,9.000000000,1,-73.998985000,40.742302000
5221,2014-07-19 18:45:00+00:00,-73.983377000,40.760827000,0.808541908,2.704205024,11.000000000,1,-74.006947000,40.733037000
122540,2014-07-19 21:44:27+00:00,-73.997268000,40.762547000,-0.366134445,2.881646160,8.500000000,2,-73.985459000,40.747228000
58344,2014-07-19 22:06:22+00:00,-73.996795000,40.722946000,-0.275970107,-1.513888669,8.500000000,1,-73.983697000,40.742315000
81210,2014-07-20 00:19:15+00:00,-73.981474000,40.666964000,1.089997925,-7.713346097,9.000000000,3,-73.952109000,40.669884000
95788,2014-07-20 00:41:09+00:00,-73.973352000,40.743785000,1.676850749,0.822269479,12.500000000,1,-74.008768000,40.741362000
179491,2014-07-20 00:57:31+00:00,-73.971874000,40.782190000,1.751680960,5.086976214,12.500000000,1,-74.004003000,40.747942000
149540,2014-07-20 01:05:00+00:00,-73.979122000,40.785302000,1.136075204,5.425289091,15.500000000,1,-73.972067000,40.744677000
147905,2014-07-20 01:12:00+00:00,-73.980820000,40.729982000,1.064127978,-0.717308549,9.500000000,1,-74.009120000,40.729902000
190011,2014-07-20 03:08:49+00:00,-73.984723000,40.721845000,0.744979864,-1.624389588,15.500000000,1,-73.940433000,40.723492000
118532,2014-07-20 05:15:00+00:00,-73.981600000,40.736530000,0.989828699,0.008800839,5.000000000,1,-73.985820000,40.743330000
141990,2014-07-20 08:13:03+00:00,-73.972123000,40.794575000,1.714556266,6.461564713,5.500000000,1,-73.974180000,40.784073000
160499,2014-07-20 10:32:00+00:00,-73.958287000,40.800547000,2.873942318,7.138281309,20.500000000,6,-73.987117000,40.755820000
8095,2014-07-20 11:22:04+00:00,-73.978837000,40.741155000,1.217157409,0.524918730,4.500000000,1,-73.983029000,40.731449000
185413,2014-07-20 11:45:08+00:00,-74.005113000,40.719069000,-0.973588115,-1.952253531,8.000000000,1,-74.006799000,40.740727000
17838,2014-07-20 13:03:00+00:00,-73.782100000,40.644605000,17.976640713,-9.980987346,53.000000000,2,-73.949685000,40.709612000
57263,2014-07-20 13:22:00+00:00,-73.991685000,40.744397000,0.128245221,0.872263858,5.500000000,2,-73.994215000,40.739472000
20749,2014-07-20 14:05:32+00:00,-73.948144000,40.781476000,3.754965277,5.031459036,10.500000000,2,-73.971113000,40.745436000
155730,2014-07-20 17:41:35+00:00,-73.955734000,40.764107000,3.137467059,3.095710769,6.500000000,1,-73.968861000,40.757491000
50274,2014-07-20 17:59:03+00:00,-73.959592000,40.814410000,2.745592733,8.675884656,37.330000000,2,-73.831452000,40.759933000
41028,2014-07-20 19:27:34+00:00,-73.784682000,40.648598000,17.752195570,-9.540758434,52.000000000,1,-73.990725000,40.727225000
161572,2014-07-20 20:03:12+00:00,-73.984251000,40.757187000,0.739447675,2.299283584,11.000000000,3,-74.000472000,40.723909000
73646,2014-07-20 20:43:00+00:00,-73.982072000,40.771455000,0.905004779,3.885270690,10.500000000,1,-73.992587000,40.737027000
36721,2014-07-20 23:04:00+00:00,-74.003060000,40.728552000,-0.812143806,-0.897610745,6.500000000,1,-74.005082000,40.718747000
163270,2014-07-20 23:40:00+00:00,-74.008160000,40.722282000,-1.234964542,-1.598500240,10.500000000,3,-73.980745000,40.721505000
112869,2014-07-21 00:26:00+00:00,-73.941618000,40.798715000,4.282538141,6.951754637,6.000000000,1,-73.956688000,40.802597000
9438,2014-07-21 01:30:00+00:00,-73.993097000,40.719947000,0.040160386,-1.843223231,17.500000000,5,-73.919037000,40.744992000
58140,2014-07-21 02:28:48+00:00,-73.988077000,40.757553000,0.416021185,2.336181049,5.500000000,2,-73.978888000,40.763934000
173186,2014-07-21 05:44:48+00:00,-73.978123000,40.757604000,1.256181741,2.351579261,6.000000000,1,-73.975609000,40.747996000
21602,2014-07-21 06:01:00+00:00,-73.966522000,40.765092000,2.225642445,3.194272216,5.000000000,1,-73.961667000,40.773625000
116791,2014-07-21 06:01:00+00:00,-73.776730000,40.645360000,18.429533167,-9.890875872,52.000000000,5,-73.996485000,40.712892000
81785,2014-07-21 06:09:57+00:00,-73.973141000,40.748984000,1.687913213,1.399604632,5.500000000,1,-73.987527000,40.739034000
98748,2014-07-21 06:54:40+00:00,-73.971325000,40.762204000,1.824020858,2.868918360,10.500000000,1,-73.942916000,40.785738000
31999,2014-07-21 08:15:00+00:00,-73.996938000,40.714872000,-0.277810253,-2.410294148,27.000000000,6,-73.933307000,40.803197000
30062,2014-07-21 08:32:56+00:00,-74.003437000,40.747567000,-0.867942419,1.212825068,7.000000000,1,-73.988534000,40.753330000
16451,2014-07-21 08:35:00+00:00,-73.982547000,40.770947000,0.865571964,3.828413756,8.500000000,1,-73.998458000,40.753438000
61551,2014-07-21 10:21:32+00:00,-73.972251000,40.793992000,1.704516197,6.396720377,14.000000000,1,-73.955001000,40.769826000
47945,2014-07-21 14:23:00+00:00,-73.983082000,40.771645000,0.819523010,3.905373605,10.500000000,1,-73.990407000,40.751495000
144302,2014-07-21 14:53:42+00:00,-73.971600000,40.763659000,1.798916376,3.030162306,11.500000000,1,-73.987963000,40.738688000
151641,2014-07-21 18:02:50+00:00,-73.986062000,40.743482000,0.604154688,0.776161020,5.000000000,1,-73.978223000,40.749262000
63002,2014-07-21 19:01:00+00:00,-74.007405000,40.727717000,-1.178020529,-0.994458420,10.500000000,1,-73.990005000,40.751692000
49522,2014-07-21 19:41:35+00:00,-73.994521000,40.736411000,-0.101037133,-0.016985027,10.000000000,1,-73.974492000,40.749321000
28629,2014-07-21 20:41:14+00:00,-74.005405000,40.740811000,-1.025589978,0.460976788,8.500000000,1,-74.000862000,40.761925000
137232,2014-07-21 21:37:00+00:00,-74.007730000,40.741075000,-1.222225711,0.488061051,9.000000000,5,-74.004385000,40.721225000
173156,2014-07-21 21:42:40+00:00,-73.970175000,40.758499000,1.925913678,2.458774023,24.000000000,1,-73.994984000,40.684229000
8179,2014-07-21 21:45:36+00:00,-73.983101000,40.745991000,0.850921462,1.057570006,10.500000000,1,-73.958010000,40.776252000
2542,2014-07-21 21:59:00+00:00,-73.973510000,40.760950000,1.641224212,2.727555056,7.000000000,1,-73.952960000,40.783520000
19575,2014-07-21 22:24:00+00:00,-73.995802000,40.732047000,-0.203660712,-0.502657278,7.000000000,2,-74.004812000,40.715750000
16013,2014-07-21 22:48:00+00:00,-73.949658000,40.762372000,3.652603839,2.909233803,28.000000000,1,-73.983742000,40.676077000
53910,2014-07-21 22:56:00+00:00,-73.991085000,40.732827000,0.193662696,-0.411505358,8.000000000,1,-73.991085000,40.750180000
147377,2014-07-21 23:36:37+00:00,-73.948092000,40.785231000,3.754353707,5.448347024,19.000000000,1,-73.942677000,40.844457000
79234,2014-07-22 00:09:00+00:00,-73.984203000,40.727172000,0.782056480,-1.032548493,9.500000000,2,-74.005240000,40.723822000
134970,2014-07-22 02:07:19+00:00,-73.989783000,40.752228000,0.278820801,1.743407764,5.500000000,1,-74.000653000,40.739191000
46178,2014-07-22 06:09:00+00:00,-73.781970000,40.644872000,17.987222334,-9.951196391,57.330000000,1,-74.004282000,40.742232000
89750,2014-07-22 07:12:00+00:00,-73.956990000,40.762305000,3.033835092,2.894414005,7.000000000,2,-73.970727000,40.756590000
124660,2014-07-22 07:41:00+00:00,-73.990268000,40.755952000,0.233121830,2.156327852,8.500000000,2,-73.972492000,40.764017000
127652,2014-07-22 08:41:57+00:00,-74.006534000,40.737674000,-1.116972821,0.111668524,9.000000000,3,-73.996803000,40.726840000
140066,2014-07-22 09:32:00+00:00,-73.986882000,40.760120000,0.513602266,2.622301006,4.500000000,1,-73.995312000,40.763985000
75375,2014-07-22 09:33:00+00:00,-73.988710000,40.737145000,0.388691456,0.070130095,11.500000000,2,-73.971115000,40.755912000
85667,2014-07-22 10:09:00+00:00,-73.994350000,40.751420000,-0.105686784,1.649286064,14.500000000,1,-73.972600000,40.762200000
123419,2014-07-22 10:20:46+00:00,-73.993032000,40.742518000,0.016914143,0.662375980,8.000000000,1,-74.001277000,40.734534000
100930,2014-07-22 13:30:00+00:00,-73.982443000,40.773612000,0.870917457,4.124351077,9.500000000,1,-73.971527000,40.766115000
95684,2014-07-22 13:34:13+00:00,-73.998857000,40.717241000,-0.442896012,-2.149168988,9.500000000,2,-74.014188000,40.713939000
13260,2014-07-22 14:24:00+00:00,-74.005527000,40.750912000,-1.048594857,1.582142693,10.000000000,5,-74.004687000,40.725552000
107548,2014-07-22 15:18:45+00:00,-73.979271000,40.785203000,1.123631110,5.414152973,4.500000000,1,-73.981254000,40.778442000
24164,2014-07-22 15:22:00+00:00,-73.982475000,40.731377000,0.922575509,-0.564074861,18.000000000,1,-73.975602000,40.757262000
49905,2014-07-22 15:59:00+00:00,-74.014927000,40.709785000,-1.790914953,-2.992181232,17.500000000,3,-73.987982000,40.749590000
110040,2014-07-22 16:37:50+00:00,-74.014143000,40.709497000,-1.724330693,-3.023408071,28.500000000,1,-73.973233000,40.763635000
73057,2014-07-22 17:48:36+00:00,-73.975426000,40.753232000,1.489504248,1.868909387,11.000000000,1,-73.995552000,40.727000000
98366,2014-07-22 18:09:59+00:00,-73.973625000,40.784416000,1.601040220,5.332349456,16.000000000,3,-73.991247000,40.750265000
28695,2014-07-22 18:26:16+00:00,-74.013208000,40.705881000,-1.640840510,-3.423920112,14.500000000,1,-73.974442000,40.732452000
149932,2014-07-22 19:46:32+00:00,-73.991298000,40.770380000,0.127763998,3.756943940,23.000000000,2,-74.013479000,40.708520000
108312,2014-07-22 20:13:00+00:00,-74.007262000,40.728095000,-1.166418793,-0.952361347,33.000000000,5,-73.920917000,40.863542000
70955,2014-07-22 20:46:00+00:00,-73.990860000,40.734110000,0.211025150,-0.268865106,52.000000000,2,-73.782122000,40.644295000
145238,2014-07-22 21:11:00+00:00,-73.991658000,40.755320000,0.116593977,2.084822065,6.000000000,1,-73.985480000,40.768029000
37450,2014-07-22 21:35:00+00:00,-73.963602000,40.802812000,2.422614758,7.384401674,7.500000000,1,-73.953200000,40.788487000
59043,2014-07-22 21:56:01+00:00,-73.997092000,40.747423000,-0.332092618,1.202941497,3.000000000,1,-73.994335000,40.750957000
49625,2014-07-22 22:53:00+00:00,-73.974493000,40.762425000,1.556338796,2.890321006,4.500000000,4,-73.966785000,40.757230000
168834,2014-07-23 01:07:03+00:00,-73.988453000,40.718081000,0.434771431,-2.045854194,4.000000000,1,-73.990212000,40.714204000
24470,2014-07-23 06:17:21+00:00,-73.990985000,40.756715000,0.171623875,2.240330308,5.000000000,2,-73.983438000,40.755356000
93209,2014-07-23 07:46:08+00:00,-73.984903000,40.736192000,0.711365367,-0.031949632,9.500000000,1,-73.968851000,40.763922000
139351,2014-07-23 07:54:00+00:00,-73.991702000,40.695620000,0.188977679,-4.542325262,21.500000000,5,-73.968187000,40.757257000
191029,2014-07-23 08:13:50+00:00,-73.987352000,40.735886000,0.504968646,-0.068305940,9.500000000,1,-73.978795000,40.753438000
6848,2014-07-23 08:22:00+00:00,-73.981217000,40.764527000,0.986091628,3.117047456,7.000000000,4,-73.985985000,40.750792000
141137,2014-07-23 08:46:00+00:00,-73.980617000,40.744627000,1.062393066,0.908588801,10.000000000,1,-73.982245000,40.758450000
167562,2014-07-23 09:41:00+00:00,-73.990587000,40.756662000,0.205287515,2.234833289,7.500000000,1,-73.999987000,40.758712000
126947,2014-07-23 10:16:40+00:00,-73.950739000,40.771668000,3.549020725,3.940070348,7.000000000,1,-73.971854000,40.782157000
28556,2014-07-23 10:51:00+00:00,-73.994520000,40.755708000,-0.125491598,2.125120887,11.500000000,1,-73.986755000,40.742837000
192549,2014-07-23 11:43:00+00:00,-73.979077000,40.756192000,1.177477299,2.193899452,3.000000000,1,-73.978472000,40.755887000
150487,2014-07-23 12:15:31+00:00,-73.977713000,40.788894000,1.250312749,5.825414643,9.500000000,1,-73.953663000,40.786880000
113873,2014-07-23 12:46:00+00:00,-73.988108000,40.748500000,0.424991716,1.331201681,10.500000000,2,-73.971397000,40.755847000
188843,2014-07-23 13:32:20+00:00,-73.780751000,40.645061000,18.090003106,-9.928787979,57.330000000,3,-73.981084000,40.764505000
9788,2014-07-23 17:00:34+00:00,-73.979827000,40.743088000,1.131076212,0.738523645,23.500000000,1,-73.986997000,40.771067000
173224,2014-07-23 17:11:00+00:00,-73.981272000,40.733250000,1.021749209,-0.354980814,17.500000000,1,-73.949243000,40.785082000
198093,2014-07-23 19:33:00+00:00,-73.874982000,40.773867000,9.939277897,4.263407666,30.330000000,1,-73.985535000,40.744222000
111109,2014-07-23 19:36:56+00:00,-74.014267000,40.717032000,-1.744192482,-2.187092138,14.000000000,1,-73.979911000,40.717831000
116397,2014-07-23 19:44:36+00:00,-73.993754000,40.744811000,-0.046962216,0.916216236,5.500000000,1,-73.988004000,40.737948000
114248,2014-07-23 20:08:52+00:00,-73.961898000,40.773773000,2.604512028,4.162537873,6.000000000,2,-73.951406000,40.786025000
80052,2014-07-23 22:46:00+00:00,-73.979037000,40.683145000,1.275123422,-5.914770250,14.000000000,1,-73.946285000,40.715822000
41122,2014-07-24 00:02:00+00:00,-73.984270000,40.737140000,0.763597017,0.073903243,5.500000000,1,-73.985880000,40.726820000
175723,2014-07-24 01:43:00+00:00,-73.994857000,40.725652000,-0.115735354,-1.211632784,8.000000000,2,-74.007447000,40.739392000
184341,2014-07-24 08:33:13+00:00,-74.009985000,40.705221000,-1.367748108,-3.494120802,14.000000000,1,-73.984893000,40.728090000
85960,2014-07-24 11:40:00+00:00,-74.005717000,40.737475000,-1.047738416,0.090359138,8.500000000,2,-74.002487000,40.721802000
160242,2014-07-24 11:53:00+00:00,-73.967403000,40.766430000,2.149536696,3.341924967,7.000000000,1,-73.972693000,40.756917000
68927,2014-07-24 13:59:00+00:00,-73.968775000,40.791607000,2.000881974,6.135408847,6.500000000,1,-73.980552000,40.775467000
25632,2014-07-24 14:23:00+00:00,-74.002780000,40.739302000,-0.802052971,0.295981722,4.500000000,2,-74.003960000,40.747925000
69277,2014-07-24 15:30:18+00:00,-73.973134000,40.755178000,1.680459043,2.087191204,13.000000000,1,-73.990472000,40.751231000
109520,2014-07-24 17:47:14+00:00,-73.976884000,40.780292000,1.331395898,4.871339852,30.000000000,1,-74.006123000,40.704583000
193663,2014-07-24 18:14:00+00:00,-73.992220000,40.731067000,0.100063384,-0.607978249,24.500000000,6,-73.979337000,40.791337000
194712,2014-07-24 18:25:00+00:00,-73.980597000,40.760312000,1.043856976,2.649758538,10.500000000,1,-73.953507000,40.771187000
26553,2014-07-24 18:40:00+00:00,-73.993430000,40.747235000,-0.022693666,1.185611216,8.500000000,1,-73.991085000,40.728142000
179238,2014-07-24 18:40:03+00:00,-73.981179000,40.757652000,0.998160205,2.353908149,8.000000000,1,-73.969577000,40.753542000
188027,2014-07-24 19:31:11+00:00,-73.980157000,40.780625000,1.054783222,4.905089073,6.000000000,1,-73.971950000,40.795603000
96865,2014-07-24 20:18:04+00:00,-74.009325000,40.737889000,-1.352903002,0.132871860,21.000000000,1,-73.976441000,40.682646000
104847,2014-07-24 22:29:00+00:00,-73.955850000,40.707770000,3.202057509,-3.158216175,17.000000000,2,-73.974390000,40.676127000
1193,2014-07-24 23:00:52+00:00,-73.979120000,40.724352000,1.214952114,-1.340609466,15.000000000,1,-73.974949000,40.720288000
199630,2014-07-24 23:09:00+00:00,-73.984335000,40.727262000,0.770793601,-1.022686828,7.000000000,1,-73.998338000,40.737172000
48573,2014-07-24 23:34:00+00:00,-73.972220000,40.749602000,1.764862348,1.469117257,9.000000000,1,-73.993532000,40.721790000
36554,2014-07-25 00:09:09+00:00,-74.007558000,40.740829000,-1.207394726,0.460917504,7.500000000,2,-73.995366000,40.730901000
112394,2014-07-25 01:25:00+00:00,-74.000097000,40.734835000,-0.569868787,-0.197309457,6.000000000,5,-74.000695000,40.747490000
129233,2014-07-25 02:06:23+00:00,-73.961807000,40.770915000,2.615946209,3.845368438,7.500000000,2,-73.980358000,40.748675000
192866,2014-07-25 08:08:00+00:00,-73.962987000,40.758292000,2.532922924,2.442940924,14.000000000,1,-73.986702000,40.752955000
113605,2014-07-25 11:21:00+00:00,-73.788640000,40.641992000,17.427648860,-10.278684160,57.330000000,2,-73.978735000,40.762287000
52783,2014-07-25 12:21:00+00:00,-73.987213000,40.743990000,0.506326563,0.831430761,19.500000000,1,-74.014323000,40.704507000
119530,2014-07-25 13:57:00+00:00,-73.971212000,40.760195000,1.836173411,2.646016013,12.500000000,1,-73.987608000,40.778132000
173415,2014-07-25 17:48:00+00:00,-74.002880000,40.751170000,-0.825462466,1.613317964,12.000000000,1,-73.965260000,40.754980000
140780,2014-07-25 18:11:00+00:00,-73.993580000,40.747327000,-0.035474362,1.195678658,15.500000000,5,-73.998377000,40.719827000
142625,2014-07-25 19:39:00+00:00,-73.991260000,40.744937000,0.163438036,0.932619988,24.000000000,2,-73.946470000,40.816432000
173806,2014-07-25 20:15:50+00:00,-73.977559000,40.749851000,1.313816458,1.491493600,11.000000000,1,-74.004539000,40.742204000
196261,2014-07-25 20:47:54+00:00,-73.989829000,40.725958000,0.308494778,-1.172791938,7.000000000,1,-73.985671000,40.741279000
199710,2014-07-25 21:46:01+00:00,-73.784489000,40.648543000,17.768598015,-9.546638268,57.330000000,1,-73.984224000,40.727088000
45298,2014-07-25 22:37:00+00:00,-73.969868000,40.758905000,1.951298399,2.504147240,11.500000000,1,-73.955850000,40.747510000
150110,2014-07-26 00:55:22+00:00,-73.918496000,40.743013000,6.309316797,0.792189076,10.500000000,1,-73.900507000,40.722556000
114589,2014-07-26 02:07:41+00:00,-73.972167000,40.745604000,1.774533910,1.025362498,13.500000000,1,-73.939536000,40.797737000
158145,2014-07-26 02:19:11+00:00,-73.985349000,40.750526000,0.655313020,1.558791436,7.500000000,1,-73.973794000,40.743335000
191417,2014-07-26 02:37:00+00:00,-73.988260000,40.746092000,0.415240779,1.063748401,13.500000000,1,-73.953012000,40.775822000
78701,2014-07-26 03:00:51+00:00,-73.989346000,40.719049000,0.358111308,-1.939268099,22.500000000,1,-73.942094000,40.795355000
49921,2014-07-26 03:27:00+00:00,-73.988420000,40.718770000,0.436677657,-1.969338499,17.500000000,6,-73.955900000,40.671200000
133821,2014-07-26 04:10:41+00:00,-73.949323000,40.754152000,3.691805128,1.997089766,9.000000000,1,-73.920201000,40.759513000
15884,2014-07-26 05:25:00+00:00,-73.992480000,40.720890000,0.091070296,-1.737946264,6.500000000,2,-74.004577000,40.707142000
197796,2014-07-26 07:45:00+00:00,-73.953355000,40.775802000,3.322772769,4.396339636,9.500000000,1,-73.982220000,40.763962000
18106,2014-07-26 09:41:00+00:00,-73.991155000,40.748057000,0.168322013,1.279064255,9.500000000,1,-73.986325000,40.730547000
73548,2014-07-26 09:54:00+00:00,-73.951560000,40.770000000,3.481946777,3.754080891,9.500000000,1,-73.972480000,40.761890000
170965,2014-07-26 10:05:05+00:00,-74.008562000,40.743813000,-1.295905746,0.791204515,4.500000000,1,-74.008562000,40.743813000
135517,2014-07-26 10:07:00+00:00,-73.944613000,40.714537000,4.142266194,-2.395689208,17.000000000,1,-73.998325000,40.721177000
19979,2014-07-26 10:18:40+00:00,-73.995031000,40.739703000,-0.148283767,0.347956916,10.000000000,1,-73.978270000,40.752466000
52462,2014-07-26 10:39:00+00:00,-73.963987000,40.771147000,2.431662915,3.868947273,5.500000000,1,-73.955970000,40.763870000
184133,2014-07-26 11:23:00+00:00,-73.995725000,40.743952000,-0.212276866,0.818955331,8.500000000,4,-73.979327000,40.752722000
17148,2014-07-26 11:45:00+00:00,-73.997612000,40.720762000,-0.342202205,-1.757115203,11.000000000,1,-73.991450000,40.749002000
134045,2014-07-26 12:40:56+00:00,-74.007605000,40.725631000,-1.192293164,-1.226209348,12.500000000,4,-73.978378000,40.753723000
18332,2014-07-26 12:46:00+00:00,-73.983792000,40.738142000,0.802670224,0.185599397,6.500000000,1,-73.977387000,40.750762000
194082,2014-07-26 13:12:00+00:00,-73.989897000,40.734027000,0.292447422,-0.277143552,17.500000000,1,-73.991887000,40.758237000
193481,2014-07-26 13:43:00+00:00,-73.783040000,40.648532000,17.891127282,-9.546165003,38.500000000,3,-73.945612000,40.694287000
44672,2014-07-26 13:49:00+00:00,-73.910692000,40.771212000,6.929347182,3.930645546,21.000000000,5,-73.939513000,40.705352000
179464,2014-07-26 15:10:00+00:00,-73.789947000,40.643567000,17.314726378,-10.105370380,57.330000000,1,-74.017345000,40.705010000
34146,2014-07-26 17:15:00+00:00,-74.005190000,40.720930000,-0.982431661,-1.745743907,16.500000000,1,-74.002820000,40.760620000
63517,2014-07-26 17:49:00+00:00,-73.984567000,40.769832000,0.696528744,3.702665041,9.000000000,1,-73.989150000,40.748617000
57655,2014-07-26 19:04:00+00:00,-73.981310000,40.784480000,0.952520760,5.331893915,16.000000000,1,-73.937830000,40.818610000
182142,2014-07-26 19:36:00+00:00,-73.983795000,40.743457000,0.795586755,0.775599230,4.500000000,1,-73.989842000,40.735287000
165215,2014-07-26 20:02:57+00:00,-73.951833000,40.771825000,3.456486327,3.956394878,8.000000000,1,-73.965863000,40.762194000
47913,2014-07-26 20:58:43+00:00,-73.994713000,40.750533000,-0.135202911,1.550471566,15.500000000,1,-73.993651000,40.721285000
89794,2014-07-26 21:06:00+00:00,-73.993857000,40.743552000,-0.054056206,0.776358591,11.500000000,2,-73.973830000,40.750610000
147801,2014-07-26 21:27:00+00:00,-73.979020000,40.787610000,1.141698872,5.681595701,6.000000000,1,-73.982360000,40.775320000
123223,2014-07-26 21:58:00+00:00,-73.988758000,40.748560000,0.370040434,1.337229661,18.000000000,2,-73.954262000,40.805937000
152178,2014-07-26 22:19:32+00:00,-74.002524000,40.744759000,-0.787321417,0.901992674,7.500000000,1,-74.002614000,40.734097000
114192,2014-07-27 00:09:00+00:00,-74.014508000,40.675952000,-1.713399310,-6.747451970,20.000000000,1,-73.980807000,40.714352000
45676,2014-07-27 01:49:54+00:00,-73.982961000,40.776620000,0.823331734,4.457755453,10.000000000,1,-73.974381000,40.752170000
56540,2014-07-27 02:12:00+00:00,-73.990560000,40.719415000,0.255110339,-1.899818928,10.000000000,1,-73.994302000,40.745988000
42565,2014-07-27 02:31:50+00:00,-73.996634000,40.753117000,-0.300652694,1.835458508,8.000000000,1,-73.981559000,40.762648000
36795,2014-07-27 02:42:00+00:00,-73.992403000,40.763757000,0.042951338,3.020669260,3.500000000,2,-73.989237000,40.768060000
196916,2014-07-27 03:07:00+00:00,-73.977862000,40.745882000,1.293367966,1.050607804,29.830000000,5,-73.867625000,40.767902000
169050,2014-07-27 05:56:00+00:00,-73.965025000,40.755702000,2.364286137,2.153400499,7.000000000,1,-73.984627000,40.753700000
52593,2014-07-27 08:09:00+00:00,-74.006987000,40.704562000,-1.113659074,-3.564415391,15.500000000,5,-73.982590000,40.762550000
49405,2014-07-27 08:24:55+00:00,-73.873013000,40.774040000,10.105196536,4.284745037,11.000000000,1,-73.924335000,40.771962000
160653,2014-07-27 08:26:53+00:00,-73.960698000,40.769708000,2.711126585,3.712490246,5.500000000,1,-73.972612000,40.764113000
194219,2014-07-27 09:56:49+00:00,-73.984352000,40.764688000,0.721284115,3.131852004,42.000000000,1,-74.029082000,40.743701000
106739,2014-07-27 12:01:00+00:00,-73.981475000,40.767208000,0.960860965,3.414405978,7.000000000,2,-74.000967000,40.758070000
128383,2014-07-27 14:13:00+00:00,-73.957470000,40.770042000,2.983115149,3.752799219,15.000000000,1,-74.002227000,40.755637000
157350,2014-07-27 15:30:44+00:00,-73.956821000,40.777786000,3.027664919,4.613095211,12.500000000,1,-73.986832000,40.749242000
124996,2014-07-27 19:07:02+00:00,-73.979242000,40.766692000,1.149989757,3.359316331,4.000000000,1,-73.984824000,40.758866000
111881,2014-07-27 20:05:00+00:00,-73.975495000,40.756625000,1.479282370,2.245489537,5.500000000,1,-73.981330000,40.752935000
57346,2014-07-27 23:10:53+00:00,-73.788728000,40.642053000,17.420114517,-10.272015250,57.330000000,2,-73.985637000,40.744263000
196932,2014-07-28 01:01:10+00:00,-73.996284000,40.720308000,-0.229466738,-1.806231144,8.000000000,1,-73.981855000,40.728303000
69281,2014-07-28 01:40:10+00:00,-73.948409000,40.778355000,3.736758091,4.684734873,8.000000000,2,-73.967388000,40.766462000
112260,2014-07-28 07:53:35+00:00,-73.962155000,40.768817000,2.589332204,3.612126652,8.000000000,1,-73.973769000,40.756138000
44215,2014-07-28 12:07:00+00:00,-73.968038000,40.709995000,2.169586855,-2.923393495,21.500000000,1,0.000000000,0.000000000
179202,2014-07-28 12:16:12+00:00,-73.876205000,40.758271000,9.858244036,2.530801476,13.500000000,1,-73.983351000,40.743822000
49897,2014-07-28 15:41:00+00:00,-73.964893000,40.771497000,2.354743695,3.906897429,19.500000000,1,-73.999432000,40.723592000
147724,2014-07-28 15:44:00+00:00,-73.976808000,40.757932000,1.366757520,2.389283147,3.500000000,1,-73.982507000,40.754862000
193996,2014-07-28 18:56:00+00:00,-73.981785000,40.753952000,0.951772885,1.942587061,6.500000000,1,-73.965862000,40.752867000
58014,2014-07-28 19:31:49+00:00,-73.981789000,40.746214000,0.961400641,1.083608739,6.500000000,3,-73.979261000,40.758568000
183953,2014-07-28 19:48:00+00:00,-73.954910000,40.765322000,3.205408389,3.231413202,7.000000000,2,-73.971128000,40.758375000
115538,2014-07-28 20:16:00+00:00,-74.008357000,40.720407000,-1.249251943,-1.806825543,6.500000000,4,-74.000953000,40.741707000
48556,2014-07-28 20:43:00+00:00,-73.970030000,40.753380000,1.944822577,1.890670488,11.000000000,2,-74.003065000,40.733325000
75119,2014-07-28 21:31:00+00:00,-73.954590000,40.764012000,3.234149463,3.086314871,8.000000000,1,-73.958962000,40.780660000
17203,2014-07-29 00:37:00+00:00,-74.008347000,40.719625000,-1.247427139,-1.893623160,16.000000000,1,-73.958568000,40.717047000
112647,2014-07-29 02:17:47+00:00,-74.000575000,40.729718000,-0.603764938,-0.765791149,13.500000000,2,-73.993620000,40.762262000
106715,2014-07-29 05:25:05+00:00,-73.985405000,40.731782000,0.674634917,-0.521980368,52.000000000,2,-73.788897000,40.647372000
42225,2014-07-29 05:30:00+00:00,-73.776680000,40.645430000,18.433652766,-9.883046611,54.500000000,2,-74.025840000,40.614010000
25470,2014-07-29 06:45:00+00:00,-73.981370000,40.741130000,1.003324127,0.519658726,5.500000000,1,-73.980330000,40.751580000
145936,2014-07-29 07:08:04+00:00,-73.981380000,40.780798000,0.951361318,4.923094227,6.500000000,1,-73.971676000,40.794650000
178974,2014-07-29 10:01:00+00:00,-73.990298000,40.757067000,0.229165301,2.280071927,10.000000000,1,-74.009490000,40.738125000
77641,2014-07-29 10:35:49+00:00,-73.946721000,40.780841000,3.875885655,4.962409894,11.000000000,1,-73.971873000,40.753756000
37318,2014-07-29 11:58:06+00:00,-73.969184000,40.760765000,2.006608793,2.711299274,14.000000000,1,-73.990064000,40.751655000
140951,2014-07-29 12:18:40+00:00,-73.871278000,40.773337000,10.252618243,4.208588725,45.830000000,1,-73.980787000,40.764498000
24466,2014-07-29 12:46:00+00:00,-73.961458000,40.796252000,2.612094904,6.658327272,57.330000000,5,-73.790493000,40.643877000
16213,2014-07-29 15:26:44+00:00,-73.974392000,40.760315000,1.567601431,2.656194741,8.000000000,1,-73.963145000,40.770319000
159828,2014-07-29 15:47:00+00:00,-73.973000000,40.780452000,1.658928364,4.892931322,8.500000000,1,-73.974782000,40.764987000
118375,2014-07-29 21:10:00+00:00,-74.000812000,40.761810000,-0.664332555,2.796421277,15.000000000,1,-74.006947000,40.710422000
79441,2014-07-29 21:29:00+00:00,-73.987050000,40.760692000,0.498688777,2.685633558,12.500000000,1,-73.972605000,40.798897000
37146,2014-07-29 23:30:57+00:00,-74.002253000,40.739680000,-0.758033197,0.338447971,50.500000000,2,-74.037661000,40.619219000
69393,2014-07-30 00:10:00+00:00,-73.984695000,40.747637000,0.714233498,1.238729974,5.500000000,1,-73.981313000,40.754972000
121069,2014-07-30 04:55:43+00:00,-73.968278000,40.799934000,2.031936378,7.060267447,5.500000000,1,-73.976870000,40.788133000
166863,2014-07-30 06:33:06+00:00,-73.969004000,40.760854000,2.021685956,2.721357448,7.500000000,1,-73.990857000,40.745370000
20801,2014-07-30 07:06:00+00:00,-73.953477000,40.770767000,3.319145293,3.837292175,3.500000000,1,-73.957887000,40.772947000
130078,2014-07-30 07:44:49+00:00,-73.950266000,40.771329000,3.589389011,3.902916237,9.000000000,1,-73.975401000,40.756984000
190789,2014-07-30 08:03:00+00:00,-73.994235000,40.734640000,-0.074635733,-0.213301715,9.500000000,5,-73.980542000,40.745652000
25764,2014-07-30 08:45:10+00:00,-73.982351000,40.777625000,0.873513394,4.569915295,14.000000000,1,-73.991516000,40.748149000
69750,2014-07-30 08:58:00+00:00,-73.981210000,40.764592000,0.986598660,3.124269808,4.000000000,1,-73.985412000,40.757062000
183911,2014-07-30 09:36:42+00:00,-73.999170000,40.749673000,-0.510373167,1.450705129,13.500000000,1,-74.011460000,40.714699000
67016,2014-07-30 11:57:00+00:00,-73.993102000,40.724342000,0.034144072,-1.355353589,13.500000000,6,-74.012915000,40.717717000
173886,2014-07-30 13:15:00+00:00,-73.969312000,40.756677000,2.001134926,2.257373636,12.500000000,2,-73.989053000,40.744137000
110719,2014-07-30 15:16:39+00:00,-73.961619000,40.764166000,2.640679414,3.096365114,8.000000000,1,-73.973077000,40.748607000
155601,2014-07-30 15:35:00+00:00,-73.970783000,40.759910000,1.872755373,2.614803508,6.500000000,1,-73.973563000,40.764777000
129692,2014-07-30 15:55:13+00:00,-73.969745000,40.749163000,1.974376486,1.422834792,13.500000000,1,-73.944192000,40.787247000
78081,2014-07-30 16:56:00+00:00,-73.790022000,40.644042000,17.307659287,-10.052729581,57.330000000,1,-73.974597000,40.792255000
145934,2014-07-30 17:51:06+00:00,-73.986634000,40.761135000,0.533234139,2.735215299,12.000000000,1,-73.991209000,40.750405000
6563,2014-07-30 18:15:00+00:00,-73.982625000,40.750965000,0.884707715,1.610185787,9.500000000,3,-73.996670000,40.749550000
196527,2014-07-30 18:31:57+00:00,-73.981251000,40.747360000,1.005344885,1.211350074,5.500000000,1,-73.981251000,40.747360000
114316,2014-07-30 18:51:00+00:00,-73.995158000,40.755360000,-0.178904900,2.085873470,18.500000000,1,-73.959482000,40.809175000
148330,2014-07-30 19:55:00+00:00,-73.986252000,40.696022000,0.648929117,-4.492402209,7.000000000,1,-73.976827000,40.682977000
7122,2014-07-30 20:00:00+00:00,-73.964182000,40.767587000,2.419872022,3.473565388,19.500000000,2,-74.002562000,40.730547000
192382,2014-07-30 20:00:00+00:00,-74.001525000,40.707192000,-0.655559332,-3.267238476,12.000000000,1,-74.001960000,40.739562000
3566,2014-07-30 20:02:04+00:00,-73.971643000,40.756010000,1.805238000,2.181023217,8.000000000,2,-73.984902000,40.747862000
150922,2014-07-30 21:16:00+00:00,-73.978132000,40.773167000,1.235300874,4.079181600,4.500000000,1,-73.980047000,40.781142000
96186,2014-07-30 21:45:00+00:00,-73.975228000,40.761257000,1.495815536,2.759939386,14.500000000,1,-74.001485000,40.719950000
48210,2014-07-30 22:20:00+00:00,-73.988422000,40.757660000,0.386762495,2.347723076,23.500000000,1,-73.965067000,40.691942000
94719,2014-07-30 22:45:15+00:00,-73.995378000,40.717205000,-0.149007450,-2.149809765,10.500000000,2,-73.976973000,40.747465000
95637,2014-07-30 22:51:46+00:00,-73.969780000,40.762626000,1.953876717,2.917293542,20.500000000,1,-74.008102000,40.707233000
37661,2014-07-30 23:38:49+00:00,-74.028446000,40.622481000,-2.825783655,-12.696122659,23.000000000,1,-74.028446000,40.622481000
69170,2014-07-30 23:56:23+00:00,-74.004329000,40.742548000,-0.936928204,0.654825875,9.500000000,1,-74.010010000,40.714482000
102746,2014-07-31 01:00:00+00:00,-73.981870000,40.752185000,0.946873164,1.746353835,4.500000000,1,-73.972565000,40.753512000
156754,2014-07-31 02:40:16+00:00,-73.987789000,40.733485000,0.471142041,-0.335259214,19.500000000,1,-73.999574000,40.688241000
188199,2014-07-31 05:55:00+00:00,-73.939938000,40.751357000,4.487791363,1.696351099,9.500000000,1,-73.960030000,40.773727000
106044,2014-07-31 09:12:26+00:00,-73.992002000,40.768941000,0.070185512,3.596521104,15.500000000,1,-73.983250000,40.744371000
180328,2014-07-31 10:53:44+00:00,-73.968388000,40.770582000,2.060983324,3.801850983,7.000000000,1,-73.971542000,40.761865000
187258,2014-07-31 11:32:00+00:00,-74.008092000,40.739467000,-1.250773026,0.309216411,19.500000000,1,-73.974643000,40.793350000
119795,2014-07-31 12:04:45+00:00,-73.990780000,40.718143000,0.238151970,-2.041232952,7.000000000,1,-73.996911000,40.720537000
193429,2014-07-31 12:10:14+00:00,-74.000208000,40.733999000,-0.578184757,-0.290217972,14.500000000,1,-73.981393000,40.714962000
121650,2014-07-31 12:17:00+00:00,-74.002937000,40.760342000,-0.841842488,2.631422136,28.500000000,1,-73.987938000,40.756297000
163510,2014-07-31 12:59:31+00:00,-73.976112000,40.754540000,1.429900534,2.013431196,11.000000000,1,-73.989883000,40.751725000
141809,2014-07-31 13:11:00+00:00,-73.992275000,40.734522000,0.091016795,-0.224502677,5.000000000,1,-73.999758000,40.733459000
186718,2014-07-31 14:02:53+00:00,-73.980156000,40.742799000,1.103671720,0.706119793,28.500000000,1,-73.957090000,40.782666000
181667,2014-07-31 15:47:28+00:00,-73.982290000,40.770203000,0.888219312,3.746075629,6.500000000,1,-73.989682000,40.776093000
117261,2014-07-31 15:55:06+00:00,-73.961250000,40.760715000,2.676359199,2.713646448,6.500000000,1,-73.945282000,40.773352000
31707,2014-07-31 17:36:45+00:00,-73.974388000,40.761822000,1.565983715,2.823487039,17.000000000,3,-73.991398000,40.740756000
18218,2014-07-31 17:40:00+00:00,-73.994148000,40.751227000,-0.088388671,1.628057084,5.500000000,3,-73.989005000,40.758460000
186465,2014-07-31 17:54:00+00:00,-73.972537000,40.745840000,1.742989585,1.051194479,12.000000000,1,-74.003862000,40.723900000
130039,2014-07-31 18:56:00+00:00,-73.996977000,40.721327000,-0.289288100,-1.693784081,9.000000000,5,-73.994787000,40.739825000
81925,2014-07-31 20:53:00+00:00,-73.985885000,40.757320000,0.601348837,2.312452315,7.000000000,4,-73.974292000,40.750982000
189075,2014-07-31 21:11:00+00:00,-74.004422000,40.730755000,-0.929934265,-0.654367820,11.000000000,6,-73.978807000,40.729720000
12332,2014-07-31 21:44:00+00:00,-73.981870000,40.770690000,0.923037788,3.800547641,8.500000000,1,-73.977200000,40.753780000
125190,2014-07-31 23:00:00+00:00,-73.988270000,40.748240000,0.411647990,1.302182138,7.500000000,1,-73.977095000,40.751917000
28727,2014-08-01 04:58:00+00:00,-73.988557000,40.722727000,0.420047516,-1.530218237,5.000000000,1,-73.979100000,40.726515000
27539,2014-08-01 05:32:00+00:00,-73.990537000,40.756672000,0.209495347,2.235991913,4.500000000,6,-73.982175000,40.760627000
164929,2014-08-01 06:55:00+00:00,-74.015832000,40.709877000,-1.867475839,-2.982825578,10.500000000,1,-73.993647000,40.731140000
157718,2014-08-01 07:05:04+00:00,-73.975222000,40.765370000,1.490989416,3.216519438,15.500000000,2,-74.013371000,40.715804000
145517,2014-08-01 07:08:46+00:00,-73.948133000,40.778669000,3.759630283,4.719870642,4.500000000,1,-73.955054000,40.779807000
141273,2014-08-01 07:57:00+00:00,-74.006635000,40.744150000,-1.133635913,0.830453293,4.000000000,1,-74.002750000,40.749407000
153961,2014-08-01 08:05:00+00:00,-73.956688000,40.777440000,3.039345024,4.574819950,11.500000000,1,-73.979842000,40.754812000
77521,2014-08-01 08:53:00+00:00,-73.970657000,40.783507000,1.852655381,5.234378158,6.000000000,1,-73.980030000,40.777970000
107149,2014-08-01 09:08:00+00:00,-73.953497000,40.766970000,3.322485227,3.415775470,5.500000000,1,-73.960922000,40.759397000
181342,2014-08-01 09:27:00+00:00,-73.985908000,40.758855000,0.597438200,2.482826265,7.500000000,1,-73.973410000,40.758257000
145606,2014-08-01 09:58:00+00:00,-73.978460000,40.729685000,1.263803720,-0.747961575,8.500000000,1,-73.969862000,40.748552000
127398,2014-08-01 12:43:11+00:00,-73.969510000,40.757699000,1.983089073,2.370626999,14.000000000,1,-73.989424000,40.767883000
123443,2014-08-01 15:39:00+00:00,-73.978013000,40.778392000,1.238585882,4.659314286,23.500000000,1,-73.992628000,40.737582000
4377,2014-08-01 17:13:05+00:00,-73.970913000,40.752856000,1.870965100,1.831628164,12.500000000,1,-73.980549000,40.752969000
114941,2014-08-01 18:58:38+00:00,-73.995902000,40.748752000,-0.233316172,1.351618676,9.000000000,1,-73.993303000,40.762952000
49221,2014-08-01 20:12:49+00:00,-73.979613000,40.735288000,1.159208569,-0.127121699,16.000000000,2,-73.991486000,40.755284000
184050,2014-08-01 20:17:00+00:00,-74.004371000,40.742092000,-0.939900114,0.604166449,7.000000000,1,-74.006757000,40.730601000
81301,2014-08-01 20:21:00+00:00,-73.972822000,40.757842000,1.703334686,2.383223294,7.000000000,6,-73.983265000,40.743117000
26451,2014-08-01 23:30:00+00:00,-74.005950000,40.735700000,-1.065180992,-0.106900930,4.000000000,3,-74.003880000,40.740410000
64219,2014-08-02 04:06:26+00:00,-74.001352000,40.731009000,-0.671009552,-0.623227928,10.000000000,3,-74.016018000,40.715093000
190522,2014-08-02 04:13:00+00:00,-74.007690000,40.740847000,-1.218562338,0.462789635,15.000000000,1,-74.006590000,40.706492000
85527,2014-08-02 05:15:00+00:00,-74.000862000,40.727370000,-0.625035043,-1.026710922,23.500000000,5,-73.886545000,40.749502000
35198,2014-08-02 08:56:00+00:00,-73.993423000,40.742145000,-0.015623151,0.620591708,4.500000000,1,-73.986180000,40.752055000
58673,2014-08-02 10:27:00+00:00,-74.004597000,40.741617000,-0.958383464,0.551221713,6.000000000,2,-73.995162000,40.749777000
136136,2014-08-02 11:52:35+00:00,-73.993156000,40.752437000,-0.006186079,1.763336127,5.000000000,1,-73.986341000,40.759023000
89158,2014-08-02 17:59:54+00:00,-73.987196000,40.744902000,0.506593691,0.932685848,5.500000000,1,-73.985846000,40.752768000
185375,2014-08-02 18:29:00+00:00,-73.978018000,40.763510000,1.257409007,3.007292799,5.000000000,6,-73.982057000,40.772532000
122662,2014-08-02 18:39:21+00:00,-73.959634000,40.762999000,2.809754753,2.968803864,4.500000000,2,-73.959934000,40.762747000
112276,2014-08-02 18:41:00+00:00,-73.994660000,40.764292000,-0.148226824,3.077873087,57.330000000,6,-73.790022000,40.643360000
134534,2014-08-02 22:06:00+00:00,-73.989973000,40.751885000,0.263219648,1.705147655,6.000000000,1,-74.006647000,40.743937000
97337,2014-08-02 22:27:42+00:00,-73.975824000,40.759483000,1.447807917,2.562424708,6.000000000,2,-73.981745000,40.764750000
85635,2014-08-03 00:07:12+00:00,-73.999118000,40.734175000,-0.486367157,-0.269632039,16.500000000,1,-73.973002000,40.691645000
52294,2014-08-03 00:40:00+00:00,-73.971587000,40.762830000,1.801092239,2.938149876,12.500000000,5,-73.928840000,40.757757000
151687,2014-08-03 02:22:00+00:00,-73.993762000,40.752380000,-0.057270458,1.756421990,7.500000000,2,-73.999142000,40.744740000
88003,2014-08-03 03:12:16+00:00,-73.984756000,40.732734000,0.728216750,-0.415668243,4.000000000,1,-73.991814000,40.730797000
148677,2014-08-03 03:43:41+00:00,-74.006856000,40.730325000,-1.134932862,-0.704428525,6.000000000,2,-74.004211000,40.725562000
51555,2014-08-03 08:36:05+00:00,-73.981888000,40.762912000,0.931538068,2.937112889,10.000000000,1,-73.995386000,40.769518000
15980,2014-08-03 09:31:00+00:00,-73.954677000,40.789382000,3.193245099,5.902498505,7.000000000,1,-73.953097000,40.773407000
1953,2014-08-03 11:08:00+00:00,-73.976900000,40.775162000,1.336687954,4.301853930,7.000000000,1,-73.967568000,40.764467000
21098,2014-08-03 13:20:00+00:00,-73.984862000,40.748182000,0.699435046,1.299065837,10.500000000,1,-73.987485000,40.722480000
180635,2014-08-03 13:29:43+00:00,-74.006924000,40.729577000,-1.139735999,-0.787526551,6.500000000,1,-74.005757000,40.745656000
70152,2014-08-03 13:53:03+00:00,-73.977364000,40.751705000,1.327880400,1.697492976,9.000000000,1,-74.002955000,40.755347000
174999,2014-08-03 14:27:00+00:00,-73.988592000,40.778502000,0.345740783,4.661177876,12.000000000,6,-74.007727000,40.743667000
187902,2014-08-03 14:50:00+00:00,-73.781970000,40.644990000,17.987040925,-9.938097626,31.500000000,1,-73.862090000,40.735412000
32594,2014-08-03 17:26:53+00:00,-74.010167000,40.705987000,-1.384081049,-3.409263224,25.000000000,1,-73.990093000,40.759873000
86500,2014-08-03 17:26:56+00:00,-73.991005000,40.755528000,0.171450666,2.108545166,14.500000000,1,-73.962412000,40.804832000
46967,2014-08-03 18:28:00+00:00,-73.783570000,40.648662000,17.846116376,-9.532354123,52.000000000,1,-73.979620000,40.732967000
184980,2014-08-03 18:49:00+00:00,-73.998750000,40.734882000,-0.456188129,-0.190795831,4.000000000,1,-73.995782000,40.741047000
196860,2014-08-03 19:37:00+00:00,-74.005278000,40.715257000,-0.982731143,-2.375568372,10.500000000,1,-73.987928000,40.750432000
93451,2014-08-03 22:24:00+00:00,-73.965165000,40.771987000,2.331147062,3.961020426,10.000000000,1,-73.967022000,40.801940000
161788,2014-08-03 22:40:00+00:00,-73.993352000,40.752382000,-0.022661853,1.757040923,4.500000000,1,-73.991110000,40.750085000
87399,2014-08-04 00:48:08+00:00,-73.790473000,40.644427000,17.268937125,-10.010516647,52.000000000,1,-74.015479000,40.715173000
37506,2014-08-04 01:17:00+00:00,-73.980022000,40.763502000,1.088274884,3.004436532,24.500000000,1,-73.945690000,40.753077000
78552,2014-08-04 07:52:00+00:00,-73.959300000,40.771077000,2.827308929,3.865858568,5.500000000,1,-73.971495000,40.757230000
47504,2014-08-04 07:53:54+00:00,-73.954401000,40.766077000,3.247369800,3.315735881,17.500000000,1,-74.004272000,40.707051000
111324,2014-08-04 09:18:00+00:00,-73.955862000,40.779597000,3.106197448,4.815093495,18.500000000,1,-73.990777000,40.743805000
108184,2014-08-04 09:25:15+00:00,-73.991261000,40.750301000,0.156510181,1.528061609,11.500000000,1,-73.979170000,40.763393000
155186,2014-08-04 10:37:19+00:00,-73.959201000,40.763305000,2.845898810,3.003205637,5.500000000,1,-73.968892000,40.764213000
25403,2014-08-04 10:53:23+00:00,-73.994144000,40.751132000,-0.087930131,1.617515266,15.500000000,1,-73.961612000,40.774008000
152977,2014-08-04 11:27:03+00:00,-73.955117000,40.766627000,3.186212090,3.376070197,11.000000000,1,-73.973700000,40.784500000
133241,2014-08-04 11:28:36+00:00,-73.988869000,40.753547000,0.354291573,1.890714958,10.500000000,3,-73.974554000,40.762968000
2998,2014-08-04 11:42:35+00:00,-73.991075000,40.733200000,0.194031296,-0.370090072,9.000000000,1,-73.989732000,40.747136000
192265,2014-08-04 12:21:32+00:00,-73.870711000,40.773819000,10.299779366,4.262710582,35.330000000,1,-73.940951000,40.842457000
193574,2014-08-04 12:51:12+00:00,-73.987433000,40.741486000,0.490958812,0.553254635,7.500000000,1,-73.976986000,40.755823000
136391,2014-08-04 18:18:00+00:00,-73.996825000,40.723077000,-0.278669871,-1.499375735,8.000000000,1,-73.996615000,40.741212000
190582,2014-08-04 18:22:05+00:00,-73.961303000,40.760673000,2.671940817,2.708931172,5.500000000,1,-73.958834000,40.768281000
130812,2014-08-04 19:48:00+00:00,-73.993702000,40.761947000,-0.064383885,2.818487483,11.000000000,4,-73.976127000,40.744977000
147845,2014-08-04 20:38:00+00:00,-73.975357000,40.789520000,1.448279580,5.897225547,5.500000000,5,-73.970292000,40.799830000
43648,2014-08-04 23:25:00+00:00,-73.985853000,40.757060000,0.604383550,2.283621607,6.500000000,2,-73.976385000,40.758525000
163190,2014-08-04 23:31:22+00:00,-73.985773000,40.722802000,0.655074006,-1.519180857,17.500000000,3,-73.986888000,40.763514000
193049,2014-08-05 02:06:20+00:00,-73.981977000,40.766499000,0.919406037,3.335209852,3.500000000,1,-73.975584000,40.762480000
185961,2014-08-05 03:29:00+00:00,-73.999950000,40.728110000,-0.548953091,-0.943689129,6.000000000,6,-74.009820000,40.722270000
61122,2014-08-05 04:22:00+00:00,-73.971600000,40.757610000,1.806786278,2.358677702,20.500000000,5,-73.991040000,40.696310000
168047,2014-08-05 07:48:50+00:00,-73.989649000,40.747235000,0.296513327,1.189278823,5.500000000,2,-73.980386000,40.743480000
65008,2014-08-05 08:10:19+00:00,-73.984566000,40.768424000,0.698422195,3.546367274,13.500000000,1,-73.995922000,40.769266000
131136,2014-08-05 08:18:37+00:00,-73.969152000,40.769358000,1.998102472,3.665219609,5.000000000,1,-73.973795000,40.762163000
35023,2014-08-05 08:21:00+00:00,-73.981970000,40.740265000,0.953778676,0.423049889,8.500000000,2,-73.972200000,40.753952000
3636,2014-08-05 09:25:08+00:00,-73.992293000,40.754926000,0.063493489,2.040469461,8.500000000,1,-73.982644000,40.746931000
146955,2014-08-05 09:31:32+00:00,-74.006482000,40.732890000,-1.106572323,-0.419338731,4.500000000,1,-74.005333000,40.727213000
197591,2014-08-05 09:36:59+00:00,-73.978176000,40.752461000,1.258355580,1.780616105,25.000000000,1,-74.009135000,40.711013000
85022,2014-08-05 12:48:00+00:00,-73.997380000,40.746737000,-0.355536760,1.126512805,13.500000000,1,-73.986175000,40.762407000
63276,2014-08-05 13:11:54+00:00,-73.994443000,40.734843000,-0.092457332,-0.190968496,9.500000000,1,-73.979145000,40.744315000
166515,2014-08-05 14:23:43+00:00,-74.009973000,40.734598000,-1.403497525,-0.233069050,8.000000000,1,-73.995031000,40.750146000
44674,2014-08-05 14:25:00+00:00,-73.956490000,40.778237000,3.055000901,4.663492029,8.500000000,2,-73.965187000,40.791122000
33955,2014-08-05 16:29:00+00:00,-73.966897000,40.760937000,2.199422649,2.732662857,12.000000000,1,-73.975670000,40.781555000
199633,2014-08-05 17:39:04+00:00,-73.981470000,40.780951000,0.943569753,4.939990238,5.000000000,1,-73.975808000,40.789234000
147202,2014-08-05 18:58:00+00:00,-73.998590000,40.724590000,-0.429647382,-1.333123955,4.500000000,1,-73.991400000,40.723580000
195002,2014-08-05 19:20:44+00:00,-73.991505000,40.749937000,0.136375986,1.487418251,9.000000000,2,-73.983554000,40.763200000
138583,2014-08-05 19:35:00+00:00,-73.962407000,40.770232000,2.566206470,3.768951058,23.500000000,1,-73.998218000,40.732447000
99277,2014-08-05 20:46:00+00:00,-74.013030000,40.716187000,-1.638658782,-2.279719232,9.000000000,1,-73.992317000,40.724642000
52752,2014-08-06 06:43:00+00:00,-73.978707000,40.747357000,1.220123027,1.213513055,5.500000000,1,-73.982857000,40.735037000
148990,2014-08-06 06:54:00+00:00,-73.993407000,40.757272000,-0.033531148,2.299813455,4.000000000,1,-73.998597000,40.753432000
113853,2014-08-06 08:12:43+00:00,-73.782080000,40.644600000,17.978339491,-9.981518960,29.000000000,2,-73.832707000,40.748033000
118132,2014-08-06 09:20:00+00:00,-73.943775000,40.750927000,4.164450349,1.644712442,19.000000000,2,-73.933620000,40.710627000
123572,2014-08-06 10:41:00+00:00,-73.978202000,40.778317000,1.222734181,4.650802894,16.000000000,1,-73.981677000,40.746842000
13739,2014-08-06 10:52:21+00:00,-73.990307000,40.716129000,0.280672211,-2.264341106,19.500000000,2,-73.987102000,40.754791000
199982,2014-08-06 11:06:06+00:00,-73.969204000,40.754771000,2.012736717,2.045900499,57.330000000,1,-73.790351000,40.643802000
55329,2014-08-06 12:24:19+00:00,-73.986546000,40.768197000,0.531606879,3.519236314,10.500000000,1,-73.963323000,40.776802000
197395,2014-08-06 14:39:00+00:00,-73.960035000,40.771912000,2.764180581,3.957814494,8.000000000,1,-73.969340000,40.760265000
191834,2014-08-06 15:08:11+00:00,-73.974574000,40.760718000,1.551716475,2.700751231,17.500000000,1,-74.006914000,40.740847000
70097,2014-08-06 15:23:00+00:00,-73.980745000,40.753662000,1.039938896,1.911414052,10.000000000,2,-73.963815000,40.757195000
107128,2014-08-06 17:23:00+00:00,-73.990463000,40.730975000,0.248549641,-0.616486387,16.000000000,1,-73.956380000,40.768047000
24167,2014-08-06 18:21:00+00:00,-73.972455000,40.758695000,1.733204583,2.478275371,12.000000000,6,-73.989722000,40.766235000
181503,2014-08-06 18:33:13+00:00,-74.003393000,40.727040000,-0.838359796,-1.065772207,9.500000000,1,-73.988570000,40.718490000
158893,2014-08-06 19:23:00+00:00,-73.981150000,40.759102000,0.998739241,2.514897369,18.500000000,1,-74.010115000,40.720382000
9078,2014-08-06 20:13:00+00:00,-73.991550000,40.765182000,0.113129014,3.179682090,5.500000000,1,-73.985637000,40.760582000
83478,2014-08-06 21:11:28+00:00,-74.005008000,40.719180000,-0.964859468,-1.939831329,5.500000000,2,-74.000384000,40.719836000
96925,2014-08-06 23:17:00+00:00,-73.992910000,40.724355000,0.050342480,-1.353724552,10.500000000,2,-74.014932000,40.709625000
99082,2014-08-06 23:37:09+00:00,-73.994948000,40.760139000,-0.167254077,2.616580669,14.500000000,1,-73.941671000,40.754672000
21005,2014-08-07 00:41:38+00:00,-74.006033000,40.713927000,-1.044830884,-2.523929001,8.500000000,1,-73.991368000,40.727667000
31219,2014-08-07 05:47:00+00:00,-73.946130000,40.777462000,3.930261962,4.587912834,16.500000000,2,-74.002008000,40.754885000
11610,2014-08-07 08:26:09+00:00,-73.956826000,40.766637000,3.041960038,3.375463869,11.000000000,1,-73.973545000,40.765174000
28050,2014-08-07 08:47:00+00:00,-73.974777000,40.756112000,1.540555595,2.189250553,3.500000000,1,-73.978392000,40.751132000
152906,2014-08-07 09:58:00+00:00,-73.994075000,40.737197000,-0.064377710,0.070697873,6.000000000,2,-73.998177000,40.745620000
20677,2014-08-07 10:55:00+00:00,-73.951822000,40.773502000,3.455190313,4.142566163,4.500000000,1,-73.959187000,40.776830000
37525,2014-08-07 11:11:00+00:00,-73.964707000,40.764412000,2.379721812,3.120593022,8.500000000,1,-73.965543000,40.774542000
181782,2014-08-07 11:16:44+00:00,-73.938605000,40.796062000,4.540276880,6.660321910,7.500000000,1,-73.953559000,40.782375000
25041,2014-08-07 13:11:00+00:00,-74.002800000,40.715517000,-0.773756176,-2.344333191,9.000000000,6,-73.992687000,40.702493000
6976,2014-08-07 13:23:29+00:00,-73.986757000,40.739804000,0.550189521,0.367199311,13.500000000,1,-74.009993000,40.714389000
195079,2014-08-07 13:54:00+00:00,-73.948277000,40.782697000,3.742117331,5.166865300,6.500000000,1,-73.959838000,40.778660000
106290,2014-08-07 15:57:00+00:00,-73.974058000,40.760135000,1.596027152,2.636542957,7.500000000,6,-73.961027000,40.776632000
101266,2014-08-07 19:48:00+00:00,-73.950845000,40.778347000,3.531207477,4.681385230,4.500000000,1,-73.956075000,40.771992000
189666,2014-08-07 22:46:00+00:00,-73.969307000,40.757285000,2.000764258,2.324871143,8.000000000,1,-73.982662000,40.766702000
175796,2014-08-08 00:00:00+00:00,-73.986552000,40.776757000,0.520123024,4.469456234,12.000000000,1,-74.005195000,40.741802000
165436,2014-08-08 00:09:00+00:00,-73.975747000,40.733217000,1.488332341,-0.353215878,6.000000000,1,0.000000000,0.000000000
19465,2014-08-08 01:25:00+00:00,-74.005395000,40.706975000,-0.982203096,-3.295035624,62.160000000,1,-74.120035000,40.571720000
23881,2014-08-08 02:01:00+00:00,-73.992147000,40.725552000,0.113254945,-1.220110151,19.000000000,5,-73.914465000,40.700837000
82413,2014-08-08 02:53:00+00:00,-73.986900000,40.718002000,0.566040288,-2.053111756,7.000000000,1,-73.984667000,40.732263000
178380,2014-08-08 04:53:41+00:00,-73.958397000,40.760508000,2.917445224,2.693522573,30.830000000,1,-73.870815000,40.773818000
62493,2014-08-08 05:30:14+00:00,-73.992349000,40.756240000,0.057091418,2.186278822,9.500000000,1,-74.005854000,40.740171000
99023,2014-08-08 08:02:00+00:00,-73.990067000,40.756120000,0.249874204,2.175172334,6.500000000,2,-73.980105000,40.755487000
59188,2014-08-08 09:09:14+00:00,-73.974165000,40.794045000,1.542973040,6.400712989,19.500000000,2,-73.978803000,40.753383000
194594,2014-08-08 09:33:07+00:00,-73.782154000,40.644551000,17.972157770,-9.987044922,43.500000000,3,-73.916998000,40.742307000
197512,2014-08-08 10:06:14+00:00,-73.955552000,40.777786000,3.134750040,4.614369522,6.500000000,1,-73.953166000,40.767661000
12326,2014-08-08 11:11:00+00:00,-73.976500000,40.762300000,1.387100214,2.874467116,7.000000000,1,-73.967050000,40.761400000
140740,2014-08-08 12:20:00+00:00,-73.975145000,40.749717000,1.517781750,1.478995530,9.500000000,1,-73.957132000,40.766247000
120113,2014-08-08 14:11:00+00:00,-73.997250000,40.714270000,-0.303400332,-2.477421013,19.500000000,1,-73.987280000,40.750660000
36794,2014-08-08 14:13:00+00:00,-73.996150000,40.756580000,-0.264192458,2.220344044,7.000000000,1,-73.975460000,40.747990000
68648,2014-08-08 14:40:00+00:00,-73.983480000,40.749977000,0.813799532,1.499674230,7.500000000,6,-73.993465000,40.734117000
19329,2014-08-08 15:20:00+00:00,-73.982360000,40.738525000,0.923089000,0.229515751,9.000000000,5,-74.000758000,40.746320000
36229,2014-08-08 15:29:00+00:00,-73.967150000,40.763680000,2.174483467,3.036905288,9.500000000,5,-73.947850000,40.774880000
113998,2014-08-08 15:53:00+00:00,-73.955525000,40.764205000,3.154977732,3.106799494,8.000000000,1,-73.965787000,40.754532000
158418,2014-08-08 17:07:00+00:00,-73.979830000,40.754885000,1.115601208,2.048073570,4.500000000,1,-73.984290000,40.746767000
20681,2014-08-08 17:22:00+00:00,-73.965922000,40.805462000,2.223444302,7.676263018,8.000000000,1,-73.978505000,40.785987000
178112,2014-08-08 17:22:50+00:00,-73.969717000,40.762893000,1.958846180,2.946995005,12.000000000,1,-73.981160000,40.730713000
100780,2014-08-08 17:51:00+00:00,-74.006680000,40.706000000,-1.089529368,-3.404495088,3.000000000,5,-74.005990000,40.706350000
193883,2014-08-08 18:08:15+00:00,-73.985649000,40.739889000,0.643632677,0.377715330,12.000000000,2,-73.992435000,40.753875000
77707,2014-08-08 18:14:52+00:00,-73.977999000,40.778714000,1.239350791,4.695072576,6.500000000,1,-73.969464000,40.787823000
108761,2014-08-08 18:45:00+00:00,-73.982552000,40.761780000,0.876950828,2.810802289,8.000000000,3,-73.975037000,40.752337000
188256,2014-08-08 19:49:03+00:00,-74.008695000,40.726080000,-1.284907678,-1.177407112,6.500000000,1,-74.016029000,40.715227000
28352,2014-08-08 19:51:30+00:00,-73.965022000,40.803571000,2.301837820,7.467242001,14.000000000,3,-74.002574000,40.760757000
54358,2014-08-08 19:55:00+00:00,-73.956372000,40.766950000,3.079864129,3.410664983,18.500000000,1,-73.992372000,40.724167000
12979,2014-08-08 21:21:07+00:00,-73.978072000,40.752425000,1.267181523,1.776722066,9.000000000,2,-73.993628000,40.738552000
42386,2014-08-08 22:16:00+00:00,-73.984270000,40.764607000,0.728309164,3.122940511,14.000000000,6,-73.962220000,40.812140000
26918,2014-08-09 00:01:46+00:00,-74.003420000,40.750810000,-0.870594908,1.572837590,15.000000000,3,-73.957775000,40.782110000
48373,2014-08-09 00:56:00+00:00,-73.986992000,40.718045000,0.558214822,-2.048428103,13.500000000,1,-73.955820000,40.684077000
114495,2014-08-09 01:35:00+00:00,-73.983900000,40.727062000,0.807785941,-1.044463182,6.000000000,1,-73.987672000,40.736055000
10685,2014-08-09 01:54:14+00:00,-73.980579000,40.730472000,1.083847879,-0.662678891,9.000000000,1,-73.995515000,40.749483000
50061,2014-08-09 02:12:44+00:00,-73.983769000,40.730162000,0.814865991,-0.700213833,24.000000000,1,-73.903377000,40.719421000
149748,2014-08-09 03:36:00+00:00,-74.002247000,40.734495000,-0.750985007,-0.237117263,6.500000000,5,-73.988077000,40.732067000
99076,2014-08-09 04:10:00+00:00,-74.006003000,40.741252000,-1.076634665,0.509358977,7.500000000,6,-73.993818000,40.761907000
188958,2014-08-09 06:25:11+00:00,-73.971435000,40.749592000,1.831145876,1.468783539,8.500000000,2,-74.002102000,40.755911000
149688,2014-08-09 06:32:40+00:00,-73.999448000,40.728266000,-0.506757468,-0.925889114,52.000000000,1,-73.788056000,40.644793000
107524,2014-08-09 09:50:09+00:00,-73.997777000,40.766342000,-0.413908424,3.302428687,43.830000000,1,-73.807744000,40.731822000
104683,2014-08-09 10:49:01+00:00,-74.003463000,40.726805000,-0.843975197,-1.091925885,6.000000000,1,-73.992905000,40.742662000
197553,2014-08-09 11:24:00+00:00,-74.008220000,40.737444000,-1.259043463,0.084527267,10.500000000,3,-73.978449000,40.752646000
117839,2014-08-09 12:28:00+00:00,-73.963085000,40.778107000,2.498653394,4.642461237,10.500000000,1,-73.984355000,40.762512000
192184,2014-08-09 13:16:05+00:00,-73.967493000,40.763091000,2.146302562,2.971181069,21.500000000,1,-74.008624000,40.733357000
19077,2014-08-09 13:20:00+00:00,-73.998412000,40.745377000,-0.440940173,0.974548374,9.500000000,1,-74.011188000,40.729147000
145974,2014-08-09 13:54:00+00:00,-73.990642000,40.750330000,0.208729190,1.531881616,5.500000000,1,-73.989632000,40.758082000
879,2014-08-09 15:02:59+00:00,-73.988171000,40.769606000,0.392657116,3.674063057,14.000000000,1,-73.977268000,40.736354000
66671,2014-08-09 16:03:54+00:00,-74.000900000,40.742378000,-0.647203470,0.639244222,7.000000000,2,-74.001664000,40.724504000
140156,2014-08-09 17:34:00+00:00,-73.986800000,40.742697000,0.542852132,0.688300941,7.500000000,1,-73.986800000,40.742697000
72642,2014-08-09 19:15:00+00:00,-73.978565000,40.750497000,1.228054640,1.562215432,11.000000000,1,-73.985275000,40.766982000
184918,2014-08-09 19:41:00+00:00,-73.960720000,40.769620000,2.709385604,3.702699568,5.500000000,1,-73.969390000,40.760280000
190325,2014-08-09 20:26:41+00:00,-73.995619000,40.764511000,-0.229446981,3.101256725,6.000000000,1,-73.991705000,40.755489000
87284,2014-08-09 20:43:00+00:00,-73.988287000,40.733005000,0.429704253,-0.389027253,8.500000000,1,-74.000597000,40.747635000
152665,2014-08-09 20:43:43+00:00,-73.994751000,40.725787000,-0.106955083,-1.196544394,17.000000000,1,-73.956904000,40.779869000
123894,2014-08-09 21:20:00+00:00,-73.981347000,40.741272000,1.005083135,0.535444273,5.500000000,1,-73.977285000,40.747880000
137336,2014-08-09 21:42:51+00:00,-73.988982000,40.728422000,0.376875296,-0.898447878,8.500000000,3,-73.974328000,40.747433000
125834,2014-08-09 22:06:49+00:00,-73.989975000,40.741795000,0.275939912,0.585083200,10.000000000,1,-73.975715000,40.764792000
190466,2014-08-09 22:08:00+00:00,-73.983270000,40.744222000,0.838928210,0.861033000,7.000000000,1,-73.971142000,40.755127000
18124,2014-08-09 22:11:51+00:00,-73.971228000,40.746689000,1.852398314,1.146734144,6.500000000,2,-73.961356000,40.765081000
110328,2014-08-09 23:29:24+00:00,-73.999530000,40.730112000,-0.516017147,-0.721049453,10.500000000,1,-73.993897000,40.751802000
196210,2014-08-10 00:05:00+00:00,-73.915408000,40.764087000,6.541123238,3.134782429,5.000000000,4,-73.911310000,40.772872000
44550,2014-08-10 00:29:00+00:00,-73.977402000,40.756417000,1.318577485,2.220522401,9.500000000,2,-74.003150000,40.733555000
65430,2014-08-10 02:05:00+00:00,-73.983800000,40.731852000,0.810076850,-0.512642433,11.500000000,1,-73.956055000,40.771872000
190796,2014-08-10 03:06:00+00:00,-74.005290000,40.739940000,-1.014784687,0.364399722,12.000000000,3,-73.974940000,40.761750000
165876,2014-08-10 04:55:00+00:00,-74.006457000,40.713622000,-1.080261486,-2.558191192,9.500000000,5,-74.006457000,40.713622000
115325,2014-08-10 09:03:00+00:00,-73.973922000,40.750952000,1.619425694,1.617295936,8.000000000,2,-73.991225000,40.750452000
157514,2014-08-10 10:51:35+00:00,-73.957754000,40.779301000,2.946934981,4.780336333,8.500000000,4,-73.960047000,40.797872000
78669,2014-08-10 11:15:34+00:00,-73.965872000,40.795280000,2.240993467,6.546026144,4.500000000,1,-73.973402000,40.784878000
173842,2014-08-10 11:18:00+00:00,-73.943025000,40.796722000,4.166512064,6.729083116,4.500000000,2,-73.941105000,40.790087000
115382,2014-08-10 13:44:00+00:00,-73.947970000,40.774672000,3.778706392,4.276336775,11.000000000,1,-73.978302000,40.772945000
80666,2014-08-10 15:23:12+00:00,-73.991546000,40.749911000,0.132947907,1.484492291,21.000000000,1,-73.980228000,40.676741000
174604,2014-08-10 16:48:20+00:00,-73.984822000,40.761913000,0.685179329,2.823347043,12.000000000,2,-73.957351000,40.782864000
119736,2014-08-10 17:43:20+00:00,-74.000960000,40.736725000,-0.645127677,0.011664028,6.000000000,2,-73.987860000,40.728745000
78198,2014-08-10 18:29:00+00:00,-73.991445000,40.749942000,0.141434841,1.488031492,7.000000000,1,-73.988655000,40.737122000
195171,2014-08-10 20:32:00+00:00,-73.800687000,40.668782000,16.368419247,-7.318778389,52.000000000,1,-73.979787000,40.774582000
41966,2014-08-10 21:14:00+00:00,-73.976290000,40.775660000,1.387519898,4.357736375,7.500000000,1,-73.956030000,40.776340000
86695,2014-08-10 21:38:00+00:00,-73.985085000,40.723950000,0.711706101,-1.391073756,15.000000000,1,-73.989190000,40.757915000
129415,2014-08-10 21:57:00+00:00,-73.949970000,40.783787000,3.597814641,5.286152465,57.330000000,1,-73.781720000,40.644360000
173777,2014-08-10 23:05:59+00:00,-73.978142000,40.757120000,1.255203582,2.297832982,5.000000000,1,-73.984015000,40.744772000
131007,2014-08-10 23:54:10+00:00,-73.789405000,40.647343000,17.354785947,-9.685579365,52.000000000,1,-73.991528000,40.760105000
81185,2014-08-11 00:36:42+00:00,-73.993267000,40.727798000,0.015810861,-0.971873924,5.000000000,1,-73.999415000,40.731263000
35824,2014-08-11 01:03:59+00:00,-73.987431000,40.719915000,0.518743072,-1.841273210,20.000000000,1,-73.939823000,40.793715000
153289,2014-08-11 07:58:00+00:00,-73.972675000,40.749697000,1.726327334,1.479213235,21.500000000,1,-74.010232000,40.721177000
45879,2014-08-11 08:45:00+00:00,-73.960220000,40.813202000,2.694218572,8.541157777,6.000000000,1,-73.969887000,40.797232000
147397,2014-08-11 13:08:25+00:00,-73.987578000,40.732680000,0.489989638,-0.424414362,32.330000000,1,-73.887300000,40.768527000
99710,2014-08-11 13:21:43+00:00,-73.969424000,40.758637000,1.989125519,2.474837290,7.500000000,1,-73.954166000,40.763987000
94227,2014-08-11 16:00:00+00:00,-73.968207000,40.762947000,2.086226087,2.954487055,10.500000000,1,-73.989852000,40.740155000
171359,2014-08-11 19:49:00+00:00,-73.992395000,40.750977000,0.059916282,1.602002813,14.000000000,1,-73.986997000,40.718132000
95607,2014-08-11 20:28:50+00:00,-73.872578000,40.774273000,10.141573987,4.311081697,21.000000000,2,-73.952158000,40.717173000
145470,2014-08-11 21:05:00+00:00,-73.971777000,40.763745000,1.783865123,3.039533872,8.000000000,1,-73.952935000,40.778537000
1751,2014-08-11 21:32:00+00:00,-73.989067000,40.691120000,0.417354033,-5.039294920,34.500000000,2,-73.946038000,40.807232000
156890,2014-08-11 21:46:00+00:00,-73.981815000,40.757852000,0.944217319,2.375486530,33.500000000,3,-73.851585000,40.691037000
78289,2014-08-12 02:59:21+00:00,-73.990251000,40.756624000,0.233698497,2.230941311,16.500000000,1,-73.922848000,40.766527000
20647,2014-08-12 07:04:01+00:00,-73.964643000,40.760447000,2.390317224,2.680511593,9.500000000,2,-73.985685000,40.741043000
50735,2014-08-12 07:46:00+00:00,-73.953452000,40.785540000,3.301688844,5.477237954,5.000000000,1,-73.962082000,40.776375000
33901,2014-08-12 08:45:00+00:00,-73.962528000,40.794657000,2.523922461,6.480200532,10.500000000,1,-73.984213000,40.767252000
114743,2014-08-12 10:46:48+00:00,-73.946959000,40.775830000,3.862480934,4.405907671,17.000000000,1,-73.991359000,40.730836000
101526,2014-08-12 14:20:00+00:00,-73.952908000,40.590707000,3.605297972,-16.149901685,52.000000000,1,-73.952898000,40.590735000
78003,2014-08-12 14:21:54+00:00,-73.977829000,40.783961000,1.246908113,5.277698152,10.500000000,1,-73.951338000,40.811138000
14293,2014-08-12 14:41:00+00:00,-74.006850000,40.713617000,-1.113450508,-2.559121657,5.500000000,6,-74.007662000,40.707897000
151967,2014-08-12 15:01:00+00:00,-73.954563000,40.769875000,3.228673028,3.737180440,13.000000000,1,-73.974478000,40.755547000
3911,2014-08-12 15:45:00+00:00,-73.990137000,40.737770000,0.267402138,0.138122441,12.500000000,1,-73.975370000,40.756053000
148429,2014-08-12 17:55:00+00:00,-73.990240000,40.756380000,0.234938699,2.203866198,6.000000000,4,-73.998540000,40.764080000
34648,2014-08-12 18:20:25+00:00,-73.968033000,40.802977000,2.048627863,7.398308997,7.500000000,1,-73.973323000,40.786822000
30103,2014-08-12 19:45:32+00:00,-73.988203000,40.739294000,0.428751386,0.309177484,19.000000000,1,-74.011790000,40.703314000
11726,2014-08-12 20:05:00+00:00,-73.984722000,40.757260000,0.699596151,2.306927030,13.500000000,6,-73.951047000,40.774917000
101054,2014-08-12 22:07:00+00:00,-74.007867000,40.730942000,-1.221080990,-0.636902538,18.000000000,2,-73.983999000,40.765600000
71615,2014-08-13 02:00:00+00:00,-73.977563000,40.784142000,1.269118305,5.298052206,11.500000000,1,-73.947715000,40.825060000
11445,2014-08-13 10:46:00+00:00,-73.990685000,40.751292000,0.203871021,1.638628850,6.000000000,1,-74.002927000,40.755370000
118605,2014-08-13 12:46:00+00:00,-73.953230000,40.779857000,3.327949459,4.846602768,4.500000000,5,-73.953665000,40.772757000
65440,2014-08-13 13:03:00+00:00,-73.953910000,40.778890000,3.271849364,4.738573485,4.500000000,1,-73.946260000,40.772870000
144880,2014-08-13 13:39:00+00:00,-73.871150000,40.773772000,10.262798939,4.257016346,46.830000000,5,-73.984902000,40.751737000
175380,2014-08-13 13:53:58+00:00,-73.975326000,40.754964000,1.495700981,2.061272759,57.330000000,1,-73.782539000,40.648821000
138229,2014-08-13 15:25:00+00:00,-73.975837000,40.760035000,1.445995412,2.623688041,11.000000000,1,-73.989215000,40.736462000
173217,2014-08-13 16:29:13+00:00,-73.979748000,40.781155000,1.088610996,4.964324611,6.000000000,1,-73.979685000,40.771230000
173532,2014-08-13 17:20:11+00:00,-73.992950000,40.752387000,0.011267590,1.757985291,12.500000000,1,-73.968247000,40.770460000
144616,2014-08-13 18:21:00+00:00,-73.978510000,40.751742000,1.231089156,1.700473592,52.000000000,5,-73.789790000,40.643055000
58817,2014-08-13 18:23:59+00:00,-73.982232000,40.775122000,0.886779100,4.292179335,4.500000000,1,-73.976483000,40.785668000
61057,2014-08-13 18:55:01+00:00,-73.966247000,40.789839000,2.216477621,5.941657688,6.000000000,1,-73.971828000,40.800225000
55786,2014-08-13 19:17:00+00:00,-73.989790000,40.756990000,0.272144755,2.272017880,11.500000000,1,-73.974643000,40.752307000
10218,2014-08-13 19:59:06+00:00,-73.974182000,40.760836000,1.584650870,2.714236863,20.000000000,1,-73.945747000,40.825267000
125976,2014-08-13 20:15:02+00:00,-73.952614000,40.768311000,3.395232521,3.565526194,6.500000000,2,-73.955483000,40.779298000
20977,2014-08-13 20:27:12+00:00,-73.993279000,40.729777000,0.012278679,-0.752203022,15.000000000,1,-73.951746000,40.710841000
41660,2014-08-13 22:54:05+00:00,-74.003216000,40.751414000,-0.854134859,1.640081512,5.000000000,1,-73.992795000,40.756796000
48151,2014-08-13 22:56:00+00:00,-73.974467000,40.753162000,1.570550416,1.862084450,24.000000000,1,-73.939327000,40.699155000
126848,2014-08-13 23:00:37+00:00,-73.981411000,40.764671000,0.969532042,3.132842437,15.500000000,1,-73.986826000,40.725642000
117446,2014-08-13 23:47:54+00:00,-74.008052000,40.741157000,-1.249515576,0.496856357,11.000000000,1,-73.987792000,40.721093000
110410,2014-08-14 07:15:26+00:00,-73.989466000,40.772732000,0.279367540,4.019813250,3.500000000,1,-73.987889000,40.769754000
108296,2014-08-14 07:53:00+00:00,-73.964060000,40.771030000,2.425655536,3.855886611,5.000000000,1,-73.972820000,40.761610000
73451,2014-08-14 09:47:56+00:00,-73.991922000,40.744227000,0.108452623,0.853162817,8.000000000,1,-73.989837000,40.751439000
27301,2014-08-14 13:14:00+00:00,-74.014155000,40.704517000,-1.719140219,-3.576230913,12.000000000,1,-74.000475000,40.723722000
140543,2014-08-14 15:45:05+00:00,-73.966577000,40.770605000,2.213791708,3.806202988,5.000000000,1,-73.958820000,40.779150000
166283,2014-08-14 16:55:00+00:00,-73.998878000,40.725422000,-0.455022691,-1.241043690,14.000000000,1,-73.984220000,40.750897000
199342,2014-08-14 17:00:00+00:00,-73.782140000,40.644812000,17.972940341,-9.958055839,57.330000000,3,-73.971417000,40.747815000
135873,2014-08-14 17:34:23+00:00,-73.973819000,40.757629000,1.619453810,2.358594071,5.500000000,1,-73.978764000,40.758448000
108504,2014-08-14 18:17:00+00:00,-73.954010000,40.766500000,3.279810491,3.363085511,28.500000000,1,-73.920990000,40.867450000
110110,2014-08-14 19:28:12+00:00,-73.969878000,40.799947000,1.896947673,7.060123524,8.500000000,1,-73.971613000,40.782277000
117496,2014-08-14 19:56:00+00:00,-73.997215000,40.684087000,-0.262201595,-5.827889147,18.000000000,1,-73.993577000,40.731997000
112729,2014-08-14 20:14:00+00:00,-73.997292000,40.747102000,-0.348570276,1.167115285,8.000000000,1,-74.009662000,40.740107000
147726,2014-08-14 21:21:00+00:00,-73.962852000,40.799377000,2.490390819,7.003836181,6.500000000,6,-73.978892000,40.777322000
93342,2014-08-14 21:26:11+00:00,-73.969163000,40.754063000,2.017120904,1.967347888,9.000000000,1,-73.976181000,40.728623000
140317,2014-08-14 21:32:00+00:00,-73.993155000,40.728387000,0.024519358,-0.906382457,8.000000000,3,-74.003712000,40.721542000
97475,2014-08-15 04:33:00+00:00,-73.885837000,40.747457000,9.060443111,1.319994516,7.000000000,1,-73.899037000,40.756705000
94575,2014-08-15 06:21:39+00:00,-73.989363000,40.726295000,0.347418320,-1.134929801,10.000000000,1,-74.013706000,40.714086000
97095,2014-08-15 06:42:28+00:00,-73.988771000,40.748566000,0.368935271,1.337883060,5.500000000,1,-73.975710000,40.761632000
11551,2014-08-15 07:06:00+00:00,-74.005682000,40.717637000,-1.019845833,-2.111759212,12.000000000,1,-73.985600000,40.759150000
21434,2014-08-15 09:49:00+00:00,-73.953055000,40.768357000,3.357952312,3.570188306,9.500000000,1,-73.972002000,40.750547000
186726,2014-08-15 09:56:00+00:00,-73.947443000,40.775395000,3.822216587,4.357129009,12.500000000,2,-73.973770000,40.757407000
145495,2014-08-15 10:11:08+00:00,-73.976777000,40.764825000,1.360451298,3.154488537,7.000000000,1,-73.983417000,40.750129000
98726,2014-08-15 10:25:09+00:00,-73.959147000,40.763248000,2.850531673,2.996932268,7.500000000,1,-73.974770000,40.752971000
103144,2014-08-15 10:51:58+00:00,-74.000947000,40.757346000,-0.670085415,2.300754634,11.000000000,1,-73.986547000,40.742844000
118074,2014-08-15 11:10:00+00:00,-74.003358000,40.740092000,-0.851851430,0.383123009,4.000000000,1,-74.007680000,40.736977000
105347,2014-08-15 11:44:33+00:00,-74.009645000,40.703566000,-1.336954784,-3.677512462,22.000000000,1,-73.956617000,40.772287000
122079,2014-08-15 13:46:00+00:00,-73.990240000,40.748602000,0.244872959,1.340451490,45.000000000,1,-73.870580000,40.773830000
106502,2014-08-15 15:08:36+00:00,-73.982503000,40.768331000,0.872653308,3.538060809,5.500000000,1,-73.973140000,40.759907000
54884,2014-08-15 15:38:00+00:00,-73.957357000,40.785952000,2.971658303,5.519048843,7.500000000,1,-73.976122000,40.781248000
33227,2014-08-15 16:45:00+00:00,-73.873840000,40.773810000,10.035733352,4.258316816,33.330000000,1,-73.970630000,40.755520000
106415,2014-08-15 17:04:00+00:00,-73.956425000,40.767157000,3.075117650,3.433590377,7.500000000,1,-73.950750000,40.782115000
132013,2014-08-15 17:13:00+00:00,-73.999415000,40.718827000,-0.492031588,-1.973649623,9.000000000,2,-73.983830000,40.730132000
117871,2014-08-15 18:04:00+00:00,-74.003142000,40.749097000,-0.844966504,1.382948822,71.000000000,1,-74.027825000,40.747802000
58178,2014-08-15 18:49:15+00:00,-73.991432000,40.749785000,0.142732584,1.470615968,8.000000000,1,-73.991679000,40.731441000
174494,2014-08-15 21:36:00+00:00,-74.016048000,40.710642000,-1.886672876,-2.898110116,20.000000000,1,-73.970852000,40.755910000
78480,2014-08-15 21:48:16+00:00,-73.986855000,40.733091000,0.550514995,-0.378086238,9.500000000,1,-74.004258000,40.747519000
120174,2014-08-15 22:46:31+00:00,-74.000477000,40.728795000,-0.594322851,-0.868156224,5.000000000,1,-73.992994000,40.723667000
169906,2014-08-15 22:55:00+00:00,-73.988347000,40.731730000,0.426268581,-0.530619463,5.000000000,6,-73.981320000,40.741215000
140919,2014-08-15 23:18:17+00:00,-73.991732000,40.734909000,0.136374359,-0.181016549,10.500000000,1,-73.988690000,40.719440000
134266,2014-08-15 23:37:06+00:00,-73.949878000,40.780630000,3.609773369,4.935792975,20.500000000,3,-73.988671000,40.718817000
5078,2014-08-16 00:49:00+00:00,-74.006695000,40.741505000,-1.135379042,0.536782381,7.000000000,6,-73.994320000,40.750897000
79168,2014-08-16 02:21:36+00:00,-73.977739000,40.763929000,1.280415652,3.054079292,24.000000000,1,-73.859877000,40.753060000
35898,2014-08-16 03:07:58+00:00,-73.955108000,40.812078000,3.126855020,8.421511188,16.000000000,1,-73.947727000,40.773620000
191089,2014-08-16 03:33:00+00:00,-74.001673000,40.740885000,-0.710583028,0.472768178,19.500000000,2,-73.919922000,40.756267000
174843,2014-08-16 08:05:00+00:00,-73.986895000,40.771555000,0.497847505,3.891659756,8.500000000,1,-73.959568000,40.774397000
63500,2014-08-16 10:42:06+00:00,-73.989571000,40.762552000,0.283521208,2.889654042,12.000000000,1,-73.997785000,40.735075000
15481,2014-08-16 10:47:14+00:00,-73.993697000,40.731144000,-0.024758969,-0.600861286,8.500000000,1,-73.986261000,40.751746000
171845,2014-08-16 11:54:49+00:00,-73.964717000,40.764035000,2.379371595,3.078733182,6.500000000,1,-73.949404000,40.773449000
51382,2014-08-16 14:13:00+00:00,-73.977695000,40.757857000,1.291982415,2.380084947,8.000000000,1,-73.963830000,40.761460000
116387,2014-08-16 16:33:44+00:00,-73.998238000,40.760422000,-0.445313775,2.644820210,10.000000000,1,-73.979110000,40.741362000
185382,2014-08-16 16:41:00+00:00,-73.969877000,40.682202000,2.050416675,-6.010416232,6.000000000,1,-73.958018000,40.675452000
79873,2014-08-16 17:03:51+00:00,-73.944473000,40.809230000,4.027639564,8.116105541,8.000000000,1,-73.960655000,40.818083000
156239,2014-08-16 18:30:00+00:00,-73.982293000,40.748772000,0.915557769,1.367071766,8.500000000,1,-73.993992000,40.735487000
135196,2014-08-16 18:51:00+00:00,-73.984110000,40.725367000,0.792228419,-1.232824963,18.000000000,1,-73.985328000,40.761282000
37267,2014-08-16 20:55:00+00:00,-73.976630000,40.752030000,1.389422789,1.734292639,12.000000000,6,-73.980340000,40.780230000
65055,2014-08-16 20:56:40+00:00,-73.981320000,40.752800000,0.992510485,1.815162129,15.000000000,1,-74.003901000,40.722460000
13115,2014-08-16 21:33:02+00:00,-73.992318000,40.743521000,0.075918935,0.774407894,20.830000000,2,-73.951074000,40.727818000
112323,2014-08-16 22:52:19+00:00,-73.990781000,40.750622000,0.196622068,1.564160788,8.000000000,1,-73.969526000,40.752010000
34189,2014-08-16 23:34:00+00:00,-73.966995000,40.760770000,2.191369036,2.714027206,7.500000000,5,-73.958977000,40.780890000
196135,2014-08-16 23:38:00+00:00,-73.945177000,40.803502000,3.975911149,7.479533915,14.500000000,2,-73.991257000,40.770517000
165581,2014-08-17 00:02:00+00:00,-74.007152000,40.715840000,-1.141748919,-2.312642610,12.500000000,1,-73.981303000,40.747085000
139985,2014-08-17 01:12:00+00:00,-73.985770000,40.757210000,0.611197258,2.300353690,9.500000000,1,-73.989250000,40.773270000
161081,2014-08-17 01:22:00+00:00,-74.005212000,40.740507000,-1.008912170,0.427415311,14.500000000,4,-73.988882000,40.718972000
151594,2014-08-17 02:01:00+00:00,-73.992677000,40.741253000,0.048498206,0.522295920,10.500000000,1,-73.989065000,40.722925000
77940,2014-08-17 02:02:00+00:00,-73.942018000,40.798112000,4.249602256,6.884409323,6.000000000,1,-73.956552000,40.802787000
176499,2014-08-17 04:02:00+00:00,-74.004982000,40.740847000,-0.989920526,0.465377784,12.500000000,1,-74.008163000,40.707697000
19916,2014-08-17 06:01:18+00:00,-73.976692000,40.750085000,1.386706345,1.518322345,7.000000000,1,-73.978977000,40.732727000
185172,2014-08-17 09:18:00+00:00,-73.944607000,40.779492000,4.056070265,4.814804328,11.500000000,1,-73.972847000,40.758452000
154314,2014-08-17 12:07:02+00:00,-73.960379000,40.769516000,2.738301365,3.691495741,6.500000000,1,-73.972997000,40.758579000
106881,2014-08-17 12:30:17+00:00,-73.978426000,40.751618000,1.238340521,1.686791221,3.500000000,1,-73.979866000,40.749117000
191839,2014-08-17 12:43:48+00:00,-73.962230000,40.779081000,2.569523357,4.751436210,6.500000000,2,-73.973587000,40.763300000
151432,2014-08-17 13:48:43+00:00,-73.990066000,40.735194000,0.276686713,-0.147762606,7.500000000,1,-73.991156000,40.748881000
198149,2014-08-17 14:28:00+00:00,-74.003002000,40.727942000,-0.806476971,-0.965269263,52.000000000,1,-73.789762000,40.643072000
101343,2014-08-17 14:57:00+00:00,-73.987743000,40.752072000,0.451232554,1.728074947,8.000000000,1,-73.984445000,40.761522000
125919,2014-08-17 15:03:38+00:00,-73.962439000,40.779034000,2.551948865,4.746010198,4.000000000,2,-73.967039000,40.772651000
171784,2014-08-17 15:32:00+00:00,-73.983220000,40.781840000,0.794758405,5.036962931,5.500000000,1,-73.987640000,40.771900000
161101,2014-08-17 16:33:00+00:00,-74.004615000,40.741930000,-0.960297215,0.585949676,9.000000000,3,-73.984025000,40.748987000
27973,2014-08-17 17:54:00+00:00,-74.004677000,40.747847000,-0.972980023,1.242719183,8.000000000,5,-73.999007000,40.734282000
161102,2014-08-17 18:23:00+00:00,-73.998107000,40.755897000,-0.428521354,2.142638165,7.000000000,1,-74.005317000,40.740525000
131423,2014-08-17 18:47:27+00:00,-73.783019000,40.648553000,17.892870564,-9.543809295,101.000000000,1,-74.035655000,40.724734000
89818,2014-08-17 19:46:00+00:00,-73.954320000,40.787322000,3.226092161,5.674180818,7.500000000,1,-73.955535000,40.777097000
116252,2014-08-18 05:56:00+00:00,-73.937765000,40.758267000,4.661948910,2.465631716,57.330000000,5,-73.966330000,40.764880000
159428,2014-08-18 06:56:00+00:00,-73.982422000,40.778987000,0.865768043,4.721038430,13.500000000,2,-73.991802000,40.746492000
85327,2014-08-18 07:41:00+00:00,-73.991520000,40.748315000,0.137178569,1.307349987,12.000000000,1,-73.964167000,40.765287000
53953,2014-08-18 07:54:00+00:00,-73.982062000,40.736777000,0.950500628,0.035767142,4.000000000,5,-73.986622000,40.734142000
142185,2014-08-18 08:50:00+00:00,-73.984165000,40.729107000,0.782780488,-0.817713081,5.500000000,2,-73.976758000,40.739317000
85463,2014-08-18 09:26:00+00:00,-74.005217000,40.744127000,-1.013888348,0.829255955,9.000000000,5,-73.994057000,40.728420000
191830,2014-08-18 15:18:00+00:00,-73.996357000,40.725312000,-0.241980830,-1.250824060,14.000000000,1,-74.011282000,40.704537000
86838,2014-08-18 15:39:00+00:00,-73.988297000,40.749337000,0.407964870,1.423930796,6.500000000,2,-73.976868000,40.750350000
37528,2014-08-18 17:22:11+00:00,-73.965988000,40.762086000,2.274645295,2.861114325,8.500000000,1,-73.973746000,40.779357000
129758,2014-08-18 17:42:27+00:00,-73.969380000,40.749289000,2.005026128,1.437183491,5.000000000,1,-73.961132000,40.760639000
67271,2014-08-18 19:07:33+00:00,-73.976991000,40.750339000,1.361135984,1.546223938,5.500000000,1,-73.974802000,40.759110000
181033,2014-08-18 20:18:33+00:00,-74.011947000,40.709270000,-1.538547615,-3.046522230,16.000000000,1,-73.977900000,40.752978000
150066,2014-08-18 20:30:00+00:00,-73.975695000,40.755072000,1.464412190,2.072897921,10.000000000,2,-73.951727000,40.769557000
172110,2014-08-18 20:50:00+00:00,-73.995792000,40.738877000,-0.211488736,0.255529808,8.500000000,5,-73.973735000,40.743972000
12925,2014-08-18 20:55:14+00:00,-73.998717000,40.724681000,-0.440488045,-1.323144650,6.000000000,1,-74.003514000,40.736282000
176149,2014-08-18 21:16:00+00:00,-73.970255000,40.759337000,1.918069247,2.551719073,9.500000000,1,-73.996968000,40.736502000
10801,2014-08-18 21:47:00+00:00,-74.006310000,40.751882000,-1.115914292,1.689070966,9.000000000,2,-73.984927000,40.767622000
20184,2014-08-18 21:58:00+00:00,-73.973062000,40.792757000,1.637701854,6.258823712,7.000000000,1,-73.960212000,40.781882000
73662,2014-08-19 04:00:52+00:00,-73.990289000,40.750659000,0.238109297,1.568745786,16.500000000,1,-73.921301000,40.744928000
80025,2014-08-19 08:40:31+00:00,-73.994238000,40.741177000,-0.083202733,0.512348126,6.500000000,2,-73.994331000,40.750215000
51296,2014-08-19 10:13:28+00:00,-73.952912000,40.768018000,3.370470271,3.532700702,6.000000000,1,-73.963245000,40.765723000
30443,2014-08-19 11:56:00+00:00,-73.982383000,40.773982000,0.875504435,4.165482673,7.000000000,1,-73.972955000,40.762752000
24614,2014-08-19 11:57:41+00:00,-73.982525000,40.767423000,0.871965518,3.437244358,7.500000000,1,-73.976606000,40.776465000
89531,2014-08-19 12:42:22+00:00,-73.951747000,40.782148000,3.450049728,5.102416650,5.500000000,2,-73.953447000,40.788282000
188799,2014-08-19 13:02:34+00:00,-73.973251000,40.752762000,1.673720410,1.818881750,7.000000000,1,-73.957537000,40.765725000
191641,2014-08-19 13:43:00+00:00,-73.919230000,40.792725000,6.179364352,6.309853141,21.830000000,1,-73.957440000,40.778455000
152576,2014-08-19 14:10:00+00:00,-73.942322000,40.787137000,4.238651852,5.665783935,4.000000000,5,-73.942322000,40.787137000
155173,2014-08-19 18:35:23+00:00,-73.972631000,40.752829000,1.725971908,1.826931763,5.000000000,1,-73.976631000,40.754329000
101657,2014-08-19 18:42:50+00:00,-73.970397000,40.789234000,1.867130087,5.870378631,8.500000000,1,-73.952986000,40.772339000
153822,2014-08-19 19:11:20+00:00,-74.007195000,40.740963000,-1.176914143,0.476139011,19.500000000,1,-73.957975000,40.780498000
17964,2014-08-19 20:03:00+00:00,-73.967152000,40.761147000,2.177624536,2.755721061,4.000000000,1,-73.960860000,40.766707000
64979,2014-08-19 20:41:00+00:00,-73.983647000,40.749820000,0.799903128,1.482082812,27.500000000,2,-73.979143000,40.675915000
139764,2014-08-20 06:47:00+00:00,-73.968935000,40.763312000,2.024303722,2.994282514,4.500000000,1,-73.970140000,40.756022000
102202,2014-08-20 10:55:00+00:00,-73.977062000,40.774835000,1.323440287,4.265394952,8.500000000,1,-73.968530000,40.761560000
121548,2014-08-20 12:27:00+00:00,-73.968333000,40.758982000,2.080766154,2.514217018,6.500000000,2,-73.956637000,40.773980000
161668,2014-08-20 12:55:00+00:00,-73.994682000,40.721420000,-0.095578135,-1.681244062,13.000000000,5,-73.974022000,40.757252000
169783,2014-08-20 13:06:00+00:00,-73.991590000,40.750008000,0.129109683,1.495217313,11.000000000,5,-73.985705000,40.762792000
126585,2014-08-20 13:44:00+00:00,-73.978405000,40.745215000,1.248386572,0.976032272,6.000000000,1,-73.974362000,40.756562000
108703,2014-08-20 14:57:00+00:00,-73.985322000,40.764505000,0.639649198,3.110590372,5.000000000,6,-73.993252000,40.757562000
164916,2014-08-20 17:31:47+00:00,-73.967291000,40.763620000,2.162661003,3.030104748,5.500000000,1,-73.975214000,40.752367000
182703,2014-08-20 18:42:06+00:00,-74.013908000,40.710489000,-1.705716096,-2.913066923,12.500000000,1,-74.006881000,40.751314000
188135,2014-08-20 20:56:14+00:00,-73.997424000,40.719434000,-0.324641239,-1.904350776,10.000000000,3,-73.992121000,40.749486000
20119,2014-08-20 21:35:36+00:00,-73.972049000,40.753908000,1.773699592,1.947284062,22.500000000,1,-73.890095000,40.749100000
54507,2014-08-20 22:05:26+00:00,-73.958354000,40.778097000,2.897892075,4.646081329,8.000000000,2,-73.981623000,40.778620000
195472,2014-08-20 22:54:50+00:00,-73.996720000,40.737279000,-0.287816657,0.077244722,7.000000000,1,-73.979864000,40.744026000
151697,2014-08-21 01:30:54+00:00,-73.996089000,40.690799000,-0.175562084,-5.081730249,20.500000000,2,-73.983545000,40.756004000
193245,2014-08-21 06:44:45+00:00,-73.971688000,40.758142000,1.798666070,2.417646635,6.500000000,1,-73.961650000,40.774009000
54621,2014-08-21 08:17:31+00:00,-74.001663000,40.746677000,-0.717051389,1.115730728,8.500000000,1,-73.989216000,40.768986000
109569,2014-08-21 08:45:00+00:00,-73.994538000,40.760752000,-0.133426684,2.685024684,6.500000000,1,-73.981503000,40.760337000
188559,2014-08-21 09:42:19+00:00,-73.971243000,40.754180000,1.841384608,1.978275363,9.000000000,1,-73.955073000,40.765643000
143605,2014-08-21 12:27:53+00:00,-73.974986000,40.792873000,1.475230354,6.269801478,14.000000000,1,-73.982075000,40.759049000
43308,2014-08-21 12:44:04+00:00,-74.014574000,40.714216000,-1.766615010,-2.499977367,23.500000000,1,-73.974480000,40.754875000
118138,2014-08-21 16:52:00+00:00,-73.977890000,40.754080000,1.280405797,1.960618182,40.830000000,2,-73.865610000,40.770900000
183830,2014-08-21 17:19:41+00:00,-73.967470000,40.763028000,2.148326152,2.964210435,10.500000000,1,-73.983574000,40.743744000
8812,2014-08-21 17:30:00+00:00,-73.984442000,40.742680000,0.741959254,0.688714475,16.000000000,1,-73.994005000,40.759012000
86351,2014-08-21 19:13:24+00:00,-73.985673000,40.752620000,0.625274439,1.790924548,5.500000000,1,-73.989073000,40.758975000
115129,2014-08-21 21:08:46+00:00,-73.977509000,40.779329000,1.279903208,4.763824288,12.000000000,2,-73.991734000,40.749346000
197396,2014-08-21 22:44:45+00:00,-73.995176000,40.754911000,-0.179853645,2.036013788,9.000000000,3,-73.971949000,40.757000000
58290,2014-08-21 22:55:27+00:00,-74.068071000,40.733030000,-6.307431363,-0.460825305,61.000000000,1,-74.068041000,40.733011000
189102,2014-08-21 23:27:00+00:00,-73.983322000,40.749620000,0.827597043,1.460199133,6.000000000,1,-73.974192000,40.747177000
118447,2014-08-21 23:29:00+00:00,-74.003922000,40.737997000,-0.896832816,0.150022908,8.000000000,1,-74.005750000,40.725647000
63760,2014-08-21 23:34:00+00:00,-73.986043000,40.674152000,0.694597686,-6.919900816,28.000000000,1,-73.901442000,40.717075000
97048,2014-08-21 23:36:00+00:00,-73.983480000,40.765990000,0.793208055,3.277236177,11.500000000,1,-73.953520000,40.779160000
90858,2014-08-22 01:40:12+00:00,-73.993849000,40.721126000,-0.024851865,-1.713074305,6.000000000,1,-74.000600000,40.728751000
66167,2014-08-22 01:55:00+00:00,-73.947205000,40.775942000,3.841572280,4.418091379,11.000000000,2,-73.984182000,40.774752000
71933,2014-08-22 06:57:00+00:00,-73.991203000,40.745160000,0.167965861,0.957429889,6.000000000,1,-73.981794000,40.752723000
149463,2014-08-22 06:57:00+00:00,-73.987430000,40.756967000,0.471385661,2.271760703,5.500000000,2,-73.994730000,40.763697000
145179,2014-08-22 07:57:28+00:00,-73.956092000,40.772817000,3.095746176,4.062228848,14.000000000,1,-73.984118000,40.743420000
82461,2014-08-22 08:12:00+00:00,-73.885292000,40.773047000,9.070366341,4.161273452,45.330000000,1,-73.973938000,40.757132000
2756,2014-08-22 10:18:20+00:00,-74.002853000,40.743907000,-0.814023495,0.807099047,7.500000000,1,-73.993305000,40.736338000
21334,2014-08-22 10:21:00+00:00,-73.998055000,40.755872000,-0.424100194,2.139913097,10.000000000,1,-73.990097000,40.742552000
2757,2014-08-22 10:54:02+00:00,-73.989613000,40.756202000,0.288092776,2.184716085,51.830000000,2,-73.829823000,40.768642000
109432,2014-08-22 10:58:00+00:00,-73.977945000,40.788992000,1.230611823,5.836065278,4.000000000,1,-73.975522000,40.785287000
12644,2014-08-22 11:28:00+00:00,-73.871100000,40.773852000,10.266904195,4.265951313,40.830000000,3,-73.989160000,40.746285000
95458,2014-08-22 12:53:00+00:00,-73.991460000,40.749980000,0.140120059,1.492235216,12.500000000,1,-73.972020000,40.756550000
90706,2014-08-22 14:24:59+00:00,-73.963018000,40.772407000,2.511787168,4.009783291,16.500000000,2,-73.975684000,40.754095000
176730,2014-08-22 14:42:00+00:00,-73.980170000,40.760060000,1.080224083,2.622203458,16.500000000,6,-73.988340000,40.731650000
198374,2014-08-22 17:35:10+00:00,-73.986730000,40.755862000,0.531890181,2.149779591,9.500000000,1,-74.002779000,40.760586000
189141,2014-08-22 17:43:00+00:00,-73.994465000,40.750317000,-0.113992092,1.526733843,9.500000000,1,-74.000827000,40.737320000
17744,2014-08-22 18:50:00+00:00,-73.985200000,40.753660000,0.663868797,1.906833775,7.500000000,1,-73.982640000,40.771720000
141827,2014-08-22 19:49:07+00:00,-73.983062000,40.693452000,0.921750110,-4.774573658,8.500000000,1,-73.962506000,40.681564000
92514,2014-08-22 20:16:38+00:00,-73.997464000,40.683729000,-0.282789695,-5.867869347,18.000000000,1,-73.999853000,40.730319000
101109,2014-08-22 20:34:57+00:00,-73.994160000,40.742485000,-0.078280829,0.657620834,6.500000000,1,-74.002730000,40.733390000
150504,2014-08-22 21:45:00+00:00,-73.982192000,40.723722000,0.956323264,-1.413555424,19.000000000,3,-73.995937000,40.764072000
119826,2014-08-22 22:04:04+00:00,-74.006087000,40.735780000,-1.076849605,-0.098151353,12.500000000,1,-73.988184000,40.774616000
15322,2014-08-22 23:23:00+00:00,-74.000040000,40.743162000,-0.575585037,0.727100555,13.000000000,1,-73.977570000,40.776965000
774,2014-08-23 02:41:00+00:00,-73.983210000,40.734950000,0.855915639,-0.168166020,16.000000000,2,-73.953570000,40.788012000
122525,2014-08-23 03:00:00+00:00,-73.949437000,40.802017000,3.618543116,7.310371571,13.000000000,1,-73.910127000,40.820682000
20021,2014-08-23 04:34:12+00:00,-73.958048000,40.713873000,3.008347013,-2.482947175,8.000000000,1,-73.942732000,40.700697000
14227,2014-08-23 09:54:00+00:00,-73.991580000,40.750150000,0.129772771,1.510990041,16.000000000,5,0.000000000,0.000000000
77380,2014-08-23 16:32:35+00:00,-74.011608000,40.704147000,-1.503512906,-3.614885467,17.000000000,2,-73.973644000,40.752212000
34572,2014-08-23 18:58:00+00:00,-73.982192000,40.774587000,0.890843726,4.232829353,5.500000000,1,-73.974013000,40.789147000
168623,2014-08-23 18:59:00+00:00,-73.990650000,40.745880000,0.213734666,1.037891779,6.000000000,5,-73.977430000,40.751450000
17606,2014-08-23 19:09:55+00:00,-73.984558000,40.748177000,0.725105995,1.298807683,10.000000000,1,-73.964845000,40.764283000
47459,2014-08-23 19:22:00+00:00,-73.776567000,40.645105000,18.443709183,-9.918990825,32.000000000,1,-73.718832000,40.751502000
102650,2014-08-23 19:34:16+00:00,-74.000475000,40.723990000,-0.588082348,-1.401541737,15.500000000,2,-73.985868000,40.752348000
90651,2014-08-23 19:41:59+00:00,-73.990015000,40.768358000,0.238626384,3.533732322,10.000000000,1,-73.974533000,40.754152000
145196,2014-08-23 19:58:57+00:00,-73.979075000,40.785035000,1.140385889,5.395696128,11.000000000,1,-74.006213000,40.748498000
39416,2014-08-23 21:33:00+00:00,-73.983247000,40.747230000,0.837002076,1.194965152,6.500000000,1,-73.971920000,40.762900000
198146,2014-08-23 22:31:53+00:00,-73.988670000,40.731035000,0.399881972,-0.608083491,6.500000000,1,-73.987202000,40.722370000
133394,2014-08-23 22:35:00+00:00,-73.991310000,40.750150000,0.152566245,1.511251972,3.500000000,1,-73.996900000,40.747440000
151508,2014-08-23 23:27:00+00:00,-73.986010000,40.740340000,0.612573969,0.427427381,11.500000000,1,-73.993070000,40.762640000
127712,2014-08-24 00:02:00+00:00,-73.983620000,40.725990000,0.832809236,-1.163188845,9.500000000,6,-73.993580000,40.712450000
5539,2014-08-24 00:53:32+00:00,-73.995281000,40.717492000,-0.141179115,-2.117857146,13.500000000,1,-73.963853000,40.757033000
97330,2014-08-24 01:48:47+00:00,-73.948840000,40.718420000,3.780071503,-1.968931409,14.500000000,1,-73.973177000,40.677852000
181903,2014-08-24 03:21:00+00:00,-73.986787000,40.756357000,0.526444201,2.204672687,9.000000000,1,-73.984335000,40.732145000
158411,2014-08-24 04:12:00+00:00,-73.986962000,40.748012000,0.522365014,1.278146208,10.000000000,1,-73.959153000,40.771657000
48912,2014-08-24 04:13:00+00:00,-73.882565000,40.747607000,9.336466830,1.340157480,4.000000000,2,-73.884890000,40.741812000
167367,2014-08-24 04:19:00+00:00,-73.994760000,40.718492000,-0.098445252,-2.006346972,14.500000000,5,-73.962547000,40.680827000
56401,2014-08-24 10:30:00+00:00,-74.006290000,40.708357000,-1.059543526,-3.142480480,13.500000000,1,-73.988952000,40.730732000
49059,2014-08-24 11:40:00+00:00,-73.960112000,40.773410000,2.755711134,4.124027182,4.000000000,6,-73.962770000,40.767360000
182121,2014-08-24 15:25:00+00:00,-73.959895000,40.762387000,2.788530598,2.900606016,4.000000000,1,-73.953898000,40.770262000
46002,2014-08-24 16:04:10+00:00,-74.004747000,40.723840000,-0.948678195,-1.422290613,7.500000000,1,-73.997313000,40.744997000
52785,2014-08-24 17:32:00+00:00,-74.003943000,40.747507000,-0.910585121,1.205679729,12.500000000,1,-73.974397000,40.778465000
151411,2014-08-24 19:04:00+00:00,-73.978240000,40.752890000,1.252398421,1.828175357,7.000000000,1,-73.967350000,40.756730000
30417,2014-08-24 23:59:00+00:00,-73.984527000,40.754730000,0.719306256,2.026268804,6.000000000,2,-73.978877000,40.745927000
122274,2014-08-25 04:20:00+00:00,-73.961900000,40.762867000,2.618668345,2.951885536,11.000000000,1,-73.994623000,40.750505000
126140,2014-08-25 06:24:56+00:00,-73.958611000,40.772270000,2.883884253,3.998980912,22.500000000,1,-74.012979000,40.704730000
26140,2014-08-25 07:32:34+00:00,-73.989636000,40.756805000,0.285380595,2.251631175,4.000000000,1,-73.982590000,40.759201000
102356,2014-08-25 11:10:00+00:00,-73.991065000,40.760615000,0.159893182,2.673181531,5.000000000,2,-74.000950000,40.762732000
72869,2014-08-25 11:19:00+00:00,-73.976525000,40.747767000,1.403805167,1.261171829,5.500000000,1,-73.971227000,40.756732000
152063,2014-08-25 11:19:47+00:00,-73.977489000,40.749724000,1.319890155,1.477464517,8.500000000,1,-73.971207000,40.764439000
45054,2014-08-25 12:16:00+00:00,-73.953980000,40.784832000,3.258075892,5.398112740,7.500000000,6,-73.960477000,40.771367000
34811,2014-08-25 13:16:00+00:00,-74.004772000,40.735357000,-0.965280810,-0.143849358,7.000000000,1,-73.991670000,40.726783000
119256,2014-08-25 14:29:00+00:00,-73.978000000,40.766537000,1.255014229,3.343330464,4.500000000,1,-73.982235000,40.774092000
189903,2014-08-25 15:07:00+00:00,-74.001855000,40.719907000,-0.699476237,-1.856107602,5.500000000,6,-74.009792000,40.711347000
27814,2014-08-25 16:04:00+00:00,-73.993295000,40.749757000,-0.014507585,1.465702090,11.500000000,1,-73.976870000,40.728867000
155335,2014-08-25 16:52:47+00:00,-73.976722000,40.788230000,1.334784766,5.752680457,10.000000000,1,-73.945447000,40.782243000
105097,2014-08-25 18:04:24+00:00,-73.994352000,40.722425000,-0.068985042,-1.569363216,7.000000000,1,-74.010784000,40.713500000
137366,2014-08-25 19:21:00+00:00,-74.004590000,40.751900000,-0.970737948,1.692714533,5.000000000,1,-73.991900000,40.759910000
21971,2014-08-25 21:07:00+00:00,-73.994052000,40.751145000,-0.080180122,1.619047376,5.000000000,1,-73.986655000,40.761370000
104975,2014-08-25 21:18:59+00:00,-73.994392000,40.760869000,-0.121252131,2.698153773,9.500000000,1,-73.972337000,40.749789000
198671,2014-08-26 00:03:00+00:00,-73.947290000,40.775820000,3.834561845,4.404462323,5.000000000,1,-73.958860000,40.768240000
129089,2014-08-26 07:12:00+00:00,-73.969072000,40.761045000,2.015697184,2.742492454,5.500000000,1,-73.979498000,40.758265000
112324,2014-08-26 08:58:00+00:00,-74.003842000,40.725487000,-0.874321845,-1.238595931,8.000000000,1,-74.001885000,40.716885000
156416,2014-08-26 09:24:08+00:00,-73.982176000,40.775260000,0.891327120,4.307553237,14.500000000,1,-73.981698000,40.752359000
186321,2014-08-26 10:17:00+00:00,-73.992135000,40.743777000,0.091043082,0.803003103,6.500000000,3,-74.007492000,40.752387000
25319,2014-08-26 10:32:00+00:00,-73.972992000,40.795122000,1.640532655,6.521427160,19.500000000,1,-73.969280000,40.749440000
83122,2014-08-26 11:10:06+00:00,-73.961487000,40.776965000,2.635001539,4.517285518,6.000000000,1,-73.969471000,40.763481000
109076,2014-08-26 12:01:00+00:00,-73.976670000,40.739665000,1.402049086,0.361648784,31.830000000,2,-73.874525000,40.747287000
65851,2014-08-26 13:28:00+00:00,-73.974715000,40.741997000,1.564093194,0.622443565,11.500000000,2,-74.001345000,40.740222000
145183,2014-08-26 13:29:00+00:00,-73.979037000,40.744157000,1.196395066,0.857965817,20.500000000,3,-73.991340000,40.691497000
75603,2014-08-26 18:11:42+00:00,-73.980389000,40.761123000,1.060367614,2.739989603,11.500000000,1,-74.008194000,40.748643000
132041,2014-08-26 20:03:41+00:00,-73.991937000,40.754790000,0.093718373,2.025717605,7.500000000,1,-73.987878000,40.738203000
3079,2014-08-26 22:08:00+00:00,-73.993360000,40.721760000,0.015640848,-1.642222763,5.500000000,3,-73.984060000,40.730360000
175114,2014-08-26 22:21:38+00:00,-74.003798000,40.726080000,-0.871352798,-1.172726789,8.000000000,1,-74.009644000,40.709274000
139090,2014-08-26 22:56:00+00:00,-73.995597000,40.738947000,-0.195112912,0.263488662,7.500000000,1,-73.994255000,40.756647000
76402,2014-08-26 23:02:12+00:00,-73.991510000,40.737630000,0.151650131,0.121248757,8.000000000,1,-73.980840000,40.758426000
194365,2014-08-26 23:58:45+00:00,-74.000219000,40.728709000,-0.572426758,-0.877454757,29.500000000,3,-73.920562000,40.676123000
59464,2014-08-27 00:02:48+00:00,-74.011138000,40.704429000,-1.464160448,-3.583134862,35.500000000,1,-73.924230000,40.743609000
78767,2014-08-27 00:29:15+00:00,-73.990138000,40.718020000,0.292532780,-2.054263451,6.500000000,2,-73.979425000,40.727484000
106548,2014-08-27 02:04:00+00:00,-73.986770000,40.741070000,0.547469761,0.507721609,9.500000000,1,-73.990460000,40.763337000
151151,2014-08-27 06:47:13+00:00,-73.965018000,40.769554000,2.346739114,3.691084890,9.500000000,1,-73.984173000,40.760900000
182853,2014-08-27 09:32:10+00:00,-73.873133000,40.774085000,10.095005502,4.289610314,41.330000000,4,-73.993352000,40.752560000
186559,2014-08-27 10:16:00+00:00,-73.986840000,40.748620000,0.531885517,1.345757490,32.000000000,1,-73.932310000,40.848690000
195157,2014-08-27 10:47:02+00:00,-73.993130000,40.727758000,0.027431228,-0.976181537,6.500000000,1,-73.993873000,40.735033000
92836,2014-08-27 11:31:00+00:00,-73.955463000,40.788247000,3.128430384,5.775714073,14.500000000,1,-73.982340000,40.767870000
179279,2014-08-27 11:59:54+00:00,-73.991438000,40.750218000,0.141673706,1.518676281,16.500000000,1,-74.016580000,40.715091000
195779,2014-08-27 12:22:00+00:00,-73.955480000,40.782540000,3.134541236,5.142173845,8.000000000,6,-73.967450000,40.770920000
31933,2014-08-27 12:49:00+00:00,-73.974808000,40.790492000,1.493337582,6.005666740,15.500000000,1,-73.969820000,40.758562000
21363,2014-08-27 13:03:10+00:00,-74.001672000,40.719619000,-0.683656903,-1.887901822,10.000000000,1,-73.996808000,40.716411000
72406,2014-08-27 13:24:00+00:00,-74.004552000,40.733317000,-0.944136596,-0.370092779,11.000000000,1,-73.984598000,40.747357000
91579,2014-08-27 13:28:32+00:00,-73.776721000,40.645311000,18.430369807,-9.896304607,20.500000000,1,-73.817160000,40.713245000
128529,2014-08-27 13:34:19+00:00,-73.997892000,40.725771000,-0.372195620,-1.201352508,12.500000000,2,-74.004693000,40.741912000
22198,2014-08-27 14:29:00+00:00,-74.016155000,40.710840000,-1.895957369,-2.876232096,42.500000000,1,-73.861417000,40.768102000
141211,2014-08-27 15:27:00+00:00,-74.000575000,40.732152000,-0.606840523,-0.495600513,4.000000000,1,-73.994317000,40.740542000
111012,2014-08-27 17:49:42+00:00,-73.955957000,40.776332000,3.102495054,4.452557132,6.000000000,3,-73.969527000,40.785158000
25243,2014-08-27 18:56:00+00:00,-73.874657000,40.774080000,9.966401554,4.287404238,40.330000000,1,-73.983075000,40.762737000
149338,2014-08-27 21:21:53+00:00,-73.953806000,40.778834000,3.280699452,4.732461707,6.500000000,1,-73.948625000,40.795185000
21110,2014-08-27 22:55:26+00:00,-73.968373000,40.764590000,2.070070564,3.136707817,6.500000000,1,-73.983452000,40.761277000
168222,2014-08-28 00:35:47+00:00,-74.002662000,40.739917000,-0.792865389,0.364364205,12.000000000,2,-74.014036000,40.702373000
140251,2014-08-28 06:59:00+00:00,-73.959373000,40.799213000,2.784088657,6.989108277,15.000000000,1,-73.995578000,40.749793000
140730,2014-08-28 07:09:00+00:00,-74.004660000,40.706957000,-0.920091464,-3.296330469,18.000000000,1,-73.954238000,40.765527000
76983,2014-08-28 09:14:17+00:00,-73.981837000,40.756227000,0.944453249,2.195077927,8.000000000,1,-73.970891000,40.758782000
105062,2014-08-28 10:55:00+00:00,-73.991175000,40.733010000,0.185829477,-0.391278421,5.500000000,1,-73.998887000,40.731897000
27438,2014-08-28 11:39:00+00:00,-73.962100000,40.767670000,2.595480325,3.484855698,4.500000000,5,-73.952980000,40.765090000
16433,2014-08-28 12:34:27+00:00,-74.005413000,40.740902000,-1.026379888,0.471070772,11.000000000,1,-73.975356000,40.764453000
30599,2014-08-28 15:43:00+00:00,-73.961805000,40.768157000,2.619738068,3.539211043,34.000000000,1,-73.948792000,40.723780000
75149,2014-08-28 16:15:28+00:00,-73.962548000,40.773018000,2.550649388,4.078078034,8.500000000,1,-73.972761000,40.758777000
94335,2014-08-28 17:27:00+00:00,-73.972837000,40.763277000,1.695005972,2.986534405,6.000000000,1,-73.966308000,40.770342000
29519,2014-08-28 18:26:49+00:00,-73.985218000,40.747115000,0.670749978,1.180273576,6.000000000,1,-73.979487000,40.752282000
144804,2014-08-28 18:41:00+00:00,-73.983310000,40.751382000,0.826344267,1.655805712,7.000000000,2,-73.968637000,40.762197000
50833,2014-08-28 20:01:00+00:00,-73.974942000,40.741747000,1.545251511,0.594467936,15.000000000,1,-73.932115000,40.761950000
119902,2014-08-28 20:32:00+00:00,-73.975525000,40.754792000,1.479125442,2.041983360,5.000000000,1,-73.966812000,40.760767000
180664,2014-08-28 20:43:42+00:00,-74.001561000,40.735930000,-0.694870769,-0.077163805,5.000000000,1,-74.003791000,40.740288000
153520,2014-08-28 20:49:26+00:00,-73.986548000,40.751572000,0.552752833,1.673735542,12.000000000,1,-73.952222000,40.772937000
88009,2014-08-28 21:11:36+00:00,-73.988797000,40.756922000,0.356052484,2.265434793,6.000000000,1,-73.978046000,40.763667000
1611,2014-08-28 22:18:00+00:00,-73.982380000,40.742560000,0.916207836,0.677409855,11.000000000,6,-73.950760000,40.769870000
85841,2014-08-29 05:31:03+00:00,-74.006916000,40.708072000,-1.112065993,-3.174715328,13.500000000,1,-73.980319000,40.680351000
114456,2014-08-29 06:06:16+00:00,-73.969643000,40.790265000,1.929401029,5.985575139,7.500000000,1,-73.987314000,40.770403000
56772,2014-08-29 07:53:00+00:00,-73.978852000,40.787682000,1.155780457,5.689753311,12.500000000,5,-73.992322000,40.749202000
114830,2014-08-29 07:58:15+00:00,-73.982404000,40.774667000,0.872850158,4.241502416,8.000000000,1,-73.973894000,40.758913000
185199,2014-08-29 08:20:58+00:00,-74.002871000,40.760453000,-0.836411625,2.643807258,13.000000000,1,-73.970670000,40.758981000
107815,2014-08-29 08:45:22+00:00,-73.965531000,40.768528000,2.304787020,3.576680323,18.500000000,1,-74.005741000,40.725796000
39711,2014-08-29 10:11:54+00:00,-74.004703000,40.723589000,-0.944646436,-1.450111172,14.500000000,1,-73.993755000,40.751795000
77776,2014-08-29 10:30:38+00:00,-73.985086000,40.753505000,0.673691190,1.889738925,4.500000000,1,-73.977701000,40.763472000
112622,2014-08-29 11:11:04+00:00,-73.964339000,40.807610000,2.354153943,7.916285362,18.500000000,2,-73.993079000,40.753773000
33461,2014-08-29 11:27:00+00:00,-73.870687000,40.773572000,10.302157735,4.235317599,28.500000000,1,-73.940662000,40.713880000
183969,2014-08-29 11:48:46+00:00,-73.961235000,40.760661000,2.677696268,2.707667027,10.500000000,1,-73.984228000,40.775398000
118919,2014-08-29 12:20:24+00:00,-73.980615000,40.764573000,1.036842378,3.122743957,11.000000000,1,-73.991700000,40.749448000
181729,2014-08-29 12:28:00+00:00,-73.987415000,40.776095000,0.448145676,4.395128070,5.500000000,2,-73.996007000,40.764145000
4837,2014-08-29 13:14:00+00:00,-73.959188000,40.771833000,2.835765379,3.949892604,5.000000000,1,-73.955603000,40.782183000
113695,2014-08-29 15:54:50+00:00,-74.007854000,40.745237000,-1.237917307,0.949953958,11.000000000,1,-74.010022000,40.717340000
128349,2014-08-29 17:20:00+00:00,-73.969447000,40.760425000,1.984853045,2.673295952,14.500000000,1,-74.004952000,40.738107000
61998,2014-08-29 17:31:00+00:00,-74.016962000,40.708142000,-1.960772777,-3.176490456,7.000000000,2,-74.012877000,40.716407000
98989,2014-08-29 17:36:12+00:00,-74.005892000,40.706205000,-1.023219771,-3.380985764,20.000000000,1,-73.992898000,40.752582000
26984,2014-08-29 18:36:00+00:00,-73.948630000,40.808932000,3.677411420,8.078811358,4.500000000,4,-73.952915000,40.802752000
53165,2014-08-29 18:36:00+00:00,-73.872980000,40.774292000,10.107622016,4.312754914,41.330000000,1,-73.986310000,40.757587000
151348,2014-08-30 00:25:00+00:00,-73.941610000,40.787785000,4.297857764,5.738442006,5.500000000,1,-73.953995000,40.784622000
115098,2014-08-30 00:29:36+00:00,-73.993962000,40.751236000,-0.072698208,1.629236125,7.500000000,1,-73.991175000,40.765739000
169763,2014-08-30 00:41:00+00:00,-74.005152000,40.719605000,-0.977556061,-1.892791311,7.500000000,1,-73.989627000,40.727792000
64707,2014-08-30 00:47:00+00:00,-73.955477000,40.707780000,3.233553114,-3.156731498,6.500000000,1,-73.965780000,40.712897000
24325,2014-08-30 00:50:00+00:00,-73.981303000,40.729177000,1.024377429,-0.807142451,6.500000000,1,-73.980473000,40.716742000
30518,2014-08-30 01:28:00+00:00,-73.976771000,40.749429000,1.380886124,1.445423793,13.000000000,1,-74.005526000,40.727449000
171886,2014-08-30 01:31:35+00:00,-73.988441000,40.774443000,0.363678868,4.210744360,6.000000000,1,-73.994485000,40.759300000
13616,2014-08-30 04:56:53+00:00,-73.920749000,40.756598000,6.100552409,2.297886162,19.500000000,2,-73.920913000,40.763193000
6996,2014-08-30 10:23:18+00:00,-73.950818000,40.779093000,3.532495317,4.764224439,9.500000000,1,-73.973352000,40.754366000
104113,2014-08-30 10:28:58+00:00,-73.964196000,40.760929000,2.427415698,2.734462535,5.500000000,1,-73.975347000,40.745590000
89418,2014-08-30 11:01:00+00:00,-73.989112000,40.756307000,0.330249232,2.196858906,9.000000000,1,-73.997737000,40.765965000
16132,2014-08-30 13:40:00+00:00,-73.976430000,40.760112000,1.395841865,2.631651573,9.500000000,1,-73.989892000,40.737735000
125360,2014-08-30 14:28:00+00:00,-73.987010000,40.764867000,0.496714453,3.149128846,6.000000000,1,-74.000875000,40.751597000
103852,2014-08-30 15:36:00+00:00,-73.776655000,40.645355000,18.435882412,-9.891342697,63.000000000,1,-73.986338000,40.674177000
71055,2014-08-30 16:28:00+00:00,-73.965657000,40.756052000,2.310478952,2.191624112,11.500000000,1,-73.991340000,40.751292000
83256,2014-08-30 16:35:39+00:00,-73.983044000,40.747673000,0.853570362,1.244339907,11.000000000,2,-73.955216000,40.785856000
81717,2014-08-30 16:50:00+00:00,-73.982077000,40.768692000,0.908141600,3.578551625,4.500000000,1,-73.986537000,40.762410000
97881,2014-08-30 17:14:44+00:00,-73.992933000,40.756008000,0.008090029,2.159959224,13.500000000,4,-73.987518000,40.722492000
142115,2014-08-30 17:36:19+00:00,-73.946770000,40.826570000,3.810765957,10.038666706,9.500000000,4,-73.922618000,40.817924000
143082,2014-08-30 18:09:14+00:00,-73.999612000,40.691781000,-0.474480026,-4.976117197,10.500000000,2,-73.996286000,40.662297000
121441,2014-08-30 19:45:00+00:00,-73.965840000,40.758390000,2.291972765,2.450977599,8.000000000,1,-73.987220000,40.744940000
99470,2014-08-30 20:06:00+00:00,-73.958890000,40.780892000,2.848978959,4.955811582,5.000000000,1,-73.972195000,40.786485000
18097,2014-08-30 20:52:57+00:00,-73.984397000,40.780088000,0.697694873,4.841326507,11.000000000,1,-73.991180000,40.750264000
16000,2014-08-30 20:55:44+00:00,-73.987657000,40.754605000,0.455248943,2.009340229,25.000000000,2,-73.939032000,40.847805000
43955,2014-08-30 23:15:00+00:00,-73.966792000,40.764097000,2.204154730,3.083551224,10.000000000,2,-73.991265000,40.750522000
195775,2014-08-30 23:52:20+00:00,-73.998754000,40.724724000,-0.443667213,-1.318406991,8.000000000,1,-74.008838000,40.738268000
113025,2014-08-31 00:38:05+00:00,-73.990481000,40.745344000,0.228686938,0.978556029,6.500000000,4,-74.005724000,40.738102000
141226,2014-08-31 03:24:00+00:00,-73.978862000,40.724117000,1.237044331,-1.366442722,7.500000000,1,-73.996312000,40.732687000
20262,2014-08-31 09:05:00+00:00,-73.937773000,40.758277000,4.661260190,2.466733618,28.500000000,6,-73.815600000,40.724700000
171718,2014-08-31 12:15:00+00:00,-73.981350000,40.779150000,0.956017359,4.740182689,8.500000000,5,-73.965440000,40.792942000
40461,2014-08-31 15:28:00+00:00,-73.987320000,40.759730000,0.477131339,2.578581339,57.330000000,3,-73.790910000,40.644400000
70544,2014-08-31 16:55:08+00:00,-74.005480000,40.706539000,-0.988835504,-3.343515692,14.500000000,1,-73.982797000,40.739313000
93818,2014-08-31 17:11:26+00:00,-73.986131000,40.743584000,0.598198322,0.787416458,4.500000000,1,-73.978199000,40.752183000
198655,2014-08-31 20:02:06+00:00,-73.789883000,40.647023000,17.314859310,-9.721657663,52.000000000,1,-73.789882000,40.647023000
48617,2014-08-31 20:38:07+00:00,-74.005559000,40.745629000,-1.044651656,0.995661394,9.500000000,2,-73.980742000,40.759224000
147219,2014-08-31 21:30:00+00:00,-73.997283000,40.714217000,-0.306120530,-2.483336182,15.500000000,1,-73.999998000,40.761342000
106106,2014-08-31 23:22:57+00:00,-73.979722000,40.766245000,1.110055084,3.309224709,20.500000000,1,-73.939973000,40.825485000
145260,2014-09-01 00:20:00+00:00,-73.986745000,40.721477000,0.574680990,-1.667212454,5.000000000,1,-73.981212000,40.714322000
29817,2014-09-01 00:43:55+00:00,-73.962902000,40.799260000,2.486326544,6.990798316,13.500000000,2,-73.939567000,40.842665000
92324,2014-09-01 02:04:42+00:00,-73.951774000,40.725343000,3.523090777,-1.203392451,25.500000000,1,-74.008747000,40.647738000
129114,2014-09-01 03:36:00+00:00,-74.001465000,40.730965000,-0.680496226,-0.628220757,18.000000000,1,-73.942538000,40.800715000
41519,2014-09-01 04:55:32+00:00,-73.968223000,40.759032000,2.089985902,2.519876564,13.000000000,1,-73.957410000,40.801664000
6885,2014-09-01 09:35:00+00:00,-73.958750000,40.778020000,2.864577068,4.637136962,8.000000000,1,-73.972560000,40.756240000
164912,2014-09-01 12:37:27+00:00,-73.984015000,40.768080000,0.745367256,3.508719032,4.500000000,4,-73.971757000,40.763135000
63728,2014-09-01 16:09:39+00:00,-73.981937000,40.732083000,0.967097659,-0.485177305,4.500000000,1,-73.978838000,40.740763000
80457,2014-09-01 19:02:00+00:00,-73.961240000,40.650132000,2.822360399,-9.561782309,12.000000000,2,-73.985550000,40.668757000
151139,2014-09-01 19:15:00+00:00,-73.982690000,40.763817000,0.862681139,3.036789556,12.500000000,1,-74.007502000,40.743227000
121438,2014-09-01 20:08:59+00:00,-73.966576000,40.772107000,2.211911984,3.972937646,4.000000000,1,-73.958240000,40.774603000
105560,2014-09-01 22:21:00+00:00,-73.966070000,40.753980000,2.278326335,1.961205813,11.500000000,1,-73.937370000,40.796970000
147424,2014-09-01 22:37:54+00:00,-73.982204000,40.745871000,0.926805663,1.045126903,16.000000000,1,-73.962363000,40.709013000
57834,2014-09-02 02:51:26+00:00,-73.919575000,40.759228000,6.196057923,2.591056063,5.000000000,1,-73.932275000,40.764765000
54124,2014-09-02 07:07:00+00:00,-73.990260000,40.719272000,0.280630599,-1.915401596,11.500000000,1,-73.977252000,40.752162000
196326,2014-09-02 07:26:45+00:00,-74.010197000,40.703239000,-1.383178266,-3.714337075,19.500000000,4,-73.952429000,40.768744000
119757,2014-09-02 07:53:35+00:00,-73.952216000,40.784231000,3.407713138,5.333173571,7.000000000,1,-73.968945000,40.785843000
100181,2014-09-02 08:08:48+00:00,-73.948087000,40.782561000,3.758330456,5.151960466,10.500000000,1,-73.967989000,40.762272000
155480,2014-09-02 08:24:00+00:00,-73.975900000,40.751400000,1.451863964,1.665076862,5.000000000,1,-73.967270000,40.751890000
13354,2014-09-02 08:58:00+00:00,-73.989707000,40.755865000,0.280588673,2.147215250,7.000000000,5,-73.979897000,40.759535000
59500,2014-09-02 09:24:00+00:00,-74.010735000,40.711482000,-1.438933165,-2.799823746,4.000000000,1,-74.006052000,40.717277000
72053,2014-09-02 10:12:00+00:00,-74.010642000,40.717672000,-1.438817786,-2.112605168,3.500000000,2,-74.014158000,40.713837000
114888,2014-09-02 11:10:00+00:00,-74.000947000,40.731620000,-0.637581326,-0.555013672,4.500000000,1,-73.998937000,40.737377000
13873,2014-09-02 12:12:00+00:00,-73.872785000,40.774199000,10.124210768,4.302642584,33.830000000,1,-73.966186000,40.752898000
6282,2014-09-02 12:29:00+00:00,-73.984200000,40.746057000,0.758052976,1.063822105,8.000000000,6,-73.979683000,40.757347000
196634,2014-09-02 12:33:29+00:00,-73.990206000,40.756995000,0.237023133,2.272168755,9.500000000,1,-73.970086000,40.757693000
52109,2014-09-02 13:19:46+00:00,-73.776706000,40.645405000,18.431492974,-9.885852353,63.000000000,1,-73.958369000,40.730593000
188681,2014-09-02 14:36:01+00:00,-74.003934000,40.753027000,-0.916779640,1.818447983,7.000000000,1,-73.987889000,40.745034000
1272,2014-09-02 15:04:00+00:00,-73.975058000,40.757982000,1.514411043,2.396557412,5.500000000,1,-73.974182000,40.751000000
97191,2014-09-02 16:32:02+00:00,-73.986473000,40.756633000,0.552595848,2.235616806,11.000000000,1,-74.005970000,40.723107000
38388,2014-09-02 18:04:00+00:00,-73.971960000,40.757500000,1.776541404,2.346110812,13.000000000,1,-73.952000000,40.777590000
199555,2014-09-02 18:21:00+00:00,-74.006130000,40.751235000,-1.099905705,1.617421376,7.000000000,6,-73.987690000,40.750030000
15098,2014-09-02 18:50:44+00:00,-73.993982000,40.751333000,-0.074510014,1.639984474,18.000000000,1,-74.007701000,40.703259000
109611,2014-09-02 19:32:00+00:00,-73.971912000,40.786465000,1.742911643,5.561497744,10.500000000,6,-73.983860000,40.760415000
47520,2014-09-02 20:31:00+00:00,-73.782317000,40.644662000,17.958204765,-9.974914037,57.330000000,2,-73.959232000,40.767832000
74166,2014-09-02 21:38:43+00:00,-73.961231000,40.777103000,2.656423058,4.532860404,4.500000000,2,-73.969622000,40.785460000
32567,2014-09-02 21:52:00+00:00,-73.863155000,40.769902000,10.943071449,3.836127360,36.330000000,5,-73.996002000,40.740962000
167150,2014-09-02 22:16:51+00:00,-73.969365000,40.753688000,2.000557869,1.925519826,5.000000000,1,-73.979039000,40.740500000
86551,2014-09-02 22:41:39+00:00,-73.975746000,40.687126000,1.548078973,-5.469618939,10.000000000,1,-73.979126000,40.670782000
60354,2014-09-02 23:12:00+00:00,-73.978965000,40.752442000,1.191774790,1.777731761,12.500000000,2,-73.974470000,40.788587000
32620,2014-09-03 08:16:00+00:00,-73.994722000,40.755620000,-0.142431166,2.115156891,9.500000000,1,-73.986993000,40.741427000
11136,2014-09-03 08:20:00+00:00,-73.980515000,40.734317000,1.084296166,-0.235794358,18.500000000,1,-74.013338000,40.709465000
15296,2014-09-03 08:49:00+00:00,-73.974262000,40.791352000,1.538286533,6.101672379,4.000000000,1,-73.969672000,40.794902000
87408,2014-09-03 11:25:00+00:00,-73.985535000,40.735607000,0.658750986,-0.097505583,22.500000000,1,-73.982397000,40.772567000
180241,2014-09-03 11:54:28+00:00,-73.969542000,40.754568000,1.984469216,2.023030904,4.500000000,1,-73.974896000,40.760405000
52337,2014-09-03 12:03:00+00:00,-74.001165000,40.736732000,-0.662446148,0.012244113,8.500000000,5,-74.003432000,40.758982000
199465,2014-09-03 13:18:38+00:00,-73.984288000,40.753766000,0.740719872,1.919491196,7.000000000,1,-73.973876000,40.757105000
48498,2014-09-03 14:59:31+00:00,-74.012571000,40.716764000,-1.600610326,-2.215232705,9.000000000,1,-74.004742000,40.740603000
99163,2014-09-03 15:16:00+00:00,-73.962362000,40.779185000,2.558248125,4.762849258,13.000000000,1,-73.967175000,40.757040000
37505,2014-09-03 15:18:00+00:00,-73.873640000,40.773852000,10.052551649,4.263195866,33.830000000,2,-73.991953000,40.737745000
7060,2014-09-03 15:27:34+00:00,-73.968705000,40.764664000,2.041952515,3.144592961,38.830000000,2,-73.870755000,40.774088000
103355,2014-09-03 15:59:00+00:00,-73.957210000,40.783257000,2.987618520,5.220029583,15.500000000,1,-73.965130000,40.755145000
184736,2014-09-03 17:46:54+00:00,-73.983990000,40.721512000,0.807313865,-1.660638848,21.500000000,1,-73.982433000,40.763107000
60436,2014-09-03 18:52:00+00:00,-74.009050000,40.733360000,-1.324008364,-0.369616228,6.500000000,1,-74.004820000,40.741840000
48317,2014-09-03 19:43:13+00:00,-73.987785000,40.738118000,0.465550052,0.179040072,3.000000000,1,-73.989158000,40.736452000
152039,2014-09-03 20:07:39+00:00,-73.978368000,40.758915000,1.233806738,2.496869241,5.000000000,2,-73.971553000,40.756157000
166467,2014-09-03 20:19:00+00:00,-73.970766000,40.755350000,1.880127433,2.108626197,14.000000000,1,-73.962760000,40.794070000
80647,2014-09-03 21:00:08+00:00,-73.958528000,40.742889000,2.929597849,0.737551225,14.830000000,1,-73.958528000,40.742889000
179157,2014-09-03 22:01:48+00:00,-73.987486000,40.719915000,0.514097853,-1.841326769,21.000000000,2,-73.989298000,40.768279000
149906,2014-09-03 22:10:41+00:00,-73.989381000,40.758694000,0.304490628,2.461572005,8.500000000,1,-73.983055000,40.781424000
7258,2014-09-03 23:57:07+00:00,-73.989528000,40.733800000,0.323896055,-0.301983572,15.500000000,1,-74.009162000,40.704569000
58905,2014-09-04 02:20:17+00:00,-73.976915000,40.751962000,1.365451669,1.726463630,5.000000000,1,-73.987998000,40.749373000
82563,2014-09-04 07:34:32+00:00,-73.990670000,40.718338000,0.247193874,-2.019479884,15.000000000,1,-74.007541000,40.747877000
915,2014-09-04 09:20:00+00:00,-74.016580000,40.706930000,-1.926997754,-3.310668915,13.500000000,1,-73.998280000,40.722750000
140774,2014-09-04 09:45:00+00:00,-73.985967000,40.746377000,0.608462772,1.097619435,4.500000000,1,-73.992303000,40.737862000
2950,2014-09-04 09:47:49+00:00,-73.983120000,40.693378000,0.916944641,-4.782844835,14.000000000,1,-74.008605000,40.737612000
25604,2014-09-04 13:04:02+00:00,-74.001087000,40.727700000,-0.644452822,-0.990294875,8.500000000,2,-73.990309000,40.741818000
5442,2014-09-04 14:13:00+00:00,-73.959642000,40.775380000,2.792781328,4.343182951,8.000000000,2,-73.978263000,40.778172000
172095,2014-09-04 14:49:00+00:00,-74.002145000,40.721855000,-0.726426303,-1.640145014,9.000000000,1,-74.013532000,40.716300000
28929,2014-09-04 14:52:05+00:00,-73.982001000,40.765593000,0.918547380,3.234613475,48.330000000,1,-73.861717000,40.768327000
141032,2014-09-04 16:47:29+00:00,-73.975666000,40.781843000,1.432162652,5.044712673,14.500000000,1,-73.997106000,40.742101000
94314,2014-09-04 18:47:00+00:00,-73.988367000,40.763250000,0.384250987,2.968308238,10.000000000,3,-73.975058000,40.787642000
133377,2014-09-04 19:19:00+00:00,-73.957870000,40.781960000,2.933639438,5.075390258,8.500000000,5,-73.939540000,40.805130000
66226,2014-09-04 20:43:04+00:00,-73.992319000,40.764030000,0.049693149,3.051055727,8.500000000,1,-73.964072000,40.765327000
162336,2014-09-04 21:53:00+00:00,-73.999270000,40.749330000,-0.518381108,1.412533400,8.500000000,5,-74.007600000,40.725810000
132497,2014-09-04 22:12:00+00:00,-73.984938000,40.732448000,0.713215302,-0.447593930,9.000000000,6,-73.984957000,40.750100000
36449,2014-09-04 22:48:20+00:00,-73.963597000,40.761797000,2.476837240,2.831414137,4.500000000,1,-73.970199000,40.762533000
185496,2014-09-04 23:15:00+00:00,-73.940897000,40.792757000,4.351349693,6.291101311,6.000000000,1,-73.953085000,40.776062000
198816,2014-09-05 00:11:00+00:00,-73.967013000,40.756917000,2.194884742,2.286297308,36.330000000,2,-73.843385000,40.695037000
60164,2014-09-05 01:28:00+00:00,-73.986430000,40.761230000,0.550331227,2.745959888,15.500000000,5,-73.915695000,40.760622000
132180,2014-09-05 03:31:00+00:00,-73.999495000,40.743827000,-0.530412602,0.801444590,18.500000000,1,-73.964330000,40.807297000
80364,2014-09-05 09:12:00+00:00,-73.977347000,40.758557000,1.320451713,2.458132448,7.500000000,1,-73.974710000,40.748575000
155999,2014-09-05 09:25:39+00:00,-73.973502000,40.762880000,1.639393066,2.941807533,17.000000000,1,-73.999592000,40.725125000
148731,2014-09-05 09:26:12+00:00,-73.966094000,40.758874000,2.269899596,2.504452597,6.500000000,1,-73.970023000,40.750748000
99951,2014-09-05 10:24:57+00:00,-73.956117000,40.767996000,3.100004353,3.527035125,3.000000000,1,-73.960361000,40.769655000
83757,2014-09-05 10:42:00+00:00,-73.955572000,40.782713000,3.126549641,5.161285789,24.000000000,5,-73.996548000,40.725462000
133808,2014-09-05 10:55:07+00:00,-73.993256000,40.748037000,-0.009025071,1.274807458,6.000000000,1,-74.005506000,40.750840000
166141,2014-09-05 13:18:00+00:00,-73.965928000,40.805535000,2.222842614,7.684360661,7.500000000,1,-73.972065000,40.786880000
161629,2014-09-05 13:48:00+00:00,-73.999870000,40.754832000,-0.575994076,2.022717825,15.500000000,2,-73.955453000,40.776835000
88348,2014-09-05 15:38:48+00:00,-73.985690000,40.759933000,0.614456173,2.602704968,9.000000000,1,-73.991133000,40.750367000
168484,2014-09-05 16:03:00+00:00,-73.873047000,40.774085000,10.102263082,4.289703549,13.000000000,1,-73.913327000,40.776597000
88187,2014-09-05 20:02:00+00:00,-73.991202000,40.749997000,0.161878854,1.494372657,16.000000000,1,-73.954887000,40.777602000
30910,2014-09-05 21:29:10+00:00,-73.961310000,40.774422000,2.653280589,4.235169347,11.000000000,1,-73.990661000,40.761285000
121173,2014-09-05 23:08:00+00:00,-73.977252000,40.755122000,1.332914744,2.076915353,6.500000000,1,-73.967088000,40.760897000
124336,2014-09-05 23:42:00+00:00,-73.985890000,40.719460000,0.649476919,-1.890279457,12.000000000,1,-74.008370000,40.707790000
73048,2014-09-06 00:04:16+00:00,-73.941440000,40.843514000,4.237485571,11.925020300,33.000000000,1,-73.988887000,40.756314000
46256,2014-09-06 00:31:00+00:00,-73.980015000,40.726785000,1.136229486,-1.071408185,10.000000000,1,-74.003117000,40.738172000
55933,2014-09-06 00:57:00+00:00,-73.974712000,40.753987000,1.548798423,1.953423892,40.000000000,1,-73.934393000,40.664070000
165950,2014-09-06 00:57:00+00:00,-74.000652000,40.677267000,-0.544032851,-6.588257710,15.000000000,1,-73.951932000,40.701457000
57511,2014-09-06 01:16:00+00:00,-73.990280000,40.756477000,0.231438307,2.214595061,35.000000000,5,-73.970590000,40.691747000
48474,2014-09-06 01:26:07+00:00,-73.986675000,40.739991000,0.556873435,0.388037552,24.500000000,2,-73.886690000,40.747302000
29746,2014-09-06 02:03:00+00:00,-74.006705000,40.744022000,-1.139385069,0.816177510,9.500000000,5,-73.982342000,40.767247000
14677,2014-09-06 04:11:59+00:00,-73.986665000,40.733168000,0.566460295,-0.369353542,26.000000000,1,-73.929979000,40.831678000
10359,2014-09-06 04:22:03+00:00,-74.002477000,40.749862000,-0.789791340,1.468507161,10.500000000,1,-73.970553000,40.768122000
7371,2014-09-06 06:22:22+00:00,-73.904060000,40.771530000,7.488606917,3.972917152,19.500000000,1,-73.959058000,40.773318000
26211,2014-09-06 08:16:00+00:00,-73.996402000,40.725977000,-0.246624863,-1.177048002,8.000000000,1,-74.009700000,40.737537000
19243,2014-09-06 09:54:00+00:00,-73.986892000,40.725545000,0.557055977,-1.215780169,11.000000000,1,-73.982567000,40.747597000
138252,2014-09-06 10:08:33+00:00,-73.971141000,40.755229000,1.848629745,2.094823099,8.000000000,1,-73.954116000,40.778544000
40059,2014-09-06 10:11:00+00:00,-73.776534000,40.645455000,18.445958980,-9.880099726,57.330000000,1,-73.938422000,40.799995000
93430,2014-09-06 11:02:00+00:00,-73.989942000,40.757362000,0.258838875,2.313164931,6.000000000,1,-73.979572000,40.762977000
13188,2014-09-06 12:53:00+00:00,-73.981410000,40.768127000,0.965162478,3.516485669,34.500000000,1,-73.872300000,40.774432000
170329,2014-09-06 13:05:00+00:00,-73.965210000,40.771922000,2.327434501,3.953760123,4.000000000,1,-73.958667000,40.772477000
28217,2014-09-06 14:36:00+00:00,-73.977987000,40.737235000,1.293990474,0.090606094,4.000000000,1,-73.981695000,40.740582000
198988,2014-09-06 14:44:00+00:00,-73.957253000,40.774217000,2.995920044,4.216474558,11.500000000,1,-73.978973000,40.777257000
121918,2014-09-06 14:51:08+00:00,-73.962928000,40.773394000,2.518087200,4.119437789,8.500000000,1,-73.966730000,40.762099000
11002,2014-09-06 15:47:00+00:00,-73.986690000,40.729917000,0.568514330,-0.730261396,9.500000000,6,-74.003810000,40.718400000
180310,2014-09-06 15:57:22+00:00,-73.959098000,40.780425000,2.832042827,4.903762545,4.000000000,1,-73.952768000,40.789220000
46113,2014-09-06 16:08:27+00:00,-73.964135000,40.807937000,2.370931925,7.952788433,13.000000000,1,-73.982554000,40.772351000
165421,2014-09-06 17:00:00+00:00,-73.999463000,40.724707000,-0.503522463,-1.320976598,18.000000000,5,-73.955920000,40.767787000
12123,2014-09-06 17:07:00+00:00,-73.954232000,40.765872000,3.261904691,3.293149297,14.500000000,1,-73.988085000,40.736537000
171392,2014-09-06 18:07:00+00:00,-74.002333000,40.755410000,-0.784635958,2.084513462,18.500000000,1,-73.955757000,40.773797000
41414,2014-09-06 18:48:59+00:00,-73.997537000,40.724361000,-0.340428616,-1.357529807,7.500000000,1,-74.008775000,40.710827000
126517,2014-09-06 19:14:00+00:00,-73.973832000,40.751277000,1.626601600,1.653462157,16.000000000,1,-74.004215000,40.707372000
135228,2014-09-06 19:28:15+00:00,-73.948736000,40.744895000,3.753665587,0.970087208,2.500000000,1,-73.948737000,40.744894000
6346,2014-09-06 19:45:00+00:00,-73.978235000,40.741217000,1.267905182,0.532392631,6.000000000,5,-73.985322000,40.731915000
28623,2014-09-06 19:51:00+00:00,-74.008797000,40.704262000,-1.266188240,-3.599444131,19.000000000,2,-73.972805000,40.755552000
137722,2014-09-06 21:12:31+00:00,-73.984777000,40.728934000,0.731321024,-0.837515022,11.000000000,3,-73.998429000,40.713697000
60827,2014-09-07 02:37:30+00:00,-73.912214000,40.762559000,6.812809173,2.968499722,8.000000000,1,-73.934220000,40.757461000
133793,2014-09-07 02:47:00+00:00,-73.988700000,40.738762000,0.387468013,0.249638184,12.000000000,1,-73.954412000,40.775642000
52257,2014-09-07 02:51:58+00:00,-73.959872000,40.687985000,2.888304125,-5.358509243,25.500000000,1,-73.965317000,40.771931000
114625,2014-09-07 02:52:46+00:00,-73.991569000,40.726778000,0.160504869,-1.083455400,11.000000000,1,-74.016387000,40.710331000
157906,2014-09-07 03:30:00+00:00,-73.979510000,40.761532000,1.134032836,2.786254179,6.500000000,1,-73.993555000,40.749887000
129279,2014-09-07 04:16:00+00:00,-74.006495000,40.744072000,-1.121718018,0.821928518,9.500000000,1,-73.983772000,40.731875000
197493,2014-09-07 08:39:00+00:00,-73.937765000,40.758267000,4.661948910,2.465631716,230.000000000,2,-74.382200000,40.700890000
37624,2014-09-07 09:16:00+00:00,-73.970787000,40.796180000,1.825175452,6.641054940,10.500000000,1,-73.978783000,40.765810000
23756,2014-09-07 10:08:00+00:00,-73.987698000,40.757662000,0.447873341,2.348649841,4.500000000,1,-73.977252000,40.760007000
72400,2014-09-07 12:08:42+00:00,-73.991553000,40.735201000,0.151116707,-0.148428915,8.500000000,1,-73.990639000,40.756046000
36046,2014-09-07 12:28:38+00:00,-73.974502000,40.749906000,1.571819234,1.500609979,8.000000000,1,-73.971027000,40.764952000
120869,2014-09-07 12:34:00+00:00,-73.984420000,40.724750000,0.766840556,-1.301619002,5.000000000,1,-73.984220000,40.732100000
106981,2014-09-07 15:36:29+00:00,-74.004540000,40.725482000,-0.933262642,-1.239819458,52.000000000,1,-73.806502000,40.659765000
10753,2014-09-07 18:40:17+00:00,-73.983554000,40.765313000,0.787833078,3.202011692,13.000000000,4,-73.999023000,40.732361000
128446,2014-09-07 19:07:07+00:00,-73.988159000,40.754133000,0.413476905,1.956456048,11.500000000,1,-74.008976000,40.726979000
106802,2014-09-07 20:27:51+00:00,-73.981927000,40.773033000,0.915208937,4.060582845,8.000000000,2,-73.968039000,40.757993000
22187,2014-09-07 20:48:34+00:00,-73.994048000,40.720108000,-0.040364335,-1.826271645,11.000000000,4,-74.007259000,40.748731000
187669,2014-09-08 00:13:00+00:00,-73.781987000,40.644762000,17.985954019,-9.963427011,34.000000000,1,-73.928827000,40.689485000
49264,2014-09-08 03:14:14+00:00,-73.986004000,40.759901000,0.587993136,2.598846406,11.500000000,1,-73.986004000,40.759901000
16791,2014-09-08 06:41:17+00:00,-73.999183000,40.727884000,-0.483895432,-0.968038663,11.500000000,1,-73.972995000,40.759586000
142219,2014-09-08 06:54:57+00:00,-73.866666000,40.771120000,10.645011058,3.967501529,42.830000000,1,-73.992133000,40.738174000
129554,2014-09-08 08:20:34+00:00,-73.978992000,40.736323000,1.210309060,-0.011619767,18.000000000,1,-74.006743000,40.726465000
178034,2014-09-08 09:35:00+00:00,-73.984257000,40.737625000,0.764071761,0.127754358,8.500000000,2,-73.999343000,40.743990000
105202,2014-09-08 13:22:00+00:00,-73.991490000,40.739222000,0.151308611,0.297991335,15.000000000,1,-73.970828000,40.764405000
180762,2014-09-08 13:27:39+00:00,-73.782147000,40.644655000,17.972589791,-9.975492052,58.000000000,1,-73.929402000,40.713032000
92017,2014-09-08 14:03:00+00:00,-74.000388000,40.742558000,-0.604202818,0.659717639,17.500000000,1,-73.966033000,40.770952000
157372,2014-09-08 15:09:49+00:00,-73.986053000,40.758686000,0.585415628,2.463924573,26.330000000,3,-73.927417000,40.743938000
65573,2014-09-08 16:36:00+00:00,-73.927802000,40.781175000,5.471848786,5.018829652,41.830000000,5,-73.981905000,40.762742000
195310,2014-09-08 17:16:00+00:00,-73.958543000,40.778492000,2.881422684,4.689740084,10.500000000,1,-73.983790000,40.770817000
172071,2014-09-08 17:52:03+00:00,-73.961115000,40.761192000,2.687127225,2.766731978,5.500000000,1,-73.951211000,40.774506000
31198,2014-09-08 17:58:00+00:00,-73.945958000,40.773417000,3.950171867,4.139060073,16.000000000,1,-73.984373000,40.752550000
41883,2014-09-08 18:07:00+00:00,-73.965230000,40.759050000,2.342598871,2.524849576,8.000000000,4,-73.981640000,40.738722000
131718,2014-09-08 19:33:00+00:00,-73.974878000,40.742027000,1.550292106,0.625613047,7.000000000,1,-73.966640000,40.759895000
71789,2014-09-08 20:46:00+00:00,-73.980403000,40.780347000,1.034384046,4.873987557,6.000000000,2,-73.967567000,40.798012000
130086,2014-09-08 21:58:00+00:00,-73.992355000,40.724665000,0.096818951,-1.318774751,11.500000000,1,-73.984892000,40.755207000
30313,2014-09-08 22:17:00+00:00,-73.966735000,40.784267000,2.182592538,5.322635556,8.500000000,2,-73.966735000,40.784267000
7087,2014-09-08 22:20:35+00:00,-73.968984000,40.750356000,2.037065603,1.556020981,4.000000000,1,-73.963178000,40.755160000
197149,2014-09-08 22:55:56+00:00,-73.998363000,40.724651000,-0.410553888,-1.326133894,17.500000000,2,-73.959539000,40.771341000
165784,2014-09-08 23:06:00+00:00,-74.002117000,40.740382000,-0.747436083,0.416505406,9.500000000,2,-73.986937000,40.766352000
58545,2014-09-09 00:20:00+00:00,-73.989752000,40.733687000,0.305125621,-0.314745032,10.000000000,1,-73.984527000,40.764752000
62898,2014-09-09 07:01:00+00:00,-73.960560000,40.773130000,2.718272278,4.092496913,23.500000000,1,-74.009030000,40.707480000
194780,2014-09-09 07:06:26+00:00,-73.964176000,40.767773000,2.420134639,3.494218801,6.000000000,1,-73.975414000,40.751797000
1565,2014-09-09 07:35:13+00:00,-73.978731000,40.753432000,1.210249586,1.887858892,9.000000000,1,-73.995880000,40.764228000
145899,2014-09-09 08:39:23+00:00,-73.967495000,40.759051000,2.151410929,2.522708505,11.500000000,1,-73.984655000,40.748156000
159514,2014-09-09 09:13:49+00:00,-73.985908000,40.748942000,0.610154033,1.382410510,9.000000000,2,-73.983383000,40.734508000
21121,2014-09-09 09:17:00+00:00,-73.976823000,40.755785000,1.368270259,2.150935407,7.000000000,1,-73.971637000,40.763072000
44328,2014-09-09 09:29:59+00:00,-73.962542000,40.776498000,2.546586963,4.464391340,13.000000000,1,-73.984127000,40.767258000
183286,2014-09-09 10:23:00+00:00,-73.973092000,40.758422000,1.679790359,2.447340890,7.000000000,1,-73.966827000,40.767360000
39637,2014-09-09 10:50:52+00:00,-73.979742000,40.770961000,1.102279048,3.832717138,10.500000000,1,-73.957678000,40.774478000
47346,2014-09-09 11:19:24+00:00,-73.957397000,40.774416000,2.983505337,4.238420682,8.500000000,1,-73.968488000,40.769813000
51007,2014-09-09 11:26:01+00:00,-73.978159000,40.749890000,1.263113631,1.495232973,33.000000000,1,-73.873114000,40.774420000
64036,2014-09-09 11:48:00+00:00,-73.977155000,40.760132000,1.334620384,2.633158131,8.000000000,1,-73.985937000,40.744332000
157139,2014-09-09 12:49:43+00:00,-73.981964000,40.740239000,0.954318745,0.420169579,3.500000000,1,-73.981853000,40.743208000
87607,2014-09-09 12:50:13+00:00,-74.005265000,40.735269000,-1.006798519,-0.154089757,19.500000000,2,-73.978239000,40.762170000
55020,2014-09-09 13:19:00+00:00,-73.981130000,40.769200000,0.987410509,3.635871266,8.000000000,1,-73.964770000,40.775490000
31706,2014-09-09 14:37:00+00:00,-73.786840000,40.653215000,17.562667217,-9.030760369,124.000000000,2,-73.424920000,40.763515000
183751,2014-09-09 14:59:00+00:00,-73.957070000,40.775825000,3.009241167,4.395158826,18.500000000,1,-73.987277000,40.748957000
53383,2014-09-09 17:10:00+00:00,-74.014562000,40.703442000,-1.752184110,-3.695948413,5.500000000,2,-74.006067000,40.704417000
136575,2014-09-09 17:13:01+00:00,-74.005937000,40.740295000,-1.069859177,0.403188388,15.500000000,1,-74.016134000,40.706342000
143724,2014-09-09 19:51:00+00:00,-73.979235000,40.761125000,1.157770056,2.741344114,7.500000000,6,-73.982655000,40.766900000
181097,2014-09-09 21:26:03+00:00,-73.970635000,40.754775000,1.891934344,2.044926622,5.500000000,1,-73.976834000,40.749203000
177915,2014-09-09 21:34:05+00:00,-73.987143000,40.762592000,0.488404302,2.896457151,12.500000000,2,-73.955048000,40.783286000
113632,2014-09-09 22:56:23+00:00,-73.993718000,40.720368000,-0.012823826,-1.797090597,6.500000000,1,-74.002826000,40.733803000
58869,2014-09-09 23:39:00+00:00,-73.996637000,40.742660000,-0.287635878,0.674653614,7.000000000,3,-74.009275000,40.728950000
157157,2014-09-09 23:45:10+00:00,-73.954210000,40.774691000,3.252091391,4.272149308,10.000000000,1,-73.984510000,40.769815000
30055,2014-09-10 03:27:00+00:00,-74.003997000,40.741942000,-0.908134206,0.587873619,31.000000000,1,-73.896035000,40.733980000
40822,2014-09-10 07:13:20+00:00,-73.954250000,40.719163000,3.322157728,-1.891908418,4.000000000,2,-73.960986000,40.712068000
139885,2014-09-10 07:34:04+00:00,-73.993601000,40.762087000,-0.056037197,2.834126300,7.500000000,1,-73.974392000,40.755716000
35347,2014-09-10 07:43:00+00:00,-73.988250000,40.737590000,0.426963044,0.119975753,11.000000000,1,-73.969710000,40.761060000
25096,2014-09-10 08:07:54+00:00,-73.991896000,40.725781000,0.134160398,-1.194446270,13.000000000,1,-73.969218000,40.751118000
81423,2014-09-10 09:09:00+00:00,-73.992462000,40.749442000,0.056216328,1.431541770,7.000000000,2,-74.004795000,40.749652000
53859,2014-09-10 09:16:00+00:00,-73.988222000,40.753602000,0.408838326,1.897449842,3.500000000,1,-73.989902000,40.751825000
93280,2014-09-10 09:27:44+00:00,-73.987480000,40.758874000,0.464722479,2.483403128,57.330000000,2,-73.782160000,40.644286000
39341,2014-09-10 09:52:42+00:00,-74.006550000,40.731819000,-1.110969128,-0.538292023,8.000000000,1,-73.997892000,40.741008000
50396,2014-09-10 10:03:34+00:00,-73.975123000,40.765286000,1.499454045,3.207292398,27.000000000,1,-73.861838000,40.768506000
191489,2014-09-10 10:47:42+00:00,-73.973307000,40.760858000,1.658478264,2.717542830,5.000000000,1,-73.965733000,40.771314000
83715,2014-09-10 11:13:00+00:00,-73.972352000,40.786268000,1.706043162,5.539194055,15.500000000,6,-73.971717000,40.760145000
180294,2014-09-10 13:17:16+00:00,-73.980512000,40.751393000,1.062533748,1.659766860,10.000000000,1,-73.971095000,40.761577000
11163,2014-09-10 14:33:48+00:00,-73.992326000,40.738183000,0.082045630,0.181844441,6.500000000,1,-73.997865000,40.725774000
21301,2014-09-10 18:15:00+00:00,-73.977883000,40.746152000,1.291245999,1.080559111,10.000000000,1,-74.000015000,40.738907000
184775,2014-09-10 18:48:00+00:00,-73.963585000,40.764547000,2.474244209,3.136697078,5.000000000,2,-73.956177000,40.763522000
123993,2014-09-10 18:50:00+00:00,-73.978688000,40.766625000,1.196833597,3.352422964,11.500000000,1,-73.947345000,40.779412000
41407,2014-09-10 19:56:00+00:00,-73.921932000,40.767197000,5.986236429,3.473230638,6.000000000,1,-73.928797000,40.775737000
19445,2014-09-10 20:24:56+00:00,-73.987474000,40.738391000,0.491459959,0.209647822,6.500000000,2,-73.998360000,40.735462000
52360,2014-09-10 21:08:17+00:00,-74.002136000,40.734384000,-0.741472114,-0.249332502,5.000000000,1,-73.991201000,40.736638000
8686,2014-09-10 21:20:08+00:00,-73.988186000,40.769324000,0.391752216,3.642744308,11.500000000,1,-73.952246000,40.771239000
51100,2014-09-10 21:55:11+00:00,-73.996633000,40.742999000,-0.287728311,0.712288874,6.000000000,1,-74.003945000,40.727893000
95437,2014-09-10 22:27:00+00:00,-73.974110000,40.763937000,1.586703387,3.058542354,14.500000000,1,-73.949733000,40.761977000
144896,2014-09-10 22:43:00+00:00,-73.981258000,40.759690000,0.988865273,2.580063917,24.500000000,5,-73.943967000,40.712320000
2396,2014-09-10 23:07:00+00:00,-73.989015000,40.758225000,0.335984313,2.409865400,13.000000000,3,-73.953882000,40.770307000
17309,2014-09-10 23:23:00+00:00,-73.983330000,40.730350000,0.851695951,-0.678915363,19.000000000,3,-73.948960000,40.797220000
190346,2014-09-11 00:54:39+00:00,-73.998440000,40.724880000,-0.417346675,-1.300787526,19.000000000,1,-73.942822000,40.681817000
180369,2014-09-11 07:10:16+00:00,-73.997732000,40.729264000,-0.363109427,-0.813451588,21.000000000,1,-73.969903000,40.796987000
56865,2014-09-11 07:38:00+00:00,-73.960252000,40.770367000,2.747900037,3.786090376,14.000000000,1,-73.983232000,40.755237000
112980,2014-09-11 07:42:41+00:00,-73.982210000,40.773672000,0.890503195,4.131239650,7.000000000,1,-73.983442000,40.761140000
117469,2014-09-11 08:22:49+00:00,-73.965029000,40.806625000,2.297244996,7.806254695,9.500000000,1,-73.981276000,40.786619000
120890,2014-09-11 09:32:00+00:00,-73.960043000,40.762225000,2.776251814,2.882474711,11.500000000,1,-73.974500000,40.787357000
44101,2014-09-11 12:29:00+00:00,-73.953250000,40.778340000,3.328271441,4.678183522,13.000000000,1,-73.964920000,40.806540000
165580,2014-09-11 13:15:00+00:00,-74.009060000,40.703980000,-1.288052901,-3.630998560,23.500000000,1,-73.985710000,40.750460000
132983,2014-09-11 14:46:36+00:00,-73.980252000,40.761691000,1.071198519,2.803176248,11.000000000,1,-73.991135000,40.750712000
19090,2014-09-11 14:48:22+00:00,-73.998104000,40.724535000,-0.388533771,-1.338761140,2.500000000,1,-73.998336000,40.724554000
20147,2014-09-11 15:07:06+00:00,-73.997238000,40.684341000,-0.264466898,-5.799715805,4.000000000,1,-73.991514000,40.685163000
143380,2014-09-11 15:58:39+00:00,-74.006478000,40.738598000,-1.113405238,0.214292448,13.000000000,1,-73.988354000,40.722718000
45954,2014-09-11 16:07:00+00:00,-73.935825000,40.744947000,4.843634105,0.988995132,7.500000000,3,-73.905260000,40.738585000
154436,2014-09-11 16:08:00+00:00,-73.973805000,40.760115000,1.617408266,2.634572522,14.000000000,1,-73.948832000,40.776692000
92577,2014-09-11 17:43:00+00:00,-73.997340000,40.749727000,-0.355951493,1.458462835,4.500000000,1,-74.003612000,40.751662000
86516,2014-09-11 18:40:33+00:00,-73.962508000,40.755064000,2.577591861,2.085086605,13.500000000,1,-73.985142000,40.757851000
176797,2014-09-11 18:56:00+00:00,-74.004570000,40.724202000,-0.934185453,-1.381936756,11.000000000,2,-73.985060000,40.757930000
41673,2014-09-11 20:25:00+00:00,-73.976027000,40.744115000,1.450577460,0.856263762,5.500000000,1,-73.989163000,40.748922000
172525,2014-09-11 21:00:46+00:00,-73.953760000,40.779009000,3.284349405,4.751934402,4.500000000,1,-73.944954000,40.776784000
100156,2014-09-11 21:07:49+00:00,-73.988490000,40.737866000,0.406345344,0.150380169,11.500000000,1,-73.981701000,40.771751000
156285,2014-09-11 21:55:00+00:00,-73.952268000,40.777407000,3.412374382,4.575602445,3.500000000,2,-73.951110000,40.775977000
101633,2014-09-11 22:33:00+00:00,-74.004017000,40.742732000,-0.910817850,0.675550014,6.500000000,1,-73.988597000,40.746425000
181433,2014-09-11 22:38:00+00:00,-73.993158000,40.741475000,0.007603984,0.546473567,2.500000000,1,-73.993162000,40.741450000
156856,2014-09-11 22:59:00+00:00,-73.971318000,40.755288000,1.833611707,2.101197380,5.500000000,1,-73.960487000,40.761482000
64654,2014-09-12 07:09:00+00:00,-74.003817000,40.748092000,-0.900684808,1.270739628,7.500000000,1,-73.988212000,40.763187000
35651,2014-09-12 08:48:08+00:00,-73.959965000,40.713511000,2.846900998,-2.525050783,15.500000000,1,-73.984472000,40.710176000
61946,2014-09-12 09:06:08+00:00,-73.808245000,40.702550000,15.678751455,-3.578979738,9.000000000,2,-73.808245000,40.702550000
106579,2014-09-12 09:14:00+00:00,-73.999305000,40.746247000,-0.517433901,1.070264646,10.500000000,6,-73.978622000,40.744917000
13036,2014-09-12 09:47:04+00:00,-74.001187000,40.746320000,-0.676414297,1.076558381,22.000000000,1,-73.956786000,40.813912000
38243,2014-09-12 10:26:12+00:00,-73.988938000,40.748242000,0.355251069,1.301754296,7.500000000,1,-73.976998000,40.758520000
155197,2014-09-12 12:29:00+00:00,-73.995322000,40.717435000,-0.144569655,-2.124224138,7.500000000,2,-74.004647000,40.730362000
192146,2014-09-12 12:33:00+00:00,-73.982223000,40.742970000,0.928935615,0.723076470,5.000000000,1,-73.984908000,40.739272000
44432,2014-09-12 12:57:00+00:00,-73.959768000,40.762632000,2.798927591,2.927929962,5.500000000,1,-73.950535000,40.775317000
19957,2014-09-12 15:45:59+00:00,-73.983031000,40.764276000,0.833309139,3.087408368,8.500000000,1,-73.970471000,40.756923000
185778,2014-09-12 16:53:00+00:00,-73.873025000,40.774142000,10.104038381,4.296054876,24.000000000,1,-73.961150000,40.716240000
159424,2014-09-12 18:32:00+00:00,-73.960458000,40.761650000,2.741979907,2.818230248,5.500000000,3,-73.959960000,40.767812000
160873,2014-09-12 19:56:00+00:00,-73.952990000,40.783170000,3.343811149,5.214614077,16.000000000,1,-74.000410000,40.761960000
98787,2014-09-12 21:39:00+00:00,-73.998660000,40.734652000,-0.448297362,-0.216240747,10.500000000,5,-73.991687000,40.731865000
32073,2014-09-12 22:21:49+00:00,-73.982590000,40.741894000,0.899334453,0.603273575,6.500000000,2,-73.992050000,40.749030000
114787,2014-09-12 22:34:00+00:00,-73.981458000,40.778982000,0.947120487,4.721427541,6.500000000,1,-73.968072000,40.799630000
185610,2014-09-12 22:48:00+00:00,-73.982490000,40.756840000,0.888542793,2.262486129,13.000000000,2,-73.947305000,40.772772000
47613,2014-09-12 23:11:31+00:00,-73.950016000,40.780453000,3.598363883,4.916005147,9.500000000,1,-73.966188000,40.763228000
90746,2014-09-13 00:17:54+00:00,-73.998903000,40.734832000,-0.469044090,-0.196493506,5.000000000,1,-73.983617000,40.728295000
262,2014-09-13 01:41:42+00:00,-73.988312000,40.724045000,0.439053388,-1.383672978,5.000000000,1,-73.981047000,40.736230000
164067,2014-09-13 01:47:54+00:00,-74.004171000,40.741267000,-0.921975090,0.512777206,9.000000000,2,-73.994828000,40.755485000
167910,2014-09-13 02:18:03+00:00,-73.998352000,40.730551000,-0.417096187,-0.671183272,17.500000000,2,-73.970154000,40.786559000
187924,2014-09-13 03:19:36+00:00,-74.008532000,40.720445000,-1.264079686,-1.802774174,6.500000000,1,-74.006367000,40.706753000
182426,2014-09-13 03:42:50+00:00,-73.978816000,40.744974000,1.213998501,0.948875751,10.000000000,1,-73.985436000,40.721868000
92054,2014-09-13 10:13:00+00:00,-73.870960000,40.773842000,10.278733191,4.264993286,36.330000000,6,-73.984288000,40.759875000
82947,2014-09-13 10:46:00+00:00,-73.990440000,40.731102000,0.250329761,-0.602366179,12.000000000,2,-73.976430000,40.765267000
176162,2014-09-13 11:22:00+00:00,-74.014137000,40.712377000,-1.727412149,-2.703703974,15.000000000,1,-73.985592000,40.746997000
196214,2014-09-13 12:10:00+00:00,-73.966817000,40.757037000,2.211272619,2.299812983,11.500000000,6,-73.990550000,40.723417000
124266,2014-09-13 12:11:00+00:00,-73.865357000,40.770700000,10.756086159,3.922306060,30.830000000,1,-73.979525000,40.746782000
42911,2014-09-13 12:35:00+00:00,-74.011462000,40.709697000,-1.498112189,-2.998661553,9.000000000,1,-74.000575000,40.735827000
70670,2014-09-13 12:41:24+00:00,-73.863817000,40.769939000,10.887148231,3.839510870,37.330000000,2,-73.983994000,40.762657000
146594,2014-09-13 13:02:00+00:00,-73.999380000,40.738590000,-0.514076612,0.220211432,8.500000000,1,-73.994010000,40.756770000
46613,2014-09-13 13:18:00+00:00,-73.916950000,40.770700000,6.401911636,3.867270341,22.330000000,1,-73.950660000,40.783300000
23968,2014-09-13 13:27:32+00:00,-73.885262000,40.773096000,9.072828971,4.166745027,38.330000000,1,-73.991864000,40.768025000
124300,2014-09-13 14:34:00+00:00,-73.989010000,40.721547000,0.383297443,-1.661646736,7.500000000,4,-73.978913000,40.741242000
61675,2014-09-13 17:58:00+00:00,-73.999095000,40.761105000,-0.518515625,2.719812785,13.500000000,3,-73.999765000,40.734130000
161059,2014-09-13 18:34:15+00:00,-73.939693000,40.750885000,4.509107025,1.644205395,8.500000000,1,-73.961524000,40.761887000
13540,2014-09-13 18:58:31+00:00,-73.993733000,40.732866000,-0.029989819,-0.409742264,8.500000000,1,-73.991442000,40.748922000
91741,2014-09-13 23:18:00+00:00,-73.994557000,40.728350000,-0.093829412,-0.911846403,9.500000000,5,-73.984917000,40.747912000
25741,2014-09-13 23:23:00+00:00,-73.982380000,40.771160000,0.879391489,3.852221862,31.000000000,1,-73.983800000,40.668300000
37006,2014-09-14 00:26:00+00:00,-73.992090000,40.725180000,0.118542669,-1.261349419,8.500000000,1,-73.979410000,40.745650000
118365,2014-09-14 00:54:00+00:00,-74.001550000,40.727950000,-0.683868108,-0.962987895,7.000000000,1,-73.988250000,40.739480000
151016,2014-09-14 02:14:00+00:00,-74.007173000,40.743710000,-1.178505615,0.781096289,3.500000000,6,-74.000603000,40.742402000
49277,2014-09-14 04:01:45+00:00,-74.004200000,40.742396000,-0.925845340,0.638076355,5.000000000,2,-74.000215000,40.747755000
121744,2014-09-14 11:06:00+00:00,-73.835688000,40.745300000,13.297409762,1.135505504,33.500000000,1,-73.994412000,40.697862000
61480,2014-09-14 11:58:58+00:00,-74.010746000,40.709080000,-1.436859339,-3.066471576,23.000000000,3,-73.983640000,40.748071000
117881,2014-09-14 13:00:00+00:00,-73.955687000,40.772632000,3.130169302,4.042099196,12.000000000,2,-73.977557000,40.742697000
124823,2014-09-14 13:23:44+00:00,-74.005433000,40.739288000,-1.026038623,0.291886371,12.000000000,1,-74.009675000,40.702213000
57884,2014-09-14 13:24:00+00:00,-74.004690000,40.742040000,-0.966767966,0.598088646,34.500000000,4,-73.977800000,40.665890000
170271,2014-09-14 14:07:00+00:00,-73.976292000,40.756587000,1.412055103,2.240486120,4.500000000,1,-73.975925000,40.751412000
116844,2014-09-14 14:08:25+00:00,-73.971618000,40.792958000,1.759265290,6.282564057,3.500000000,2,-73.967723000,40.797424000
126893,2014-09-14 14:42:50+00:00,-74.010601000,40.717844000,-1.435569973,-2.093473032,7.000000000,3,-74.008245000,40.707895000
193298,2014-09-14 15:24:35+00:00,-73.785831000,40.642493000,17.664404137,-10.219794836,57.330000000,1,-73.982646000,40.756984000
65124,2014-09-14 15:32:15+00:00,-73.970572000,40.762079000,1.887740695,2.855787808,5.500000000,1,-73.974350000,40.761334000
27943,2014-09-14 15:41:07+00:00,-73.986081000,40.746244000,0.599008863,1.082744293,7.500000000,1,-73.985938000,40.756872000
48959,2014-09-14 16:01:00+00:00,-74.008132000,40.745842000,-1.262146771,1.016847976,20.000000000,1,-73.956220000,40.788202000
120798,2014-09-14 17:51:06+00:00,-73.999275000,40.734203000,-0.499659736,-0.266674970,15.000000000,1,-74.010431000,40.703084000
11636,2014-09-14 18:05:00+00:00,-74.016138000,40.711625000,-1.895497459,-2.789075998,17.500000000,2,-73.993640000,40.724550000
179840,2014-09-14 18:29:00+00:00,-73.979162000,40.776847000,1.143623989,4.486678164,12.500000000,5,-73.981767000,40.749472000
195477,2014-09-14 19:27:00+00:00,-73.969270000,40.757940000,2.003033427,2.397617736,9.500000000,3,-73.988980000,40.730690000
93021,2014-09-14 20:00:02+00:00,-74.007712000,40.740840000,-1.220411057,0.461991589,6.500000000,1,-73.999993000,40.730475000
12013,2014-09-14 20:48:22+00:00,-74.011148000,40.729055000,-1.495784266,-0.849497916,9.500000000,1,-74.010992000,40.703787000
16111,2014-09-14 20:56:18+00:00,-73.988570000,40.731452000,0.407793166,-0.561696339,12.000000000,1,-73.978840000,40.761824000
34661,2014-09-14 23:21:04+00:00,-74.008155000,40.722435000,-1.234734094,-1.581511455,6.500000000,2,-74.001286000,40.732769000
155471,2014-09-14 23:25:00+00:00,-73.991385000,40.762895000,0.129973610,2.925968014,11.000000000,1,-74.004875000,40.721302000
11757,2014-09-15 05:49:00+00:00,-73.791352000,40.645993000,17.192224513,-9.837702339,4.000000000,5,-73.805415000,40.651213000
47848,2014-09-15 07:56:00+00:00,-73.973217000,40.748433000,1.682212718,1.338364541,33.330000000,2,-73.861580000,40.768238000
125774,2014-09-15 08:09:00+00:00,-73.955530000,40.804330000,3.101510533,7.560993051,7.500000000,1,-73.937970000,40.797050000
133713,2014-09-15 08:31:00+00:00,-73.984835000,40.769767000,0.673994272,3.695187788,11.000000000,3,-73.975325000,40.751400000
40048,2014-09-15 09:11:21+00:00,-73.968883000,40.766591000,2.024415002,3.358328122,4.000000000,1,-73.967668000,40.761700000
199582,2014-09-15 12:13:54+00:00,-73.959625000,40.777174000,2.791853953,4.542348126,6.000000000,1,-73.967888000,40.765719000
121981,2014-09-15 12:23:22+00:00,-73.999163000,40.760794000,-0.523861485,2.685224014,10.500000000,1,-73.988654000,40.749913000
66664,2014-09-15 12:29:19+00:00,-73.985914000,40.758761000,0.597052333,2.472385713,55.500000000,1,-74.026605000,40.630425000
3696,2014-09-15 14:45:00+00:00,-73.980540000,40.764880000,1.042776559,3.156896829,11.500000000,2,-73.994810000,40.740280000
45016,2014-09-15 15:50:04+00:00,-73.974692000,40.758845000,1.544185902,2.492717781,10.500000000,1,-73.984229000,40.751360000
34208,2014-09-15 18:12:14+00:00,-73.982442000,40.745834000,0.906759957,1.040786665,8.500000000,1,-73.965697000,40.756139000
186822,2014-09-15 18:34:50+00:00,-73.971040000,40.767215000,1.841552780,3.425459592,17.500000000,1,-74.007331000,40.737497000
125735,2014-09-15 18:53:00+00:00,-74.002042000,40.719657000,-0.714954611,-1.884038750,5.500000000,2,-73.996482000,40.729557000
196426,2014-09-15 19:38:10+00:00,-73.980935000,40.774694000,0.996783200,4.245938727,9.000000000,1,-73.969519000,40.798694000
84955,2014-09-15 19:56:53+00:00,-73.968261000,40.765540000,2.078283498,3.242276228,12.500000000,1,-73.971467000,40.797788000
46139,2014-09-15 20:06:00+00:00,-73.977183000,40.764367000,1.326776865,3.103247515,7.500000000,6,-73.957617000,40.782515000
59605,2014-09-15 20:14:00+00:00,-73.970635000,40.756165000,1.890124412,2.199226974,7.000000000,1,-73.980095000,40.765937000
83868,2014-09-15 20:17:00+00:00,-73.948000000,40.770515000,3.781708569,3.814846630,8.500000000,6,-73.974635000,40.752227000
180360,2014-09-15 20:25:25+00:00,-73.969686000,40.763174000,1.961096425,2.978218863,10.500000000,1,-73.943309000,40.786870000
71073,2014-09-15 20:51:41+00:00,-73.946360000,40.800853000,3.879655667,7.184272568,13.500000000,1,-73.989033000,40.773663000
26925,2014-09-15 21:03:00+00:00,-73.975050000,40.762385000,1.509377187,2.885331379,7.500000000,1,-73.956772000,40.768150000
120249,2014-09-15 23:06:21+00:00,-73.989420000,40.762909000,0.295809866,2.929430495,5.000000000,1,-73.998532000,40.760732000
50084,2014-09-16 00:23:25+00:00,-73.982099000,40.731004000,0.954806512,-0.605112407,7.500000000,3,-73.984311000,40.716360000
5701,2014-09-16 03:50:00+00:00,-74.006733000,40.744287000,-1.142081930,0.845567628,4.500000000,2,-74.004615000,40.752067000
69592,2014-09-16 03:54:04+00:00,-73.985455000,40.719282000,0.686444901,-1.909614302,9.500000000,1,-73.953862000,40.707319000
86737,2014-09-16 08:08:22+00:00,-73.974826000,40.750208000,1.544075352,1.533814643,5.500000000,1,-73.966493000,40.761902000
12334,2014-09-16 08:44:57+00:00,-73.998363000,40.722779000,-0.408183555,-1.533938457,11.500000000,1,-73.991155000,40.695982000
128950,2014-09-16 11:50:05+00:00,-73.961645000,40.772590000,2.627417238,4.031468309,10.000000000,1,-73.970663000,40.761605000
19416,2014-09-16 13:28:00+00:00,-73.972835000,40.780657000,1.672584895,4.915850979,11.000000000,1,-73.979900000,40.765190000
175887,2014-09-16 13:29:07+00:00,-74.000207000,40.745149000,-0.592197056,0.947511022,11.500000000,2,-73.979253000,40.752411000
178196,2014-09-16 13:43:00+00:00,-73.989555000,40.739922000,0.313794167,0.377575055,10.500000000,1,-73.987595000,40.722500000
92876,2014-09-16 18:00:18+00:00,-74.008232000,40.735578000,-1.257716636,-0.122623056,8.000000000,1,-73.992466000,40.724073000
53920,2014-09-16 20:06:00+00:00,-74.004695000,40.752105000,-0.979859918,1.715370481,5.000000000,3,-73.994047000,40.751255000
83554,2014-09-16 22:35:45+00:00,-73.988485000,40.758436000,0.380451653,2.433803521,8.000000000,1,-73.975908000,40.765645000
180112,2014-09-17 00:31:10+00:00,-74.002935000,40.734139000,-0.808630942,-0.277295721,4.500000000,2,-74.005220000,40.739996000
138001,2014-09-17 07:51:00+00:00,-73.946752000,40.780455000,3.873784368,4.919529377,27.000000000,1,-74.013372000,40.714952000
115645,2014-09-17 10:13:00+00:00,-73.971215000,40.764028000,1.830931340,3.071505055,9.000000000,1,-73.955738000,40.782868000
5563,2014-09-17 11:33:20+00:00,-73.957884000,40.761389000,2.959584666,2.791834420,8.000000000,1,-73.974436000,40.757013000
40979,2014-09-17 13:23:00+00:00,-74.014460000,40.717215000,-1.760721621,-2.166960892,8.500000000,5,-74.006410000,40.739032000
137245,2014-09-17 13:43:00+00:00,-73.987683000,40.775787000,0.425924409,4.360676654,4.000000000,1,-73.982472000,40.778707000
54807,2014-09-17 13:51:27+00:00,-73.992594000,40.729653000,0.070282147,-0.765304397,11.500000000,1,-73.991586000,40.743783000
51137,2014-09-17 15:06:00+00:00,-73.973902000,40.763027000,1.605440540,2.957730744,20.500000000,1,-74.000012000,40.725310000
160372,2014-09-17 15:54:00+00:00,-73.979630000,40.739622000,1.152181147,0.353966234,5.000000000,2,-73.988810000,40.727092000
24010,2014-09-17 16:31:00+00:00,-73.963432000,40.766182000,2.485013457,3.318347171,11.500000000,1,-73.966375000,40.789275000
177186,2014-09-17 18:09:00+00:00,-73.990500000,40.756257000,0.213148547,2.189959785,14.500000000,5,-74.005747000,40.723032000
134007,2014-09-17 19:04:00+00:00,-73.988987000,40.730772000,0.373449257,-0.637586598,13.000000000,2,-73.989120000,40.752937000
135398,2014-09-17 21:45:00+00:00,-73.987115000,40.736760000,0.523861149,0.028945042,31.500000000,5,-73.914452000,40.745190000
155051,2014-09-18 03:10:06+00:00,-73.985128000,40.755590000,0.667469103,2.121148259,5.000000000,1,-73.997773000,40.760614000
71158,2014-09-18 06:35:00+00:00,-73.999620000,40.743607000,-0.540687803,0.776902748,8.500000000,1,-73.984385000,40.734647000
117987,2014-09-18 07:51:00+00:00,-73.958255000,40.772972000,2.913002550,4.077265121,3.500000000,2,-73.954722000,40.777860000
73357,2014-09-18 08:37:00+00:00,-73.958678000,40.763147000,2.890250131,2.986190192,18.000000000,2,-73.995573000,40.725207000
136001,2014-09-18 10:43:45+00:00,-73.985180000,40.741783000,0.680801272,0.588420456,11.500000000,1,-73.973401000,40.759337000
147560,2014-09-18 11:01:00+00:00,-73.958190000,40.760920000,2.934374520,2.739465137,30.830000000,6,-73.872660000,40.774280000
73565,2014-09-18 11:31:00+00:00,-73.979690000,40.760630000,1.120004072,2.685948726,21.000000000,1,-74.000497000,40.722095000
177577,2014-09-18 11:59:00+00:00,-73.967012000,40.769592000,2.178404183,3.693319783,8.000000000,1,-73.968973000,40.786022000
35053,2014-09-18 13:06:00+00:00,-73.988530000,40.779535000,0.349650292,4.775909257,23.500000000,1,-73.995205000,40.721547000
125102,2014-09-18 14:11:10+00:00,-73.995873000,40.726462000,-0.202566041,-1.122698981,73.600000000,1,-74.181503000,40.687688000
193745,2014-09-18 14:33:00+00:00,-73.979345000,40.735727000,1.181271696,-0.078126557,2.500000000,5,-73.979020000,40.736130000
153567,2014-09-18 14:52:00+00:00,-74.000957000,40.731887000,-0.638763018,-0.525384453,9.000000000,1,-73.999775000,40.721847000
66937,2014-09-18 15:45:22+00:00,-73.974258000,40.753225000,1.588111730,1.869284108,11.000000000,1,-73.999309000,40.728841000
140002,2014-09-18 17:00:05+00:00,-73.870772000,40.773628000,10.294904465,4.241441721,30.330000000,1,-73.949197000,40.781723000
125850,2014-09-18 17:39:14+00:00,-73.882053000,40.769079000,9.349324492,3.724271334,38.330000000,2,-73.980289000,40.755560000
132672,2014-09-18 17:56:00+00:00,-73.976315000,40.775910000,1.385086332,4.385463704,9.000000000,4,-73.964332000,40.767897000
116355,2014-09-18 18:37:50+00:00,-73.984363000,40.760774000,0.725384909,2.697357853,12.500000000,1,-74.007615000,40.743794000
55142,2014-09-18 20:54:00+00:00,-73.948835000,40.773690000,3.707015809,4.166451920,13.500000000,2,-73.983878000,40.780397000
75815,2014-09-18 20:54:43+00:00,-73.963054000,40.774985000,2.505366223,4.295925558,19.500000000,1,-73.984939000,40.720372000
131085,2014-09-18 21:02:41+00:00,-73.981420000,40.780618000,0.948218100,4.903073614,20.500000000,1,-74.015926000,40.711441000
110748,2014-09-18 21:14:04+00:00,-73.999797000,40.738021000,-0.548566298,0.156647216,8.000000000,1,-73.991573000,40.724557000
50955,2014-09-18 22:38:00+00:00,-73.967990000,40.759167000,2.109476979,2.535093860,24.500000000,1,-73.853892000,40.724797000
104093,2014-09-18 23:16:03+00:00,-73.783299000,40.648684000,17.868995489,-9.529595009,57.330000000,2,-74.001409000,40.733492000
44177,2014-09-18 23:21:37+00:00,-73.984681000,40.739634000,0.725691491,0.350353394,10.000000000,1,-73.992592000,40.730083000
101592,2014-09-18 23:25:00+00:00,-73.967450000,40.763117000,2.149897969,2.974109977,7.000000000,5,-73.982495000,40.764687000
130929,2014-09-19 00:53:00+00:00,-73.782113000,40.644695000,17.975403158,-9.971011984,36.500000000,1,-73.910965000,40.773190000
30699,2014-09-19 01:24:00+00:00,-73.989197000,40.665615000,0.438929597,-7.870627031,14.500000000,3,-73.949530000,40.693842000
187710,2014-09-19 03:03:35+00:00,-74.004023000,40.742574000,-0.911125421,0.658005154,13.500000000,1,-73.982033000,40.785321000
190446,2014-09-19 06:07:00+00:00,-73.983645000,40.749907000,0.799960131,1.491742400,57.330000000,1,-73.789857000,40.646932000
24150,2014-09-19 06:40:33+00:00,-73.950262000,40.784887000,3.571714768,5.407966430,4.000000000,1,-73.956987000,40.780202000
77113,2014-09-19 08:33:00+00:00,-73.985387000,40.768400000,0.629162925,3.542901440,4.000000000,1,-73.990120000,40.761842000
106435,2014-09-19 10:36:00+00:00,-73.979697000,40.786397000,1.086144971,5.546278237,6.000000000,5,-73.989912000,40.772372000
9138,2014-09-19 11:06:14+00:00,-73.996823000,40.725518000,-0.281596556,-1.228406377,9.000000000,1,-73.985638000,40.743950000
175731,2014-09-19 11:37:00+00:00,-73.986725000,40.770975000,0.512938005,3.827441010,18.500000000,1,-73.967135000,40.757012000
36598,2014-09-19 11:50:05+00:00,-73.974516000,40.753625000,1.565813428,1.913432535,15.500000000,1,-74.003535000,40.732130000
180706,2014-09-19 11:56:00+00:00,-73.977105000,40.787822000,1.302998511,5.707012199,4.500000000,1,-73.981798000,40.779822000
45629,2014-09-19 13:21:45+00:00,-73.958437000,40.772892000,2.897748734,4.068202115,5.500000000,2,-73.958089000,40.780640000
132019,2014-09-19 14:19:34+00:00,-73.963689000,40.777238000,2.448824539,4.545393029,7.500000000,2,-73.982187000,40.775767000
148141,2014-09-19 15:31:00+00:00,-73.863815000,40.769807000,10.887506799,3.824859961,24.000000000,1,-73.786275000,40.740685000
172759,2014-09-19 16:24:56+00:00,-73.787704000,40.642076000,17.506666485,-10.268269150,57.330000000,1,-73.976798000,40.746351000
115917,2014-09-19 16:29:00+00:00,-73.946678000,40.781687000,3.878386241,5.056366281,14.000000000,3,-73.982035000,40.765417000
120718,2014-09-19 16:38:23+00:00,-74.004036000,40.748054000,-0.919125541,1.266311534,6.000000000,1,-73.994879000,40.750185000
95634,2014-09-19 18:56:00+00:00,-73.987720000,40.738390000,0.470690189,0.209297270,10.000000000,2,-73.985490000,40.723570000
52124,2014-09-19 19:15:00+00:00,-73.959327000,40.771528000,2.824436397,3.915896056,6.500000000,5,-73.967625000,40.762900000
13122,2014-09-19 20:20:00+00:00,-73.974390000,40.741857000,1.591714736,0.607223116,3.500000000,2,-73.978578000,40.745282000
183456,2014-09-19 20:39:00+00:00,-73.961265000,40.761150000,2.674521455,2.761919766,8.500000000,1,-73.981680000,40.752157000
117558,2014-09-19 20:51:53+00:00,-74.006978000,40.705295000,-1.113818562,-3.483039167,17.500000000,1,-73.953431000,40.713178000
2696,2014-09-19 20:59:18+00:00,-74.006723000,40.735950000,-1.130765933,-0.079887974,10.000000000,1,-73.993946000,40.727497000
79139,2014-09-19 22:02:00+00:00,-73.986102000,40.730822000,0.617008407,-0.629226929,12.000000000,1,-74.001495000,40.744095000
32336,2014-09-19 22:20:00+00:00,-73.955102000,40.820250000,3.116546242,9.328680005,5.000000000,3,-73.957602000,40.811535000
17463,2014-09-19 22:31:00+00:00,-73.982027000,40.770085000,0.910567173,3.733234242,15.500000000,2,-73.994795000,40.725987000
138822,2014-09-19 22:33:00+00:00,-73.988132000,40.749305000,0.421935341,1.420539145,33.500000000,1,-73.915588000,40.868982000
64228,2014-09-19 22:48:42+00:00,-73.983884000,40.763187000,0.762713843,2.965687038,26.000000000,1,-73.987958000,40.719942000
88432,2014-09-19 23:40:29+00:00,-73.977399000,40.779475000,1.288996431,4.780139646,6.000000000,1,-73.975303000,40.793528000
140372,2014-09-19 23:53:00+00:00,-73.998752000,40.734870000,-0.456341816,-0.192129840,10.500000000,5,-73.972957000,40.753160000
45375,2014-09-20 01:14:57+00:00,-73.984233000,40.737322000,0.766487411,0.094142672,8.500000000,2,-73.962381000,40.763879000
194264,2014-09-20 01:32:00+00:00,-73.991632000,40.726287000,0.155810450,-1.138020838,6.500000000,6,-73.980845000,40.737832000
104648,2014-09-20 02:55:00+00:00,-73.984622000,40.751312000,0.715676777,1.646752960,21.000000000,2,-73.958858000,40.691957000
199595,2014-09-20 02:56:35+00:00,-73.967552000,40.761075000,2.143955998,2.747331174,4.500000000,1,-73.968868000,40.759670000
23840,2014-09-20 03:15:00+00:00,-73.986005000,40.757757000,0.590658944,2.360845498,6.500000000,2,-73.973905000,40.761062000
120206,2014-09-20 07:42:00+00:00,-73.974943000,40.787685000,1.485589947,5.693933988,21.000000000,4,-73.959680000,40.729725000
78728,2014-09-20 07:52:00+00:00,-73.981632000,40.732572000,0.992223194,-0.430596211,4.000000000,1,-73.974675000,40.741930000
124671,2014-09-20 08:12:06+00:00,-73.976911000,40.764029000,1.350171808,3.065994613,6.500000000,1,-73.955671000,40.766016000
32638,2014-09-20 08:21:32+00:00,-73.934503000,40.762427000,4.931687536,2.930762129,5.500000000,1,-73.940500000,40.750512000
31627,2014-09-20 09:27:32+00:00,-73.874440000,40.774002000,9.984825387,4.278980541,30.330000000,1,-73.950245000,40.784105000
36427,2014-09-20 09:51:00+00:00,-73.989215000,40.740585000,0.341654013,0.451503236,7.000000000,5,-73.973528000,40.755678000
90611,2014-09-20 11:09:00+00:00,-74.008547000,40.745382000,-1.296606631,0.965388881,5.500000000,3,-74.008177000,40.738187000
119914,2014-09-20 13:07:00+00:00,-73.991040000,40.754390000,0.169948599,1.982184852,8.500000000,1,-73.981700000,40.765250000
156942,2014-09-20 17:15:00+00:00,-73.976058000,40.758172000,1.429754508,2.416663389,10.500000000,1,-73.975287000,40.782355000
152332,2014-09-20 17:44:50+00:00,-74.002481000,40.739835000,-0.777479548,0.355435276,11.500000000,1,-73.984400000,40.769655000
140241,2014-09-20 18:15:00+00:00,-73.990105000,40.756722000,0.245897466,2.241961853,26.000000000,4,-73.996877000,40.709510000
92169,2014-09-20 20:01:54+00:00,-73.981201000,40.752979000,1.002325430,1.835149055,17.000000000,2,-74.001019000,40.728039000
194123,2014-09-20 20:25:46+00:00,-74.008090000,40.711282000,-1.215261667,-2.819505316,17.500000000,2,-73.969112000,40.753560000
163482,2014-09-20 20:41:02+00:00,-73.945856000,40.777872000,3.952836728,4.633703944,23.500000000,1,-73.996032000,40.716507000
97643,2014-09-20 21:22:00+00:00,-73.986828000,40.762737000,0.514805872,2.912860197,14.500000000,1,-74.003278000,40.731742000
161833,2014-09-20 21:31:00+00:00,-74.001150000,40.731100000,-0.654066695,-0.612932268,6.500000000,1,-73.990380000,40.746440000
28588,2014-09-20 21:55:51+00:00,-73.975866000,40.781593000,1.415610653,5.016763622,6.000000000,2,-73.983124000,40.767886000
46136,2014-09-20 22:13:07+00:00,-73.983634000,40.771053000,0.773699375,3.839117200,15.500000000,1,-73.988552000,40.731352000
6510,2014-09-20 23:30:00+00:00,-74.007540000,40.707372000,-1.163899476,-3.253015527,3.000000000,1,-74.009985000,40.704652000
175356,2014-09-21 00:02:00+00:00,-73.989192000,40.745067000,0.337866621,0.949059488,14.500000000,1,-73.999918000,40.716717000
113402,2014-09-21 01:09:00+00:00,-73.979160000,40.723790000,1.212299254,-1.403034570,14.000000000,1,-74.003620000,40.741890000
134724,2014-09-21 02:02:00+00:00,-73.965448000,40.769310000,2.310768318,3.663570965,12.500000000,1,-73.975525000,40.732932000
81803,2014-09-21 02:21:07+00:00,-73.999824000,40.734553000,-0.546460144,-0.228350822,6.000000000,1,-73.984657000,40.739030000
164126,2014-09-21 02:35:20+00:00,-73.914095000,40.685660000,6.759608287,-5.569807018,24.000000000,1,-73.914095000,40.685660000
35261,2014-09-21 02:52:00+00:00,-74.000917000,40.739182000,-0.644600908,0.284449459,6.500000000,2,-73.987360000,40.733122000
91493,2014-09-21 04:36:50+00:00,-73.931867000,40.765154000,5.150493792,3.236185584,15.500000000,3,-73.932212000,40.744976000
168743,2014-09-21 08:16:30+00:00,-73.980314000,40.744240000,1.088473603,0.865926155,6.500000000,1,-73.986410000,40.730211000
83768,2014-09-21 11:43:00+00:00,-73.965118000,40.772110000,2.334952449,3.974721174,4.500000000,1,-73.955885000,40.772797000
45759,2014-09-21 14:02:00+00:00,-73.998220000,40.745270000,-0.424594763,0.962855601,25.500000000,1,-73.964790000,40.717470000
151527,2014-09-21 14:06:03+00:00,-73.969217000,40.763387000,2.000404068,3.002328423,8.500000000,1,-73.953430000,40.785228000
174616,2014-09-21 15:55:00+00:00,-73.963065000,40.777992000,2.500492008,4.629715279,20.000000000,1,-73.973127000,40.761437000
56416,2014-09-21 16:34:35+00:00,-73.964730000,40.770081000,2.370354760,3.749872758,4.000000000,1,-73.960872000,40.776161000
98245,2014-09-21 17:52:00+00:00,-73.885438000,40.728340000,9.121071957,-0.801709771,52.000000000,1,-73.971773000,40.749697000
7534,2014-09-21 17:56:00+00:00,-74.008302000,40.736107000,-1.264290679,-0.063967182,20.000000000,1,-73.999847000,40.720457000
182141,2014-09-21 18:16:50+00:00,-73.866201000,40.770684000,10.684879916,3.919609000,42.830000000,1,-73.985911000,40.777320000
40246,2014-09-21 18:57:44+00:00,-73.978698000,40.762238000,1.201658236,2.865422915,14.000000000,1,-74.004640000,40.742180000
35292,2014-09-21 19:28:00+00:00,-73.986653000,40.739727000,0.559069262,0.358753128,9.500000000,1,-73.960857000,40.760787000
164613,2014-09-21 19:43:00+00:00,-73.980270000,40.748650000,1.086500936,1.355511191,28.000000000,6,-73.935940000,40.697250000
189416,2014-09-21 22:45:00+00:00,-73.866443000,40.771397000,10.663433643,3.998493991,34.330000000,5,-73.995267000,40.755522000
13958,2014-09-22 00:37:48+00:00,-73.990593000,40.686922000,0.293767760,-5.506780841,4.500000000,1,-73.998015000,40.691182000
176891,2014-09-22 07:12:40+00:00,-73.991694000,40.738343000,0.135204806,0.200218295,10.000000000,1,-74.013509000,40.715228000
160213,2014-09-22 07:14:00+00:00,-73.973957000,40.750475000,1.617090059,1.564310891,13.500000000,2,-73.994133000,40.751217000
175826,2014-09-22 07:30:00+00:00,-73.956345000,40.768097000,3.080628275,3.538017976,5.000000000,1,-73.962307000,40.773010000
94159,2014-09-22 09:31:00+00:00,-73.956470000,40.781347000,3.052581260,5.008746912,9.000000000,1,-73.967742000,40.768647000
11403,2014-09-22 14:17:45+00:00,-73.964105000,40.771075000,2.421798822,3.860837116,4.500000000,1,-73.966822000,40.770828000
144299,2014-09-22 15:51:00+00:00,-74.004900000,40.751910000,-0.996920116,1.693527834,12.500000000,1,-73.979310000,40.752950000
22399,2014-09-22 17:50:00+00:00,-74.000782000,40.731840000,-0.623926057,-0.530433607,7.500000000,1,-73.995093000,40.749897000
93625,2014-09-22 18:26:00+00:00,-73.991157000,40.735040000,0.184759997,-0.165916866,15.500000000,6,-73.978328000,40.762627000
163119,2014-09-22 18:45:19+00:00,-73.997045000,40.762607000,-0.347388360,2.888521731,11.000000000,1,-74.008195000,40.737453000
86718,2014-09-22 18:51:00+00:00,-73.959513000,40.769300000,2.811672583,3.668384517,5.500000000,1,-73.950255000,40.775705000
155764,2014-09-22 19:51:00+00:00,-73.975212000,40.751902000,1.509293366,1.721480514,11.000000000,1,-73.980530000,40.723225000
166195,2014-09-22 21:26:34+00:00,-73.983285000,40.770390000,0.804005782,3.765860406,9.500000000,1,-73.954736000,40.770685000
126936,2014-09-22 22:00:00+00:00,-73.976142000,40.781072000,1.392996749,4.958656608,12.500000000,1,-73.949067000,40.821707000
146323,2014-09-22 22:00:00+00:00,-73.992685000,40.763307000,0.019723167,2.970442598,6.000000000,6,-73.980598000,40.760612000
30354,2014-09-23 00:28:16+00:00,-73.999947000,40.733178000,-0.555107624,-0.381103615,8.000000000,1,-73.975143000,40.733097000
14257,2014-09-23 00:30:00+00:00,-73.992115000,40.748997000,0.086077745,1.382479904,6.000000000,5,-74.004332000,40.734777000
128413,2014-09-23 06:45:48+00:00,-73.960642000,40.775623000,2.708073244,4.369157498,5.000000000,1,-73.960965000,40.769970000
69617,2014-09-23 07:11:04+00:00,-73.969837000,40.768504000,1.941404345,3.569739966,6.000000000,1,-73.981720000,40.773243000
69306,2014-09-23 11:15:12+00:00,-73.956156000,40.769345000,3.094931098,3.676745444,9.500000000,1,-73.979904000,40.780298000
175086,2014-09-23 12:37:19+00:00,-73.993851000,40.766778000,-0.083109976,3.354620467,38.500000000,1,-73.885505000,40.773174000
148779,2014-09-23 14:58:00+00:00,-73.992652000,40.749327000,0.040322828,1.418591821,16.000000000,5,-73.985160000,40.767015000
80935,2014-09-23 15:17:00+00:00,-73.987000000,40.739347000,0.530257621,0.316232289,4.500000000,2,-73.990587000,40.740080000
180416,2014-09-23 15:32:02+00:00,-73.975175000,40.745708000,1.520445426,1.033937774,16.500000000,1,-73.966928000,40.769905000
142387,2014-09-23 15:42:18+00:00,-73.965444000,40.771853000,2.307776909,3.945867672,7.000000000,1,-73.953637000,40.771177000
30078,2014-09-23 16:56:46+00:00,-73.993145000,40.767821000,-0.024852838,3.471084911,6.000000000,1,-73.982757000,40.768026000
102462,2014-09-23 17:01:43+00:00,-74.005192000,40.706386000,-0.964314258,-3.360224184,15.500000000,1,-73.993213000,40.732388000
183172,2014-09-23 19:22:00+00:00,-74.002125000,40.749380000,-0.759466951,1.415339505,4.500000000,2,-74.002027000,40.744315000
136196,2014-09-23 20:28:13+00:00,-73.997870000,40.724278000,-0.368446273,-1.367064365,11.000000000,1,-74.016443000,40.711172000
36990,2014-09-23 21:03:00+00:00,-73.963825000,40.773897000,2.441728961,4.174380196,9.000000000,4,-73.947498000,40.804507000
60998,2014-09-23 22:29:13+00:00,-73.980005000,40.762312000,1.091245377,2.872354242,7.000000000,1,-73.983503000,40.753832000
108638,2014-09-23 22:43:00+00:00,-73.994305000,40.750922000,-0.101254464,1.594047986,9.000000000,1,-73.974055000,40.743982000
97506,2014-09-23 23:41:36+00:00,-73.940934000,40.679964000,4.499276820,-6.229776976,29.000000000,1,-73.990147000,40.761577000
159091,2014-09-24 04:31:00+00:00,-73.986975000,40.761047000,0.504564339,2.725114291,20.000000000,1,-73.944952000,40.834937000
104729,2014-09-24 04:41:42+00:00,-73.939958000,40.798155000,4.423325657,6.891281657,11.000000000,2,-73.923132000,40.808622000
35808,2014-09-24 06:13:00+00:00,-73.990427000,40.756302000,0.219253194,2.195026006,5.000000000,1,-73.986655000,40.766527000
191650,2014-09-24 07:57:00+00:00,-74.008250000,40.721787000,-1.241944971,-1.653534368,5.500000000,1,-74.013438000,40.715627000
153372,2014-09-24 09:55:00+00:00,-73.929162000,40.768237000,5.374622787,3.581205831,10.000000000,1,-73.909287000,40.770252000
89039,2014-09-24 09:58:01+00:00,-73.994471000,40.750614000,-0.114876342,1.559697187,16.500000000,1,-73.974342000,40.753312000
86141,2014-09-24 10:22:00+00:00,-73.991800000,40.759950000,0.098702191,2.598648508,16.500000000,1,-73.962133000,40.805300000
64837,2014-09-24 11:10:00+00:00,-73.985667000,40.759252000,0.617271413,2.527131338,20.500000000,6,-74.014338000,40.704265000
2555,2014-09-24 13:02:00+00:00,-73.965913000,40.765172000,2.276938270,3.203758458,18.500000000,1,-73.980517000,40.765292000
177034,2014-09-24 13:28:23+00:00,-73.969421000,40.767120000,1.978318252,3.416517670,4.500000000,1,-73.966384000,40.763043000
159188,2014-09-24 17:10:00+00:00,-73.965520000,40.795482000,2.270424782,6.568800089,23.500000000,6,-73.978610000,40.741082000
7387,2014-09-24 17:48:00+00:00,-73.990517000,40.742102000,0.229786477,0.618635973,7.500000000,2,-74.007687000,40.731817000
2625,2014-09-24 19:07:00+00:00,-74.001630000,40.751167000,-0.719935002,1.614184593,11.500000000,5,-73.975123000,40.787575000
31087,2014-09-24 19:13:16+00:00,-73.983735000,40.749591000,0.792768457,1.456576120,5.000000000,1,-73.992388000,40.742822000
40708,2014-09-24 19:21:46+00:00,-73.956039000,40.819001000,3.039179036,9.189088426,8.500000000,1,-73.971216000,40.795634000
34496,2014-09-24 19:45:57+00:00,-73.992792000,40.751852000,0.025287128,1.698749464,4.500000000,1,-73.997523000,40.756572000
105523,2014-09-24 20:02:00+00:00,-73.999202000,40.734235000,-0.493536079,-0.263052484,10.000000000,1,-73.977527000,40.763855000
136998,2014-09-24 20:06:00+00:00,-73.992547000,40.743452000,0.056672684,0.766526473,9.500000000,6,-74.002787000,40.760432000
36582,2014-09-24 20:37:00+00:00,-73.987075000,40.754280000,0.504794687,1.973829747,7.000000000,1,-73.992393000,40.741042000
174654,2014-09-24 21:30:00+00:00,-73.976033000,40.786217000,1.395526255,5.529899861,3.500000000,1,-73.970625000,40.789093000
140933,2014-09-24 22:55:00+00:00,-74.005305000,40.728392000,-1.001527329,-0.917521979,8.500000000,1,-74.004327000,40.742187000
11225,2014-09-25 05:39:00+00:00,-73.982320000,40.745572000,0.917397113,1.011822193,81.330000000,1,-74.183045000,40.687900000
21534,2014-09-25 05:40:39+00:00,-73.950537000,40.771258000,3.566612621,3.894761046,57.330000000,1,-73.783341000,40.643818000
60459,2014-09-25 07:10:00+00:00,-73.945183000,40.778662000,4.008573485,4.722082995,14.000000000,4,-73.977152000,40.761012000
105261,2014-09-25 07:54:00+00:00,-73.945915000,40.775650000,3.950822066,4.386984392,9.000000000,1,-73.965082000,40.771562000
40034,2014-09-25 08:29:00+00:00,-74.001490000,40.751530000,-0.708574805,1.654614665,11.500000000,2,-74.011710000,40.714280000
161108,2014-09-25 09:53:20+00:00,-73.978460000,40.762992000,1.220772166,2.949356449,8.500000000,1,-73.962206000,40.767481000
112456,2014-09-25 11:08:26+00:00,-73.872979000,40.774016000,10.108100043,4.282117700,54.000000000,1,-74.009648000,40.704386000
195300,2014-09-25 11:41:00+00:00,-73.994005000,40.729032000,-0.048081604,-0.835605812,10.500000000,5,-74.003240000,40.743927000
59590,2014-09-25 12:44:00+00:00,-74.016907000,40.708330000,-1.956360309,-3.155569271,6.000000000,3,-74.008600000,40.719272000
20753,2014-09-25 14:11:00+00:00,-73.996145000,40.738105000,-0.240314150,0.169491510,12.500000000,1,-73.980617000,40.742432000
62794,2014-09-25 14:49:42+00:00,-73.981955000,40.778407000,0.905922555,4.657111165,16.500000000,1,-73.944389000,40.775510000
104410,2014-09-25 15:03:00+00:00,-73.871212000,40.773782000,10.257552420,4.258059099,37.330000000,2,-73.974808000,40.790622000
92696,2014-09-25 15:20:00+00:00,-73.948820000,40.781832000,3.697450227,5.070294048,5.000000000,1,-73.955605000,40.779542000
170625,2014-09-25 15:21:10+00:00,-73.984638000,40.754204000,0.710611822,1.967770516,9.000000000,1,-73.973791000,40.752785000
175030,2014-09-25 15:23:59+00:00,-73.986748000,40.739823000,0.550925076,0.369317217,10.000000000,1,-73.978429000,40.751173000
44788,2014-09-25 15:58:58+00:00,-73.944199000,40.795519000,4.069079659,6.594346839,10.500000000,1,-73.940596000,40.822321000
126068,2014-09-25 16:16:00+00:00,-73.970867000,40.757397000,1.868936776,2.335758485,36.330000000,1,-73.885193000,40.772327000
20720,2014-09-25 18:22:04+00:00,-73.985603000,40.759275000,0.622644059,2.529746957,5.500000000,2,-73.992150000,40.764374000
106168,2014-09-25 19:27:23+00:00,-73.989350000,40.740680000,0.330134227,0.461917668,6.000000000,1,-73.994410000,40.745888000
89693,2014-09-25 19:46:55+00:00,-73.972597000,40.764424000,1.713771942,3.114097284,8.500000000,1,-73.954298000,40.770287000
149949,2014-09-25 19:51:05+00:00,-73.996555000,40.725214000,-0.258577944,-1.261893825,10.000000000,2,-73.975828000,40.744706000
129803,2014-09-25 20:00:00+00:00,-73.978445000,40.749908000,1.238946066,1.496950035,11.000000000,3,-73.991368000,40.723665000
178395,2014-09-25 20:01:49+00:00,-73.965357000,40.806171000,2.270173369,7.755530290,12.500000000,1,-73.956459000,40.776421000
127340,2014-09-25 21:39:14+00:00,-73.980044000,40.735923000,1.121996362,-0.057055140,9.000000000,1,-73.980044000,40.735923000
41241,2014-09-25 22:37:00+00:00,-73.988702000,40.759025000,0.361381198,2.498975769,10.000000000,4,-73.973525000,40.784595000
182508,2014-09-25 23:43:00+00:00,-73.947440000,40.775542000,3.822273949,4.373450214,7.000000000,1,-73.960850000,40.757147000
125947,2014-09-26 00:05:52+00:00,-73.975228000,40.751303000,1.508719097,1.654971339,5.000000000,1,-73.989797000,40.757459000
15293,2014-09-26 00:25:00+00:00,-73.965730000,40.753940000,2.307079946,1.957103718,6.000000000,1,-73.949990000,40.771970000
103062,2014-09-26 05:47:35+00:00,-73.947453000,40.747950000,3.857918745,1.310512955,19.500000000,1,-73.919475000,40.702872000
177097,2014-09-26 07:43:38+00:00,-73.994375000,40.726863000,-0.076569413,-1.076737510,11.000000000,1,-73.976503000,40.753807000
63906,2014-09-26 10:17:00+00:00,-73.992787000,40.745892000,0.033301715,1.037151336,7.500000000,6,-74.003470000,40.731842000
129543,2014-09-26 12:11:13+00:00,-73.961337000,40.771669000,2.654620461,3.929537827,8.000000000,1,-73.956420000,40.787019000
93236,2014-09-26 12:51:00+00:00,-74.004375000,40.722205000,-0.915203709,-1.603430375,14.000000000,1,-73.988020000,40.749480000
50066,2014-09-26 14:39:53+00:00,-73.984245000,40.749069000,0.750384370,1.398131913,5.500000000,2,-73.992883000,40.736796000
121309,2014-09-26 18:18:00+00:00,-73.975902000,40.748860000,1.454985198,1.383116297,23.830000000,1,-73.944052000,40.712405000
86644,2014-09-26 19:23:00+00:00,-73.980115000,40.775442000,1.065016998,4.329776749,14.000000000,1,-73.966868000,40.761152000
18424,2014-09-26 19:41:00+00:00,-73.991133000,40.756213000,0.159771556,2.184460976,11.500000000,6,-73.980270000,40.741747000
72768,2014-09-26 20:33:00+00:00,-73.991300000,40.760250000,0.140523302,2.632435769,19.500000000,6,-73.981500000,40.724510000
12955,2014-09-26 21:13:00+00:00,-73.989938000,40.764815000,0.249652838,3.140507366,18.500000000,1,-74.010455000,40.713927000
138153,2014-09-26 22:49:18+00:00,-73.997855000,40.737007000,-0.383307444,0.045956201,4.500000000,2,-74.005798000,40.740098000
177830,2014-09-26 23:45:00+00:00,-73.982932000,40.735572000,0.878589925,-0.098847752,6.000000000,5,-73.983555000,40.743922000
92328,2014-09-27 00:02:00+00:00,-73.991910000,40.725660000,0.133132286,-1.207891664,9.500000000,1,-73.991750000,40.744210000
106030,2014-09-27 00:39:00+00:00,-74.004530000,40.742240000,-0.953510865,0.620443236,11.000000000,4,-73.981100000,40.764440000
26458,2014-09-27 00:39:20+00:00,-73.987249000,40.733335000,0.516932456,-0.351384400,14.500000000,2,-73.944467000,40.794005000
25475,2014-09-27 00:42:00+00:00,-73.965690000,40.763030000,2.298562789,2.966201960,19.500000000,1,-73.940783000,40.833952000
9946,2014-09-27 02:06:00+00:00,-73.990097000,40.751657000,0.253043050,1.679717532,28.000000000,1,-73.923482000,40.836345000
165927,2014-09-27 07:13:08+00:00,-73.982937000,40.731574000,0.883309032,-0.542658528,9.000000000,1,-73.983920000,40.747167000
97092,2014-09-27 08:51:00+00:00,-73.991207000,40.745192000,0.167587328,0.960978236,4.000000000,1,-73.993995000,40.749952000
199596,2014-09-27 09:32:49+00:00,-74.009226000,40.716841000,-1.318179955,-2.203503335,25.500000000,2,-74.013806000,40.628776000
58455,2014-09-27 09:48:38+00:00,-74.013499000,40.708025000,-1.668095866,-3.186198666,19.000000000,1,-73.980253000,40.758251000
177294,2014-09-27 10:05:00+00:00,-73.954650000,40.773390000,3.216681081,4.127285481,9.000000000,1,-73.975300000,40.752100000
108207,2014-09-27 11:28:00+00:00,-73.776790000,40.645472000,18.424287029,-9.878513703,20.500000000,1,-73.834905000,40.683152000
141339,2014-09-27 11:30:00+00:00,-74.017105000,40.705607000,-1.969703791,-3.458026605,44.500000000,1,-73.949648000,40.822450000
30971,2014-09-27 12:36:00+00:00,-74.012687000,40.701807000,-1.591745766,-3.875665106,7.500000000,1,-73.997083000,40.714607000
135098,2014-09-27 13:08:26+00:00,-73.965758000,40.762719000,2.293230248,2.931610937,5.000000000,1,-73.954681000,40.775584000
80264,2014-09-27 14:44:00+00:00,-73.964985000,40.791765000,2.320429289,6.156715269,10.500000000,1,-73.990450000,40.771667000
127231,2014-09-27 14:52:00+00:00,-73.885975000,40.772397000,9.013643114,4.088385891,36.330000000,1,-73.972187000,40.750640000
188208,2014-09-27 15:46:00+00:00,-73.983625000,40.726052000,0.832307318,-1.156311309,13.000000000,1,-74.006482000,40.738157000
61052,2014-09-27 16:51:00+00:00,-73.977833000,40.754627000,1.284510217,2.021395267,13.000000000,5,-73.971362000,40.781787000
78276,2014-09-27 17:52:37+00:00,-73.978893000,40.753561000,1.196407549,1.902019712,11.500000000,1,-73.955698000,40.776383000
107539,2014-09-27 18:45:10+00:00,-73.952236000,40.725381000,3.484023709,-1.199639850,22.000000000,1,-73.977922000,40.686811000
183741,2014-09-27 19:04:45+00:00,-73.971239000,40.751050000,1.845795242,1.630826187,5.000000000,1,-73.970394000,40.755922000
48894,2014-09-27 20:54:43+00:00,-73.992298000,40.754947000,0.063044649,2.042795768,11.500000000,1,-73.981018000,40.733863000
179089,2014-09-27 22:02:00+00:00,-73.978595000,40.762842000,1.209571451,2.932572665,41.000000000,2,-73.741487000,40.752950000
191379,2014-09-27 23:11:07+00:00,-74.015377000,40.708798000,-1.827698859,-3.102170702,13.500000000,1,-73.999591000,40.754776000
139667,2014-09-28 00:30:50+00:00,-73.999938000,40.732966000,-0.554079584,-0.404628417,14.000000000,1,-73.963786000,40.757175000
23930,2014-09-28 01:20:45+00:00,-73.982249000,40.757224000,0.908391664,2.305348888,5.500000000,2,-73.970636000,40.757495000
154713,2014-09-28 03:02:00+00:00,-73.934017000,40.706317000,5.048336859,-3.297356354,13.000000000,1,-73.987862000,40.718567000
143813,2014-09-28 04:28:19+00:00,-74.002754000,40.733710000,-0.792806282,-0.324744082,2.500000000,1,-73.929833000,40.812054000
46298,2014-09-28 09:59:00+00:00,-73.985930000,40.754290000,0.601437111,1.976056072,38.330000000,1,-73.865920000,40.771100000
155658,2014-09-28 10:37:09+00:00,-73.982312000,40.777016000,0.877588766,4.502349730,10.500000000,1,-73.978591000,40.752350000
74457,2014-09-28 10:43:49+00:00,-73.988424000,40.722669000,0.431354194,-1.536527243,86.500000000,1,-74.177050000,40.695016000
158195,2014-09-28 10:53:00+00:00,-73.982088000,40.746070000,0.936342861,1.067330907,8.000000000,1,-73.998012000,40.724035000
82930,2014-09-28 12:35:12+00:00,-73.978823000,40.772370000,1.178016445,3.990029387,13.500000000,1,-74.008020000,40.739010000
157212,2014-09-28 13:07:23+00:00,-73.986515000,40.745948000,0.562747716,1.049462994,32.330000000,1,-73.872675000,40.774456000
98450,2014-09-28 14:17:33+00:00,-73.972104000,40.765473000,1.754018042,3.231031636,14.500000000,2,-74.007674000,40.740937000
177361,2014-09-28 14:37:00+00:00,-73.990005000,40.748817000,0.264437538,1.364546317,7.000000000,5,-73.979218000,40.736265000
42643,2014-09-28 14:43:00+00:00,-74.005457000,40.716655000,-0.999607594,-2.220552465,52.000000000,1,-73.776410000,40.645977000
196897,2014-09-28 14:43:00+00:00,-73.988910000,40.736720000,0.372347472,0.022757600,14.000000000,4,-73.953390000,40.776800000
80915,2014-09-28 16:15:00+00:00,-73.951913000,40.773955000,3.446909932,4.192760979,4.000000000,1,-73.945582000,40.781945000
179044,2014-09-28 17:05:00+00:00,-73.985220000,40.723580000,0.700779532,-1.432278030,11.000000000,1,-73.982837000,40.749977000
166591,2014-09-28 18:10:00+00:00,-74.000067000,40.721620000,-0.550629650,-1.664235293,12.000000000,1,-73.978772000,40.750755000
18960,2014-09-28 18:43:00+00:00,-73.961130000,40.801580000,2.632757727,7.250107331,9.500000000,2,-73.984650000,40.768330000
3950,2014-09-28 18:59:00+00:00,-73.782227000,40.644645000,17.965840800,-9.976695782,52.000000000,1,-73.980580000,40.721537000
196678,2014-09-28 19:13:41+00:00,-73.978058000,40.753029000,1.267582610,1.843784273,4.000000000,1,-73.980027000,40.746389000
28513,2014-09-29 08:53:39+00:00,-73.952281000,40.787185000,3.398311165,5.661026002,6.000000000,1,-73.956070000,40.776400000
116235,2014-09-29 09:50:00+00:00,-73.956852000,40.780657000,3.021258709,4.931767963,4.500000000,1,-73.962705000,40.772632000
43529,2014-09-29 11:34:33+00:00,-73.971086000,40.763939000,1.841935157,3.061753051,7.000000000,1,-73.957096000,40.769980000
118212,2014-09-29 12:09:00+00:00,-73.995255000,40.740307000,-0.167964281,0.414788666,10.000000000,5,-73.983822000,40.751222000
83927,2014-09-29 12:11:56+00:00,-73.873066000,40.774171000,10.100537018,4.299229666,33.000000000,1,-73.789774000,40.647107000
130339,2014-09-29 12:42:35+00:00,-73.975717000,40.756752000,1.460378319,2.259368726,10.500000000,1,-73.982399000,40.771488000
81471,2014-09-29 13:29:00+00:00,-73.947875000,40.770312000,3.792528161,3.792438547,13.000000000,1,-73.979005000,40.753287000
106526,2014-09-29 14:49:12+00:00,-73.952900000,40.776724000,3.359947539,4.499147185,7.500000000,1,-73.962766000,40.762690000
7834,2014-09-29 14:49:26+00:00,-73.983736000,40.721465000,0.828826200,-1.665607940,31.000000000,1,-73.872381000,40.774294000
94685,2014-09-29 18:46:00+00:00,-74.015402000,40.709762000,-1.831010167,-2.995184248,16.500000000,5,-73.975100000,40.741357000
32292,2014-09-29 18:52:00+00:00,-74.007450000,40.715620000,-1.166643080,-2.337348540,22.500000000,1,-73.989180000,40.777660000
30968,2014-09-29 19:01:49+00:00,-74.006503000,40.732562000,-1.107933591,-0.455769040,9.500000000,1,-73.994733000,40.746495000
110406,2014-09-29 20:32:35+00:00,-73.994027000,40.751452000,-0.078460275,1.653150793,14.000000000,1,-73.993183000,40.719679000
10273,2014-09-29 20:40:51+00:00,-73.987341000,40.756325000,0.479720703,2.200580654,5.500000000,1,-73.999377000,40.738636000
161961,2014-09-29 22:31:31+00:00,-73.976462000,40.760640000,1.392457128,2.690232031,11.500000000,1,-74.005338000,40.736534000
145746,2014-09-30 00:49:03+00:00,-73.966426000,40.804814000,2.181779801,7.603828238,9.000000000,1,-73.977352000,40.779252000
189186,2014-09-30 04:08:07+00:00,-73.886447000,40.747452000,9.008951445,1.318785911,5.500000000,1,-73.900229000,40.749865000
39675,2014-09-30 08:13:00+00:00,-73.958852000,40.815325000,2.806797095,8.778198618,18.000000000,1,-73.995605000,40.761262000
179222,2014-09-30 08:25:31+00:00,-73.989665000,40.752236000,0.288771860,1.744410492,6.500000000,1,-73.977373000,40.755459000
15410,2014-09-30 08:54:00+00:00,-73.968022000,40.755527000,2.111527787,2.130994806,6.000000000,1,-73.978608000,40.752607000
162547,2014-09-30 09:47:14+00:00,-73.966183000,40.762185000,2.258056783,2.871910134,3.000000000,1,-73.963112000,40.766335000
111717,2014-09-30 10:28:00+00:00,-73.988840000,40.744750000,0.367990203,0.914212514,10.500000000,1,-73.975910000,40.757630000
99633,2014-09-30 11:48:00+00:00,-73.960375000,40.781387000,2.723021132,5.009274218,5.000000000,3,-73.951830000,40.779477000
182361,2014-09-30 11:58:00+00:00,-73.954894000,40.789106000,3.175301774,5.871642039,17.000000000,1,-73.975514000,40.761371000
111216,2014-09-30 13:04:50+00:00,-74.015702000,40.711520000,-1.858538402,-2.800319050,12.000000000,1,-74.005606000,40.711051000
152672,2014-09-30 13:59:00+00:00,-73.976415000,40.788623000,1.360177815,5.796608894,4.500000000,1,-73.976065000,40.782300000
14967,2014-09-30 14:03:00+00:00,-73.985178000,40.757942000,0.660229071,2.382188846,8.500000000,1,-74.005037000,40.741315000
165603,2014-09-30 14:20:21+00:00,-73.975525000,40.732972000,1.507395766,-0.380193871,10.000000000,3,-73.958578000,40.759802000
155765,2014-09-30 15:16:59+00:00,-73.970168000,40.765552000,1.917315372,3.241717367,12.500000000,1,-73.975698000,40.792098000
8847,2014-09-30 16:43:26+00:00,-73.962180000,40.767613000,2.588803316,3.478448386,5.500000000,2,-73.953327000,40.781433000
32085,2014-09-30 19:25:51+00:00,-74.007778000,40.743680000,-1.229547127,0.777188509,5.500000000,1,-73.993377000,40.743147000
4507,2014-09-30 20:22:00+00:00,-73.980640000,40.750592000,1.052760904,1.570724489,10.500000000,1,-73.956800000,40.783370000
181147,2014-09-30 21:10:12+00:00,-73.973382000,40.758758000,1.654875126,2.484352981,5.500000000,1,-73.975726000,40.752431000
148682,2014-09-30 21:29:00+00:00,-73.985093000,40.763492000,0.660278018,2.998363289,6.500000000,1,-73.978423000,40.753917000
43273,2014-09-30 23:57:00+00:00,-74.005017000,40.737382000,-0.988516032,0.080705153,22.000000000,1,-73.936357000,40.814472000
